,ID,NoEssai,NoBloc,ID_bl,NoTraitement,test_type
0,1-1-1,1,1,1-1,1,N
1,1-1-2,1,1,1-1,2,N
2,1-1-3,1,1,1-1,3,N
3,1-1-4,1,1,1-1,4,N
4,1-1-5,1,1,1-1,5,N
5,1-1-6,1,1,1-1,6,N
6,1-1-7,1,1,1-1,7,N
7,1-1-8,1,1,1-1,8,N
8,1-2-1,1,2,1-2,1,N
9,1-2-2,1,2,1-2,2,N
10,1-2-3,1,2,1-2,3,N
11,1-2-4,1,2,1-2,4,N
12,1-2-5,1,2,1-2,5,N
13,1-2-6,1,2,1-2,6,N
14,1-2-7,1,2,1-2,7,N
15,1-2-8,1,2,1-2,8,N
16,1-3-1,1,3,1-3,1,N
17,1-3-2,1,3,1-3,2,N
18,1-3-3,1,3,1-3,3,N
19,1-3-4,1,3,1-3,4,N
20,1-3-5,1,3,1-3,5,N
21,1-3-6,1,3,1-3,6,N
22,1-3-7,1,3,1-3,7,N
23,1-3-8,1,3,1-3,8,N
54,10-1-1,10,1,10-1,1,N
55,10-1-2,10,1,10-1,2,N
56,10-1-3,10,1,10-1,3,N
57,10-1-4,10,1,10-1,4,N
58,10-1-5,10,1,10-1,5,N
59,10-1-6,10,1,10-1,6,N
60,10-1-7,10,1,10-1,7,N
61,10-1-8,10,1,10-1,8,N
62,10-1-9,10,1,10-1,9,N
63,10-1-10,10,1,10-1,10,N
64,10-1-11,10,1,10-1,11,N
65,10-2-1,10,2,10-2,1,N
66,10-2-2,10,2,10-2,2,N
67,10-2-3,10,2,10-2,3,N
68,10-2-4,10,2,10-2,4,N
69,10-2-5,10,2,10-2,5,N
70,10-2-6,10,2,10-2,6,N
71,10-2-7,10,2,10-2,7,N
72,10-2-8,10,2,10-2,8,N
73,10-2-9,10,2,10-2,9,N
74,10-2-10,10,2,10-2,10,N
75,10-2-11,10,2,10-2,11,N
76,10-3-1,10,3,10-3,1,N
77,10-3-2,10,3,10-3,2,N
78,10-3-3,10,3,10-3,3,N
79,10-3-4,10,3,10-3,4,N
80,10-3-5,10,3,10-3,5,N
81,10-3-6,10,3,10-3,6,N
82,10-3-7,10,3,10-3,7,N
83,10-3-8,10,3,10-3,8,N
84,10-3-9,10,3,10-3,9,N
85,10-3-10,10,3,10-3,10,N
86,10-3-11,10,3,10-3,11,N
87,12-1-1,12,1,12-1,1,N
88,12-1-2,12,1,12-1,2,N
89,12-1-3,12,1,12-1,3,N
90,12-1-4,12,1,12-1,4,N
95,12-3-1,12,3,12-3,1,N
96,12-3-2,12,3,12-3,2,N
97,12-3-3,12,3,12-3,3,N
98,12-3-4,12,3,12-3,4,N
99,13-1-1,13,1,13-1,1,N
100,13-1-2,13,1,13-1,2,N
101,13-1-3,13,1,13-1,3,N
102,13-1-4,13,1,13-1,4,N
103,13-2-1,13,2,13-2,1,N
104,13-2-2,13,2,13-2,2,N
105,13-2-3,13,2,13-2,3,N
106,13-2-4,13,2,13-2,4,N
107,13-3-1,13,3,13-3,1,N
108,13-3-2,13,3,13-3,2,N
109,13-3-3,13,3,13-3,3,N
110,13-3-4,13,3,13-3,4,N
111,14-1-1,14,1,14-1,1,N
112,14-1-2,14,1,14-1,2,N
113,14-1-3,14,1,14-1,3,N
114,14-1-4,14,1,14-1,4,N
115,14-2-1,14,2,14-2,1,N
116,14-2-2,14,2,14-2,2,N
117,14-2-3,14,2,14-2,3,N
118,14-2-4,14,2,14-2,4,N
119,14-3-1,14,3,14-3,1,N
120,14-3-2,14,3,14-3,2,N
121,14-3-3,14,3,14-3,3,N
122,14-3-4,14,3,14-3,4,N
123,15-1-1,15,1,15-1,1,N
124,15-1-2,15,1,15-1,2,N
125,15-1-3,15,1,15-1,3,N
126,15-1-4,15,1,15-1,4,N
127,15-1-5,15,1,15-1,5,N
128,15-1-6,15,1,15-1,6,N
129,16-1-1,16,1,16-1,1,N
130,16-1-2,16,1,16-1,2,N
131,16-1-3,16,1,16-1,3,N
132,16-1-4,16,1,16-1,4,N
133,16-1-5,16,1,16-1,5,N
134,16-1-6,16,1,16-1,6,N
135,17-1-1,17,1,17-1,1,N
136,17-1-2,17,1,17-1,2,NPK
137,17-1-3,17,1,17-1,3,NPK
138,17-1-4,17,1,17-1,4,NPK
139,17-1-5,17,1,17-1,5,NPK
140,17-1-6,17,1,17-1,6,NPK
141,17-1-7,17,1,17-1,7,NPK
142,17-1-8,17,1,17-1,8,NPK
143,17-1-9,17,1,17-1,9,NPK
144,18-1-1,18,1,18-1,1,N
145,18-1-2,18,1,18-1,2,N
146,18-1-3,18,1,18-1,3,N
147,18-1-4,18,1,18-1,4,N
148,18-1-5,18,1,18-1,5,N
149,18-1-6,18,1,18-1,6,N
150,19-1-1,19,1,19-1,1,N
151,19-1-2,19,1,19-1,2,NPK
152,19-1-3,19,1,19-1,3,NPK
153,19-1-4,19,1,19-1,4,NPK
154,19-1-5,19,1,19-1,5,NPK
155,19-1-6,19,1,19-1,6,NPK
156,19-1-7,19,1,19-1,7,NPK
157,19-1-8,19,1,19-1,8,NPK
158,19-1-9,19,1,19-1,9,NPK
159,20-1-1,20,1,20-1,1,N
160,20-1-2,20,1,20-1,2,N
161,20-1-3,20,1,20-1,3,N
162,20-1-4,20,1,20-1,4,N
163,20-1-5,20,1,20-1,5,N
164,20-1-6,20,1,20-1,6,N
185,24-1-1,24,1,24-1,1,N
186,24-1-2,24,1,24-1,2,N
187,24-1-3,24,1,24-1,3,N
188,24-1-4,24,1,24-1,4,N
189,24-1-5,24,1,24-1,5,N
190,24-1-6,24,1,24-1,6,N
191,24-1-7,24,1,24-1,7,N
192,24-1-8,24,1,24-1,8,N
193,24-2-1,24,2,24-2,1,N
194,24-2-2,24,2,24-2,2,N
195,24-2-3,24,2,24-2,3,N
196,24-2-4,24,2,24-2,4,N
197,24-2-5,24,2,24-2,5,N
198,24-2-6,24,2,24-2,6,N
199,24-2-7,24,2,24-2,7,N
200,24-2-8,24,2,24-2,8,N
201,24-3-1,24,3,24-3,1,N
202,24-3-2,24,3,24-3,2,N
203,24-3-3,24,3,24-3,3,N
204,24-3-4,24,3,24-3,4,N
205,24-3-5,24,3,24-3,5,N
206,24-3-6,24,3,24-3,6,N
207,24-3-7,24,3,24-3,7,N
208,24-3-8,24,3,24-3,8,N
209,25-1-1,25,1,25-1,1,N
210,25-1-2,25,1,25-1,2,N
211,25-1-3,25,1,25-1,3,N
212,25-1-4,25,1,25-1,4,N
213,25-1-5,25,1,25-1,5,N
214,25-1-6,25,1,25-1,6,N
215,25-1-7,25,1,25-1,7,N
216,25-1-8,25,1,25-1,8,N
217,25-2-1,25,2,25-2,1,N
218,25-2-2,25,2,25-2,2,N
219,25-2-3,25,2,25-2,3,N
220,25-2-4,25,2,25-2,4,N
221,25-2-5,25,2,25-2,5,N
222,25-2-6,25,2,25-2,6,N
223,25-2-7,25,2,25-2,7,N
224,25-2-8,25,2,25-2,8,N
225,25-3-1,25,3,25-3,1,N
226,25-3-2,25,3,25-3,2,N
227,25-3-3,25,3,25-3,3,N
228,25-3-4,25,3,25-3,4,N
229,25-3-5,25,3,25-3,5,N
230,25-3-6,25,3,25-3,6,N
231,25-3-7,25,3,25-3,7,N
232,25-3-8,25,3,25-3,8,N
233,26-1-1,26,1,26-1,1,N
234,26-1-2,26,1,26-1,2,N
235,26-1-3,26,1,26-1,3,N
236,26-1-4,26,1,26-1,4,N
237,26-2-1,26,2,26-2,1,N
238,26-2-2,26,2,26-2,2,N
239,26-2-3,26,2,26-2,3,N
240,26-2-4,26,2,26-2,4,N
241,26-3-1,26,3,26-3,1,N
242,26-3-2,26,3,26-3,2,N
243,26-3-3,26,3,26-3,3,N
244,26-3-4,26,3,26-3,4,N
245,27-1-1,27,1,27-1,1,N
246,27-1-2,27,1,27-1,2,N
247,27-1-3,27,1,27-1,3,N
248,27-1-4,27,1,27-1,4,N
249,27-2-1,27,2,27-2,1,N
250,27-2-2,27,2,27-2,2,N
251,27-2-3,27,2,27-2,3,N
252,27-2-4,27,2,27-2,4,N
253,27-3-1,27,3,27-3,1,N
254,27-3-2,27,3,27-3,2,N
255,27-3-3,27,3,27-3,3,N
256,27-3-4,27,3,27-3,4,N
287,32-1-1,32,1,32-1,1,NPK
288,32-1-2,32,1,32-1,2,NPK
289,32-1-3,32,1,32-1,3,NPK
290,32-1-4,32,1,32-1,4,NPK
291,32-1-5,32,1,32-1,5,NPK
292,32-1-6,32,1,32-1,6,NPK
293,32-1-7,32,1,32-1,7,NPK
294,32-1-8,32,1,32-1,8,NPK
295,32-1-9,32,1,32-1,9,NPK
296,32-1-10,32,1,32-1,10,NPK
297,32-2-1,32,2,32-2,1,NPK
298,32-2-2,32,2,32-2,2,NPK
299,32-2-3,32,2,32-2,3,NPK
300,32-2-4,32,2,32-2,4,NPK
301,32-2-5,32,2,32-2,5,NPK
302,32-2-6,32,2,32-2,6,NPK
303,32-2-7,32,2,32-2,7,NPK
304,32-2-8,32,2,32-2,8,NPK
305,32-2-9,32,2,32-2,9,NPK
306,32-2-10,32,2,32-2,10,NPK
307,32-3-1,32,3,32-3,1,NPK
308,32-3-2,32,3,32-3,2,NPK
309,32-3-3,32,3,32-3,3,NPK
310,32-3-4,32,3,32-3,4,NPK
311,32-3-5,32,3,32-3,5,NPK
312,32-3-6,32,3,32-3,6,NPK
313,32-3-7,32,3,32-3,7,NPK
314,32-3-8,32,3,32-3,8,NPK
315,32-3-9,32,3,32-3,9,NPK
316,32-3-10,32,3,32-3,10,NPK
317,33-1-1,33,1,33-1,1,N
318,33-1-2,33,1,33-1,2,N
319,33-1-3,33,1,33-1,3,N
320,33-1-4,33,1,33-1,4,N
321,33-1-5,33,1,33-1,5,N
322,33-1-6,33,1,33-1,6,N
323,33-1-7,33,1,33-1,7,N
324,33-2-1,33,2,33-2,1,N
325,33-2-2,33,2,33-2,2,N
326,33-2-3,33,2,33-2,3,N
327,33-2-5,33,2,33-2,5,N
328,33-2-6,33,2,33-2,6,N
329,33-2-7,33,2,33-2,7,N
330,33-3-1,33,3,33-3,1,N
331,33-3-2,33,3,33-3,2,N
332,33-3-3,33,3,33-3,3,N
333,33-3-4,33,3,33-3,4,N
334,33-3-5,33,3,33-3,5,N
335,33-3-6,33,3,33-3,6,N
336,33-3-7,33,3,33-3,7,N
337,34-1-1,34,1,34-1,1,N
338,34-1-2,34,1,34-1,2,N
339,34-1-3,34,1,34-1,3,N
340,34-1-4,34,1,34-1,4,N
341,34-1-5,34,1,34-1,5,N
342,34-1-6,34,1,34-1,6,N
343,34-1-7,34,1,34-1,7,N
344,34-2-1,34,2,34-2,1,N
345,34-2-2,34,2,34-2,2,N
346,34-2-3,34,2,34-2,3,N
347,34-2-4,34,2,34-2,4,N
348,34-2-5,34,2,34-2,5,N
349,34-2-6,34,2,34-2,6,N
350,34-2-7,34,2,34-2,7,N
351,34-3-1,34,3,34-3,1,N
352,34-3-2,34,3,34-3,2,N
353,34-3-3,34,3,34-3,3,N
354,34-3-4,34,3,34-3,4,N
355,34-3-5,34,3,34-3,5,N
356,34-3-6,34,3,34-3,6,N
357,34-3-7,34,3,34-3,7,N
358,35-1-1,35,1,35-1,1,N
359,35-1-2,35,1,35-1,2,N
360,35-1-3,35,1,35-1,3,N
361,35-1-4,35,1,35-1,4,N
362,35-1-5,35,1,35-1,5,N
363,35-1-6,35,1,35-1,6,N
364,35-1-7,35,1,35-1,7,N
365,35-2-1,35,2,35-2,1,N
366,35-2-2,35,2,35-2,2,N
367,35-2-3,35,2,35-2,3,N
368,35-2-4,35,2,35-2,4,N
369,35-2-5,35,2,35-2,5,N
370,35-2-6,35,2,35-2,6,N
371,35-2-7,35,2,35-2,7,N
372,35-3-1,35,3,35-3,1,N
373,35-3-2,35,3,35-3,2,N
374,35-3-3,35,3,35-3,3,N
375,35-3-4,35,3,35-3,4,N
376,35-3-5,35,3,35-3,5,N
377,35-3-6,35,3,35-3,6,N
378,35-3-7,35,3,35-3,7,N
379,39-1-2,39,1,39-1,2,NPK
380,39-1-3,39,1,39-1,3,NPK
381,39-1-4,39,1,39-1,4,NPK
382,39-1-5,39,1,39-1,5,NPK
383,39-1-6,39,1,39-1,6,NPK
384,39-1-7,39,1,39-1,7,NPK
386,39-1-9,39,1,39-1,9,NPK
387,39-1-10,39,1,39-1,10,NPK
388,39-1-11,39,1,39-1,11,NPK
389,40-1-2,40,1,40-1,2,NPK
390,40-1-3,40,1,40-1,3,NPK
391,40-1-4,40,1,40-1,4,NPK
392,40-1-5,40,1,40-1,5,NPK
393,40-1-6,40,1,40-1,6,NPK
394,40-1-7,40,1,40-1,7,NPK
396,40-1-9,40,1,40-1,9,NPK
397,40-1-10,40,1,40-1,10,NPK
398,40-1-11,40,1,40-1,11,NPK
399,41-1-2,41,1,41-1,2,NPK
400,41-1-3,41,1,41-1,3,NPK
401,41-1-4,41,1,41-1,4,NPK
402,41-1-5,41,1,41-1,5,NPK
403,41-1-6,41,1,41-1,6,NPK
404,41-1-7,41,1,41-1,7,NPK
406,41-1-9,41,1,41-1,9,NPK
407,41-1-10,41,1,41-1,10,NPK
408,41-1-11,41,1,41-1,11,NPK
409,42-1-2,42,1,42-1,2,NPK
410,42-1-3,42,1,42-1,3,NPK
411,42-1-4,42,1,42-1,4,NPK
412,42-1-5,42,1,42-1,5,NPK
413,42-1-6,42,1,42-1,6,NPK
414,42-1-7,42,1,42-1,7,NPK
416,42-1-9,42,1,42-1,9,NPK
417,42-1-10,42,1,42-1,10,NPK
418,42-1-11,42,1,42-1,11,NPK
419,43-1-2,43,1,43-1,2,NPK
420,43-1-3,43,1,43-1,3,NPK
421,43-1-4,43,1,43-1,4,NPK
422,43-1-5,43,1,43-1,5,NPK
423,43-1-6,43,1,43-1,6,NPK
424,43-1-7,43,1,43-1,7,NPK
426,43-1-9,43,1,43-1,9,NPK
427,43-1-10,43,1,43-1,10,NPK
428,43-1-11,43,1,43-1,11,NPK
429,44-1-2,44,1,44-1,2,NPK
430,44-1-4,44,1,44-1,4,NPK
431,44-1-5,44,1,44-1,5,NPK
432,44-1-6,44,1,44-1,6,NPK
433,44-1-7,44,1,44-1,7,NPK
435,44-1-9,44,1,44-1,9,NPK
436,44-1-10,44,1,44-1,10,NPK
437,44-1-11,44,1,44-1,11,NPK
438,46-1-1,46,1,46-1,1,NPK
439,46-1-2,46,1,46-1,2,NPK
440,46-1-3,46,1,46-1,3,NPK
441,46-1-4,46,1,46-1,4,NPK
442,46-1-5,46,1,46-1,5,NPK
443,46-1-6,46,1,46-1,6,NPK
444,46-1-7,46,1,46-1,7,NPK
446,46-1-9,46,1,46-1,9,NPK
447,46-1-10,46,1,46-1,10,NPK
448,46-1-11,46,1,46-1,11,NPK
449,46-2-1,46,2,46-2,1,NPK
450,46-2-2,46,2,46-2,2,NPK
451,46-2-3,46,2,46-2,3,NPK
452,46-2-4,46,2,46-2,4,NPK
453,46-2-5,46,2,46-2,5,NPK
454,46-2-6,46,2,46-2,6,NPK
455,46-2-7,46,2,46-2,7,NPK
457,46-2-9,46,2,46-2,9,NPK
458,46-2-10,46,2,46-2,10,NPK
459,46-2-11,46,2,46-2,11,NPK
460,46-3-1,46,3,46-3,1,NPK
461,46-3-2,46,3,46-3,2,NPK
462,46-3-3,46,3,46-3,3,NPK
463,46-3-4,46,3,46-3,4,NPK
464,46-3-5,46,3,46-3,5,NPK
465,46-3-6,46,3,46-3,6,NPK
466,46-3-7,46,3,46-3,7,NPK
468,46-3-9,46,3,46-3,9,NPK
469,46-3-10,46,3,46-3,10,NPK
470,46-3-11,46,3,46-3,11,NPK
489,47-1-10,47,1,47-1,10,NPK
526,47-3-17,47,3,47-3,17,NPK
537,49-1-1,49,1,49-1,1,NPK
538,49-1-2,49,1,49-1,2,NPK
539,49-1-3,49,1,49-1,3,NPK
540,49-1-4,49,1,49-1,4,NPK
541,49-1-5,49,1,49-1,5,NPK
542,49-1-6,49,1,49-1,6,NPK
543,49-1-7,49,1,49-1,7,NPK
545,49-1-9,49,1,49-1,9,NPK
546,49-1-10,49,1,49-1,10,NPK
547,49-1-11,49,1,49-1,11,NPK
548,49-2-1,49,2,49-2,1,NPK
549,49-2-2,49,2,49-2,2,NPK
550,49-2-3,49,2,49-2,3,NPK
551,49-2-4,49,2,49-2,4,NPK
552,49-2-5,49,2,49-2,5,NPK
553,49-2-6,49,2,49-2,6,NPK
554,49-2-7,49,2,49-2,7,NPK
556,49-2-9,49,2,49-2,9,NPK
557,49-2-10,49,2,49-2,10,NPK
558,49-2-11,49,2,49-2,11,NPK
559,49-3-1,49,3,49-3,1,NPK
560,49-3-2,49,3,49-3,2,NPK
561,49-3-3,49,3,49-3,3,NPK
562,49-3-4,49,3,49-3,4,NPK
563,49-3-5,49,3,49-3,5,NPK
564,49-3-6,49,3,49-3,6,NPK
565,49-3-7,49,3,49-3,7,NPK
567,49-3-9,49,3,49-3,9,NPK
568,49-3-10,49,3,49-3,10,NPK
569,49-3-11,49,3,49-3,11,NPK
640,58-1-1,58,1,58-1,1,N
641,58-1-2,58,1,58-1,2,N
642,58-1-3,58,1,58-1,3,N
643,58-1-4,58,1,58-1,4,N
648,61-1-1,61,1,61-1,1,N
649,61-1-2,61,1,61-1,2,N
650,61-1-3,61,1,61-1,3,N
651,61-1-4,61,1,61-1,4,N
652,62-1-1,62,1,62-1,1,N
653,62-1-2,62,1,62-1,2,N
654,62-1-3,62,1,62-1,3,N
655,62-1-4,62,1,62-1,4,N
656,63-1-1,63,1,63-1,1,N
657,63-1-2,63,1,63-1,2,N
658,63-1-3,63,1,63-1,3,N
659,63-1-4,63,1,63-1,4,N
664,65-1-1,65,1,65-1,1,N
665,65-1-2,65,1,65-1,2,N
666,65-1-3,65,1,65-1,3,N
667,65-1-4,65,1,65-1,4,N
668,66-1-1,66,1,66-1,1,N
669,66-1-2,66,1,66-1,2,N
670,66-1-3,66,1,66-1,3,N
671,66-1-4,66,1,66-1,4,N
757,71-1-1,71,1,71-1,1,N
758,71-1-2,71,1,71-1,2,N
759,71-1-3,71,1,71-1,3,N
760,71-1-4,71,1,71-1,4,N
761,71-1-5,71,1,71-1,5,N
762,71-1-6,71,1,71-1,6,N
763,71-1-7,71,1,71-1,7,N
764,71-1-8,71,1,71-1,8,N
765,71-1-9,71,1,71-1,9,N
766,71-2-1,71,2,71-2,1,N
767,71-2-2,71,2,71-2,2,N
768,71-2-3,71,2,71-2,3,N
769,71-2-4,71,2,71-2,4,N
770,71-2-5,71,2,71-2,5,N
771,71-2-6,71,2,71-2,6,N
772,71-2-7,71,2,71-2,7,N
773,71-2-8,71,2,71-2,8,N
774,71-2-9,71,2,71-2,9,N
775,71-3-1,71,3,71-3,1,N
776,71-3-2,71,3,71-3,2,N
777,71-3-3,71,3,71-3,3,N
778,71-3-4,71,3,71-3,4,N
779,71-3-5,71,3,71-3,5,N
780,71-3-6,71,3,71-3,6,N
781,71-3-7,71,3,71-3,7,N
782,71-3-8,71,3,71-3,8,N
783,71-3-9,71,3,71-3,9,N
784,72-1-1,72,1,72-1,1,N
785,72-1-2,72,1,72-1,2,N
786,72-1-3,72,1,72-1,3,N
787,72-1-4,72,1,72-1,4,N
788,72-1-5,72,1,72-1,5,N
789,72-1-6,72,1,72-1,6,N
790,72-1-7,72,1,72-1,7,N
791,72-1-8,72,1,72-1,8,N
792,72-1-9,72,1,72-1,9,N
793,72-2-1,72,2,72-2,1,N
794,72-2-2,72,2,72-2,2,N
795,72-2-3,72,2,72-2,3,N
796,72-2-4,72,2,72-2,4,N
797,72-2-5,72,2,72-2,5,N
798,72-2-6,72,2,72-2,6,N
799,72-2-7,72,2,72-2,7,N
800,72-2-8,72,2,72-2,8,N
801,72-2-9,72,2,72-2,9,N
802,72-3-1,72,3,72-3,1,N
803,72-3-2,72,3,72-3,2,N
804,72-3-3,72,3,72-3,3,N
805,72-3-4,72,3,72-3,4,N
806,72-3-5,72,3,72-3,5,N
807,72-3-6,72,3,72-3,6,N
808,72-3-7,72,3,72-3,7,N
809,72-3-8,72,3,72-3,8,N
810,72-3-9,72,3,72-3,9,N
811,73-1-1,73,1,73-1,1,N
812,73-1-2,73,1,73-1,2,N
813,73-1-3,73,1,73-1,3,N
814,73-1-4,73,1,73-1,4,N
815,73-1-5,73,1,73-1,5,N
816,73-1-6,73,1,73-1,6,N
817,73-1-7,73,1,73-1,7,N
818,73-1-8,73,1,73-1,8,N
819,73-1-9,73,1,73-1,9,N
820,73-2-1,73,2,73-2,1,N
821,73-2-2,73,2,73-2,2,N
822,73-2-3,73,2,73-2,3,N
823,73-2-4,73,2,73-2,4,N
824,73-2-5,73,2,73-2,5,N
825,73-2-6,73,2,73-2,6,N
826,73-2-7,73,2,73-2,7,N
827,73-2-8,73,2,73-2,8,N
828,73-2-9,73,2,73-2,9,N
829,73-3-1,73,3,73-3,1,N
830,73-3-2,73,3,73-3,2,N
831,73-3-3,73,3,73-3,3,N
832,73-3-4,73,3,73-3,4,N
833,73-3-5,73,3,73-3,5,N
834,73-3-6,73,3,73-3,6,N
835,73-3-7,73,3,73-3,7,N
836,73-3-8,73,3,73-3,8,N
837,73-3-9,73,3,73-3,9,N
838,74-1-1,74,1,74-1,1,N
839,74-1-2,74,1,74-1,2,N
840,74-1-3,74,1,74-1,3,N
841,74-1-4,74,1,74-1,4,N
842,74-1-5,74,1,74-1,5,N
843,74-1-6,74,1,74-1,6,N
844,74-1-7,74,1,74-1,7,N
845,74-1-8,74,1,74-1,8,N
846,74-1-9,74,1,74-1,9,N
847,74-2-1,74,2,74-2,1,N
848,74-2-2,74,2,74-2,2,N
849,74-2-3,74,2,74-2,3,N
850,74-2-4,74,2,74-2,4,N
851,74-2-5,74,2,74-2,5,N
852,74-2-6,74,2,74-2,6,N
853,74-2-7,74,2,74-2,7,N
854,74-2-8,74,2,74-2,8,N
855,74-2-9,74,2,74-2,9,N
856,74-3-1,74,3,74-3,1,N
857,74-3-2,74,3,74-3,2,N
858,74-3-3,74,3,74-3,3,N
859,74-3-4,74,3,74-3,4,N
860,74-3-5,74,3,74-3,5,N
861,74-3-6,74,3,74-3,6,N
862,74-3-7,74,3,74-3,7,N
863,74-3-8,74,3,74-3,8,N
864,74-3-9,74,3,74-3,9,N
865,75-1-1,75,1,75-1,1,N
866,75-1-2,75,1,75-1,2,N
867,75-1-3,75,1,75-1,3,N
868,75-1-4,75,1,75-1,4,N
869,75-1-5,75,1,75-1,5,N
870,75-1-6,75,1,75-1,6,N
871,75-1-7,75,1,75-1,7,N
872,75-1-8,75,1,75-1,8,N
873,75-1-9,75,1,75-1,9,N
874,75-2-1,75,2,75-2,1,N
875,75-2-2,75,2,75-2,2,N
876,75-2-3,75,2,75-2,3,N
877,75-2-4,75,2,75-2,4,N
878,75-2-5,75,2,75-2,5,N
879,75-2-6,75,2,75-2,6,N
880,75-2-7,75,2,75-2,7,N
881,75-2-8,75,2,75-2,8,N
882,75-2-9,75,2,75-2,9,N
883,75-3-1,75,3,75-3,1,N
884,75-3-2,75,3,75-3,2,N
885,75-3-3,75,3,75-3,3,N
886,75-3-4,75,3,75-3,4,N
887,75-3-5,75,3,75-3,5,N
888,75-3-6,75,3,75-3,6,N
889,75-3-7,75,3,75-3,7,N
890,75-3-8,75,3,75-3,8,N
891,75-3-9,75,3,75-3,9,N
892,8701-1-1,8701,1,8701-1,1,N
893,8701-1-2,8701,1,8701-1,2,N
894,8701-2-2,8701,2,8701-2,2,N
895,8701-3-2,8701,3,8701-3,2,N
896,8701-4-2,8701,4,8701-4,2,N
897,8701-5-2,8701,5,8701-5,2,N
898,8701-1-3,8701,1,8701-1,3,N
899,8701-2-3,8701,2,8701-2,3,N
900,8701-3-3,8701,3,8701-3,3,N
901,8701-4-3,8701,4,8701-4,3,N
902,8701-5-3,8701,5,8701-5,3,N
903,8701-1-4,8701,1,8701-1,4,N
904,8701-2-4,8701,2,8701-2,4,N
905,8701-3-4,8701,3,8701-3,4,N
906,8701-4-4,8701,4,8701-4,4,N
907,8701-5-4,8701,5,8701-5,4,N
908,8701-6-4,8701,6,8701-6,4,N
909,8701-1-5,8701,1,8701-1,5,N
910,8701-2-5,8701,2,8701-2,5,N
911,8701-3-5,8701,3,8701-3,5,N
912,8701-4-5,8701,4,8701-4,5,N
913,8701-5-5,8701,5,8701-5,5,N
914,8701-6-5,8701,6,8701-6,5,N
915,8702-1-1,8702,1,8702-1,1,N
916,8702-1-2,8702,1,8702-1,2,N
917,8702-2-2,8702,2,8702-2,2,N
918,8702-3-2,8702,3,8702-3,2,N
919,8702-5-2,8702,5,8702-5,2,N
920,8702-1-3,8702,1,8702-1,3,N
921,8702-2-3,8702,2,8702-2,3,N
922,8702-3-3,8702,3,8702-3,3,N
923,8702-4-3,8702,4,8702-4,3,N
924,8702-5-3,8702,5,8702-5,3,N
925,8702-1-4,8702,1,8702-1,4,N
926,8702-2-4,8702,2,8702-2,4,N
927,8702-3-4,8702,3,8702-3,4,N
928,8702-4-4,8702,4,8702-4,4,N
929,8702-5-4,8702,5,8702-5,4,N
930,8702-6-4,8702,6,8702-6,4,N
931,8702-1-5,8702,1,8702-1,5,N
932,8702-2-5,8702,2,8702-2,5,N
933,8702-3-5,8702,3,8702-3,5,N
934,8702-4-5,8702,4,8702-4,5,N
935,8702-5-5,8702,5,8702-5,5,N
936,8702-6-5,8702,6,8702-6,5,N
937,8703-1-1,8703,1,8703-1,1,N
938,8703-1-2,8703,1,8703-1,2,N
939,8703-2-2,8703,2,8703-2,2,N
940,8703-3-2,8703,3,8703-3,2,N
941,8703-4-2,8703,4,8703-4,2,N
942,8703-5-2,8703,5,8703-5,2,N
943,8703-1-3,8703,1,8703-1,3,N
944,8703-2-3,8703,2,8703-2,3,N
945,8703-3-3,8703,3,8703-3,3,N
946,8703-4-3,8703,4,8703-4,3,N
947,8703-5-3,8703,5,8703-5,3,N
948,8703-1-4,8703,1,8703-1,4,N
949,8703-2-4,8703,2,8703-2,4,N
950,8703-3-4,8703,3,8703-3,4,N
951,8703-4-4,8703,4,8703-4,4,N
952,8703-5-4,8703,5,8703-5,4,N
953,8703-6-4,8703,6,8703-6,4,N
954,8703-1-5,8703,1,8703-1,5,N
955,8703-2-5,8703,2,8703-2,5,N
956,8703-3-5,8703,3,8703-3,5,N
957,8703-4-5,8703,4,8703-4,5,N
958,8703-5-5,8703,5,8703-5,5,N
959,8703-6-5,8703,6,8703-6,5,N
960,8704-1-1,8704,1,8704-1,1,N
961,8704-1-2,8704,1,8704-1,2,N
962,8704-2-2,8704,2,8704-2,2,N
963,8704-3-2,8704,3,8704-3,2,N
964,8704-4-2,8704,4,8704-4,2,N
965,8704-5-2,8704,5,8704-5,2,N
966,8704-1-3,8704,1,8704-1,3,N
967,8704-2-3,8704,2,8704-2,3,N
968,8704-3-3,8704,3,8704-3,3,N
969,8704-4-3,8704,4,8704-4,3,N
970,8704-5-3,8704,5,8704-5,3,N
971,8704-1-4,8704,1,8704-1,4,N
972,8704-2-4,8704,2,8704-2,4,N
973,8704-3-4,8704,3,8704-3,4,N
974,8704-4-4,8704,4,8704-4,4,N
975,8704-5-4,8704,5,8704-5,4,N
976,8704-6-4,8704,6,8704-6,4,N
977,8704-1-5,8704,1,8704-1,5,N
978,8704-2-5,8704,2,8704-2,5,N
979,8704-3-5,8704,3,8704-3,5,N
980,8704-4-5,8704,4,8704-4,5,N
981,8704-5-5,8704,5,8704-5,5,N
982,8704-6-5,8704,6,8704-6,5,N
983,8801-1-1,8801,1,8801-1,1,N
984,8801-1-2,8801,1,8801-1,2,N
985,8801-2-2,8801,2,8801-2,2,N
986,8801-3-2,8801,3,8801-3,2,N
987,8801-4-2,8801,4,8801-4,2,N
988,8801-5-2,8801,5,8801-5,2,N
989,8801-1-3,8801,1,8801-1,3,N
990,8801-2-3,8801,2,8801-2,3,N
991,8801-3-3,8801,3,8801-3,3,N
992,8801-4-3,8801,4,8801-4,3,N
993,8801-5-3,8801,5,8801-5,3,N
994,8801-1-4,8801,1,8801-1,4,N
995,8801-2-4,8801,2,8801-2,4,N
996,8801-3-4,8801,3,8801-3,4,N
997,8801-4-4,8801,4,8801-4,4,N
998,8801-6-4,8801,6,8801-6,4,N
999,8801-1-5,8801,1,8801-1,5,N
1000,8801-2-5,8801,2,8801-2,5,N
1001,8801-3-5,8801,3,8801-3,5,N
1002,8801-4-5,8801,4,8801-4,5,N
1003,8801-5-5,8801,5,8801-5,5,N
1004,8801-6-5,8801,6,8801-6,5,N
1005,8802-1-1,8802,1,8802-1,1,N
1006,8802-1-2,8802,1,8802-1,2,N
1007,8802-2-2,8802,2,8802-2,2,N
1008,8802-3-2,8802,3,8802-3,2,N
1009,8802-4-2,8802,4,8802-4,2,N
1010,8802-5-2,8802,5,8802-5,2,N
1011,8802-1-3,8802,1,8802-1,3,N
1012,8802-2-3,8802,2,8802-2,3,N
1013,8802-3-3,8802,3,8802-3,3,N
1014,8802-4-3,8802,4,8802-4,3,N
1015,8802-5-3,8802,5,8802-5,3,N
1016,8802-1-4,8802,1,8802-1,4,N
1017,8802-2-4,8802,2,8802-2,4,N
1018,8802-3-4,8802,3,8802-3,4,N
1019,8802-4-4,8802,4,8802-4,4,N
1020,8802-5-4,8802,5,8802-5,4,N
1021,8802-6-4,8802,6,8802-6,4,N
1022,8802-1-5,8802,1,8802-1,5,N
1023,8802-2-5,8802,2,8802-2,5,N
1024,8802-3-5,8802,3,8802-3,5,N
1025,8802-4-5,8802,4,8802-4,5,N
1026,8802-5-5,8802,5,8802-5,5,N
1027,8802-6-5,8802,6,8802-6,5,N
1028,8803-1-2,8803,1,8803-1,2,N
1029,8803-2-2,8803,2,8803-2,2,N
1030,8803-3-2,8803,3,8803-3,2,N
1031,8803-4-2,8803,4,8803-4,2,N
1032,8803-5-2,8803,5,8803-5,2,N
1033,8803-1-3,8803,1,8803-1,3,N
1034,8803-3-3,8803,3,8803-3,3,N
1035,8803-4-3,8803,4,8803-4,3,N
1036,8803-5-3,8803,5,8803-5,3,N
1037,8803-1-4,8803,1,8803-1,4,N
1038,8803-2-4,8803,2,8803-2,4,N
1039,8803-3-4,8803,3,8803-3,4,N
1040,8803-4-4,8803,4,8803-4,4,N
1041,8803-5-4,8803,5,8803-5,4,N
1042,8803-6-4,8803,6,8803-6,4,N
1043,8803-1-5,8803,1,8803-1,5,N
1044,8803-2-5,8803,2,8803-2,5,N
1045,8803-3-5,8803,3,8803-3,5,N
1046,8803-4-5,8803,4,8803-4,5,N
1047,8803-5-5,8803,5,8803-5,5,N
1048,8803-6-5,8803,6,8803-6,5,N
1049,8804-1-1,8804,1,8804-1,1,N
1050,8804-1-2,8804,1,8804-1,2,N
1051,8804-2-2,8804,2,8804-2,2,N
1052,8804-3-2,8804,3,8804-3,2,N
1053,8804-4-2,8804,4,8804-4,2,N
1054,8804-5-2,8804,5,8804-5,2,N
1055,8804-1-3,8804,1,8804-1,3,N
1056,8804-2-3,8804,2,8804-2,3,N
1057,8804-3-3,8804,3,8804-3,3,N
1058,8804-4-3,8804,4,8804-4,3,N
1059,8804-5-3,8804,5,8804-5,3,N
1060,8804-1-4,8804,1,8804-1,4,N
1061,8804-2-4,8804,2,8804-2,4,N
1062,8804-3-4,8804,3,8804-3,4,N
1063,8804-4-4,8804,4,8804-4,4,N
1064,8804-5-4,8804,5,8804-5,4,N
1065,8804-6-4,8804,6,8804-6,4,N
1066,8804-1-5,8804,1,8804-1,5,N
1067,8804-2-5,8804,2,8804-2,5,N
1068,8804-3-5,8804,3,8804-3,5,N
1069,8804-4-5,8804,4,8804-4,5,N
1070,8804-5-5,8804,5,8804-5,5,N
1071,8901-1-1,8901,1,8901-1,1,N
1072,8901-1-2,8901,1,8901-1,2,N
1073,8901-2-2,8901,2,8901-2,2,N
1074,8901-3-2,8901,3,8901-3,2,N
1075,8901-4-2,8901,4,8901-4,2,N
1076,8901-5-2,8901,5,8901-5,2,N
1077,8901-1-3,8901,1,8901-1,3,N
1078,8901-2-3,8901,2,8901-2,3,N
1079,8901-3-3,8901,3,8901-3,3,N
1080,8901-4-3,8901,4,8901-4,3,N
1081,8901-5-3,8901,5,8901-5,3,N
1082,8901-1-4,8901,1,8901-1,4,N
1083,8901-2-4,8901,2,8901-2,4,N
1084,8901-3-4,8901,3,8901-3,4,N
1085,8901-4-4,8901,4,8901-4,4,N
1086,8901-5-4,8901,5,8901-5,4,N
1087,8901-6-4,8901,6,8901-6,4,N
1088,8901-1-5,8901,1,8901-1,5,N
1089,8901-2-5,8901,2,8901-2,5,N
1090,8901-3-5,8901,3,8901-3,5,N
1091,8901-4-5,8901,4,8901-4,5,N
1092,8901-5-5,8901,5,8901-5,5,N
1093,8901-6-5,8901,6,8901-6,5,N
1094,8902-1-1,8902,1,8902-1,1,N
1095,8902-1-2,8902,1,8902-1,2,N
1096,8902-2-2,8902,2,8902-2,2,N
1097,8902-3-2,8902,3,8902-3,2,N
1098,8902-4-2,8902,4,8902-4,2,N
1099,8902-5-2,8902,5,8902-5,2,N
1100,8902-1-3,8902,1,8902-1,3,N
1101,8902-2-3,8902,2,8902-2,3,N
1102,8902-3-3,8902,3,8902-3,3,N
1103,8902-4-3,8902,4,8902-4,3,N
1104,8902-5-3,8902,5,8902-5,3,N
1105,8902-1-4,8902,1,8902-1,4,N
1106,8902-2-4,8902,2,8902-2,4,N
1107,8902-3-4,8902,3,8902-3,4,N
1108,8902-4-4,8902,4,8902-4,4,N
1109,8902-5-4,8902,5,8902-5,4,N
1110,8902-6-4,8902,6,8902-6,4,N
1111,8902-1-5,8902,1,8902-1,5,N
1112,8902-2-5,8902,2,8902-2,5,N
1113,8902-3-5,8902,3,8902-3,5,N
1114,8902-4-5,8902,4,8902-4,5,N
1115,8902-5-5,8902,5,8902-5,5,N
1116,8902-6-5,8902,6,8902-6,5,N
1117,8903-1-1,8903,1,8903-1,1,N
1118,8903-1-2,8903,1,8903-1,2,N
1119,8903-2-2,8903,2,8903-2,2,N
1120,8903-3-2,8903,3,8903-3,2,N
1121,8903-4-2,8903,4,8903-4,2,N
1122,8903-5-2,8903,5,8903-5,2,N
1123,8903-1-3,8903,1,8903-1,3,N
1124,8903-2-3,8903,2,8903-2,3,N
1125,8903-3-3,8903,3,8903-3,3,N
1126,8903-4-3,8903,4,8903-4,3,N
1127,8903-5-3,8903,5,8903-5,3,N
1128,8903-1-4,8903,1,8903-1,4,N
1129,8903-2-4,8903,2,8903-2,4,N
1130,8903-3-4,8903,3,8903-3,4,N
1131,8903-4-4,8903,4,8903-4,4,N
1132,8903-5-4,8903,5,8903-5,4,N
1133,8903-6-4,8903,6,8903-6,4,N
1134,8903-1-5,8903,1,8903-1,5,N
1135,8903-2-5,8903,2,8903-2,5,N
1136,8903-3-5,8903,3,8903-3,5,N
1137,8903-4-5,8903,4,8903-4,5,N
1138,8903-5-5,8903,5,8903-5,5,N
1139,8903-6-5,8903,6,8903-6,5,N
1140,8904-1-1,8904,1,8904-1,1,N
1141,8904-1-2,8904,1,8904-1,2,N
1142,8904-2-2,8904,2,8904-2,2,N
1143,8904-3-2,8904,3,8904-3,2,N
1144,8904-4-2,8904,4,8904-4,2,N
1145,8904-5-2,8904,5,8904-5,2,N
1146,8904-1-3,8904,1,8904-1,3,N
1147,8904-2-3,8904,2,8904-2,3,N
1148,8904-3-3,8904,3,8904-3,3,N
1149,8904-4-3,8904,4,8904-4,3,N
1150,8904-5-3,8904,5,8904-5,3,N
1151,8904-2-4,8904,2,8904-2,4,N
1152,8904-3-4,8904,3,8904-3,4,N
1153,8904-4-4,8904,4,8904-4,4,N
1154,8904-5-4,8904,5,8904-5,4,N
1155,8904-6-4,8904,6,8904-6,4,N
1156,8904-1-5,8904,1,8904-1,5,N
1157,8904-2-5,8904,2,8904-2,5,N
1158,8904-3-5,8904,3,8904-3,5,N
1159,8904-4-5,8904,4,8904-4,5,N
1160,8904-5-5,8904,5,8904-5,5,N
1161,8904-6-5,8904,6,8904-6,5,N
1162,9001-1-1,9001,1,9001-1,1,N
1163,9001-2-2,9001,2,9001-2,2,N
1164,9001-3-2,9001,3,9001-3,2,N
1165,9001-4-2,9001,4,9001-4,2,N
1166,9001-5-2,9001,5,9001-5,2,N
1167,9001-1-3,9001,1,9001-1,3,N
1168,9001-2-3,9001,2,9001-2,3,N
1169,9001-3-3,9001,3,9001-3,3,N
1170,9001-5-3,9001,5,9001-5,3,N
1171,9001-1-4,9001,1,9001-1,4,N
1172,9001-2-4,9001,2,9001-2,4,N
1173,9001-3-4,9001,3,9001-3,4,N
1174,9001-4-4,9001,4,9001-4,4,N
1175,9001-5-4,9001,5,9001-5,4,N
1176,9001-6-4,9001,6,9001-6,4,N
1177,9001-3-5,9001,3,9001-3,5,N
1178,9001-4-5,9001,4,9001-4,5,N
1179,9001-5-5,9001,5,9001-5,5,N
1180,9001-6-5,9001,6,9001-6,5,N
1181,9002-1-1,9002,1,9002-1,1,N
1182,9002-1-2,9002,1,9002-1,2,N
1183,9002-2-2,9002,2,9002-2,2,N
1184,9002-3-2,9002,3,9002-3,2,N
1185,9002-4-2,9002,4,9002-4,2,N
1186,9002-5-2,9002,5,9002-5,2,N
1187,9002-1-3,9002,1,9002-1,3,N
1188,9002-2-3,9002,2,9002-2,3,N
1189,9002-3-3,9002,3,9002-3,3,N
1190,9002-4-3,9002,4,9002-4,3,N
1191,9002-5-3,9002,5,9002-5,3,N
1192,9002-1-4,9002,1,9002-1,4,N
1193,9002-2-4,9002,2,9002-2,4,N
1194,9002-3-4,9002,3,9002-3,4,N
1195,9002-4-4,9002,4,9002-4,4,N
1196,9002-5-4,9002,5,9002-5,4,N
1197,9002-6-4,9002,6,9002-6,4,N
1198,9002-1-5,9002,1,9002-1,5,N
1199,9002-2-5,9002,2,9002-2,5,N
1200,9002-3-5,9002,3,9002-3,5,N
1201,9002-4-5,9002,4,9002-4,5,N
1202,9002-5-5,9002,5,9002-5,5,N
1203,9002-6-5,9002,6,9002-6,5,N
1204,9003-1-1,9003,1,9003-1,1,N
1205,9003-1-2,9003,1,9003-1,2,N
1206,9003-2-2,9003,2,9003-2,2,N
1207,9003-3-2,9003,3,9003-3,2,N
1208,9003-4-2,9003,4,9003-4,2,N
1209,9003-5-2,9003,5,9003-5,2,N
1210,9003-1-3,9003,1,9003-1,3,N
1211,9003-2-3,9003,2,9003-2,3,N
1212,9003-3-3,9003,3,9003-3,3,N
1213,9003-4-3,9003,4,9003-4,3,N
1214,9003-5-3,9003,5,9003-5,3,N
1215,9003-1-4,9003,1,9003-1,4,N
1216,9003-2-4,9003,2,9003-2,4,N
1217,9003-3-4,9003,3,9003-3,4,N
1218,9003-4-4,9003,4,9003-4,4,N
1219,9003-5-4,9003,5,9003-5,4,N
1220,9003-6-4,9003,6,9003-6,4,N
1221,9003-1-5,9003,1,9003-1,5,N
1222,9003-2-5,9003,2,9003-2,5,N
1223,9003-3-5,9003,3,9003-3,5,N
1224,9003-4-5,9003,4,9003-4,5,N
1225,9003-5-5,9003,5,9003-5,5,N
1226,9003-6-5,9003,6,9003-6,5,N
1227,9004-1-1,9004,1,9004-1,1,N
1228,9004-1-2,9004,1,9004-1,2,N
1229,9004-2-2,9004,2,9004-2,2,N
1230,9004-3-2,9004,3,9004-3,2,N
1231,9004-4-2,9004,4,9004-4,2,N
1232,9004-5-2,9004,5,9004-5,2,N
1233,9004-1-3,9004,1,9004-1,3,N
1234,9004-2-3,9004,2,9004-2,3,N
1235,9004-3-3,9004,3,9004-3,3,N
1236,9004-4-3,9004,4,9004-4,3,N
1237,9004-5-3,9004,5,9004-5,3,N
1238,9004-1-4,9004,1,9004-1,4,N
1239,9004-2-4,9004,2,9004-2,4,N
1240,9004-3-4,9004,3,9004-3,4,N
1241,9004-4-4,9004,4,9004-4,4,N
1242,9004-5-4,9004,5,9004-5,4,N
1243,9004-6-4,9004,6,9004-6,4,N
1244,9004-1-5,9004,1,9004-1,5,N
1245,9004-2-5,9004,2,9004-2,5,N
1246,9004-3-5,9004,3,9004-3,5,N
1247,9004-4-5,9004,4,9004-4,5,N
1248,9004-5-5,9004,5,9004-5,5,N
1249,9004-6-5,9004,6,9004-6,5,N
1250,9101-1-1,9101,1,9101-1,1,N
1251,9101-1-2,9101,1,9101-1,2,N
1252,9101-2-2,9101,2,9101-2,2,N
1253,9101-3-2,9101,3,9101-3,2,N
1254,9101-4-2,9101,4,9101-4,2,N
1255,9101-5-2,9101,5,9101-5,2,N
1256,9101-1-3,9101,1,9101-1,3,N
1257,9101-2-3,9101,2,9101-2,3,N
1258,9101-3-3,9101,3,9101-3,3,N
1259,9101-4-3,9101,4,9101-4,3,N
1260,9101-5-3,9101,5,9101-5,3,N
1261,9101-1-4,9101,1,9101-1,4,N
1262,9101-2-4,9101,2,9101-2,4,N
1263,9101-3-4,9101,3,9101-3,4,N
1264,9101-4-4,9101,4,9101-4,4,N
1265,9101-5-4,9101,5,9101-5,4,N
1266,9101-6-4,9101,6,9101-6,4,N
1267,9101-1-5,9101,1,9101-1,5,N
1268,9101-2-5,9101,2,9101-2,5,N
1269,9101-3-5,9101,3,9101-3,5,N
1270,9101-4-5,9101,4,9101-4,5,N
1271,9101-5-5,9101,5,9101-5,5,N
1272,9101-6-5,9101,6,9101-6,5,N
1273,9102-1-1,9102,1,9102-1,1,N
1274,9102-1-2,9102,1,9102-1,2,N
1275,9102-2-2,9102,2,9102-2,2,N
1276,9102-3-2,9102,3,9102-3,2,N
1277,9102-4-2,9102,4,9102-4,2,N
1278,9102-5-2,9102,5,9102-5,2,N
1279,9102-1-3,9102,1,9102-1,3,N
1280,9102-2-3,9102,2,9102-2,3,N
1281,9102-3-3,9102,3,9102-3,3,N
1282,9102-4-3,9102,4,9102-4,3,N
1283,9102-5-3,9102,5,9102-5,3,N
1284,9102-1-4,9102,1,9102-1,4,N
1285,9102-2-4,9102,2,9102-2,4,N
1286,9102-3-4,9102,3,9102-3,4,N
1287,9102-4-4,9102,4,9102-4,4,N
1288,9102-5-4,9102,5,9102-5,4,N
1289,9102-6-4,9102,6,9102-6,4,N
1290,9102-1-5,9102,1,9102-1,5,N
1291,9102-2-5,9102,2,9102-2,5,N
1292,9102-3-5,9102,3,9102-3,5,N
1293,9102-4-5,9102,4,9102-4,5,N
1294,9102-5-5,9102,5,9102-5,5,N
1295,9102-6-5,9102,6,9102-6,5,N
1296,9103-1-1,9103,1,9103-1,1,N
1297,9103-1-2,9103,1,9103-1,2,N
1298,9103-2-2,9103,2,9103-2,2,N
1299,9103-3-2,9103,3,9103-3,2,N
1300,9103-4-2,9103,4,9103-4,2,N
1301,9103-5-2,9103,5,9103-5,2,N
1302,9103-1-3,9103,1,9103-1,3,N
1303,9103-2-3,9103,2,9103-2,3,N
1304,9103-3-3,9103,3,9103-3,3,N
1305,9103-4-3,9103,4,9103-4,3,N
1306,9103-5-3,9103,5,9103-5,3,N
1307,9103-1-4,9103,1,9103-1,4,N
1308,9103-2-4,9103,2,9103-2,4,N
1309,9103-3-4,9103,3,9103-3,4,N
1310,9103-4-4,9103,4,9103-4,4,N
1311,9103-5-4,9103,5,9103-5,4,N
1312,9103-6-4,9103,6,9103-6,4,N
1313,9103-1-5,9103,1,9103-1,5,N
1314,9103-2-5,9103,2,9103-2,5,N
1315,9103-3-5,9103,3,9103-3,5,N
1316,9103-4-5,9103,4,9103-4,5,N
1317,9103-5-5,9103,5,9103-5,5,N
1318,9103-6-5,9103,6,9103-6,5,N
1319,9104-1-1,9104,1,9104-1,1,N
1320,9104-1-2,9104,1,9104-1,2,N
1321,9104-2-2,9104,2,9104-2,2,N
1322,9104-3-2,9104,3,9104-3,2,N
1323,9104-4-2,9104,4,9104-4,2,N
1324,9104-5-2,9104,5,9104-5,2,N
1325,9104-1-3,9104,1,9104-1,3,N
1326,9104-2-3,9104,2,9104-2,3,N
1327,9104-3-3,9104,3,9104-3,3,N
1328,9104-4-3,9104,4,9104-4,3,N
1329,9104-5-3,9104,5,9104-5,3,N
1330,9104-1-4,9104,1,9104-1,4,N
1331,9104-2-4,9104,2,9104-2,4,N
1332,9104-3-4,9104,3,9104-3,4,N
1333,9104-4-4,9104,4,9104-4,4,N
1334,9104-5-4,9104,5,9104-5,4,N
1335,9104-6-4,9104,6,9104-6,4,N
1336,9104-1-5,9104,1,9104-1,5,N
1337,9104-2-5,9104,2,9104-2,5,N
1338,9104-3-5,9104,3,9104-3,5,N
1339,9104-4-5,9104,4,9104-4,5,N
1340,9104-5-5,9104,5,9104-5,5,N
1341,9104-6-5,9104,6,9104-6,5,N
1342,9201-1-1,9201,1,9201-1,1,N
1343,9201-1-2,9201,1,9201-1,2,N
1344,9201-2-2,9201,2,9201-2,2,N
1345,9201-3-2,9201,3,9201-3,2,N
1346,9201-4-2,9201,4,9201-4,2,N
1347,9201-5-2,9201,5,9201-5,2,N
1348,9201-1-3,9201,1,9201-1,3,N
1349,9201-2-3,9201,2,9201-2,3,N
1350,9201-3-3,9201,3,9201-3,3,N
1351,9201-4-3,9201,4,9201-4,3,N
1352,9201-5-3,9201,5,9201-5,3,N
1353,9201-1-4,9201,1,9201-1,4,N
1354,9201-2-4,9201,2,9201-2,4,N
1355,9201-3-4,9201,3,9201-3,4,N
1356,9201-4-4,9201,4,9201-4,4,N
1357,9201-5-4,9201,5,9201-5,4,N
1358,9201-6-4,9201,6,9201-6,4,N
1359,9201-1-5,9201,1,9201-1,5,N
1360,9201-2-5,9201,2,9201-2,5,N
1361,9201-3-5,9201,3,9201-3,5,N
1362,9201-4-5,9201,4,9201-4,5,N
1363,9201-5-5,9201,5,9201-5,5,N
1364,9201-6-5,9201,6,9201-6,5,N
1365,9202-1-1,9202,1,9202-1,1,N
1366,9202-1-2,9202,1,9202-1,2,N
1367,9202-2-2,9202,2,9202-2,2,N
1368,9202-3-2,9202,3,9202-3,2,N
1369,9202-4-2,9202,4,9202-4,2,N
1370,9202-5-2,9202,5,9202-5,2,N
1371,9202-1-3,9202,1,9202-1,3,N
1372,9202-2-3,9202,2,9202-2,3,N
1373,9202-3-3,9202,3,9202-3,3,N
1374,9202-4-3,9202,4,9202-4,3,N
1375,9202-5-3,9202,5,9202-5,3,N
1376,9202-1-4,9202,1,9202-1,4,N
1377,9202-2-4,9202,2,9202-2,4,N
1378,9202-3-4,9202,3,9202-3,4,N
1379,9202-4-4,9202,4,9202-4,4,N
1380,9202-5-4,9202,5,9202-5,4,N
1381,9202-6-4,9202,6,9202-6,4,N
1382,9202-1-5,9202,1,9202-1,5,N
1383,9202-2-5,9202,2,9202-2,5,N
1384,9202-3-5,9202,3,9202-3,5,N
1385,9202-4-5,9202,4,9202-4,5,N
1386,9202-5-5,9202,5,9202-5,5,N
1387,9202-6-5,9202,6,9202-6,5,N
1388,9203-1-1,9203,1,9203-1,1,N
1389,9203-1-2,9203,1,9203-1,2,N
1390,9203-2-2,9203,2,9203-2,2,N
1391,9203-3-2,9203,3,9203-3,2,N
1392,9203-4-2,9203,4,9203-4,2,N
1393,9203-5-2,9203,5,9203-5,2,N
1394,9203-1-3,9203,1,9203-1,3,N
1395,9203-2-3,9203,2,9203-2,3,N
1396,9203-3-3,9203,3,9203-3,3,N
1397,9203-4-3,9203,4,9203-4,3,N
1398,9203-5-3,9203,5,9203-5,3,N
1399,9203-1-4,9203,1,9203-1,4,N
1400,9203-2-4,9203,2,9203-2,4,N
1401,9203-3-4,9203,3,9203-3,4,N
1402,9203-4-4,9203,4,9203-4,4,N
1403,9203-5-4,9203,5,9203-5,4,N
1404,9203-6-4,9203,6,9203-6,4,N
1405,9203-1-5,9203,1,9203-1,5,N
1406,9203-2-5,9203,2,9203-2,5,N
1407,9203-3-5,9203,3,9203-3,5,N
1408,9203-4-5,9203,4,9203-4,5,N
1409,9203-5-5,9203,5,9203-5,5,N
1410,9203-6-5,9203,6,9203-6,5,N
1411,9204-1-1,9204,1,9204-1,1,N
1412,9204-1-2,9204,1,9204-1,2,N
1413,9204-2-2,9204,2,9204-2,2,N
1414,9204-3-2,9204,3,9204-3,2,N
1415,9204-4-2,9204,4,9204-4,2,N
1416,9204-5-2,9204,5,9204-5,2,N
1417,9204-1-3,9204,1,9204-1,3,N
1418,9204-2-3,9204,2,9204-2,3,N
1419,9204-3-3,9204,3,9204-3,3,N
1420,9204-5-3,9204,5,9204-5,3,N
1421,9204-1-4,9204,1,9204-1,4,N
1422,9204-2-4,9204,2,9204-2,4,N
1423,9204-3-4,9204,3,9204-3,4,N
1424,9204-4-4,9204,4,9204-4,4,N
1425,9204-5-4,9204,5,9204-5,4,N
1426,9204-6-4,9204,6,9204-6,4,N
1427,9204-1-5,9204,1,9204-1,5,N
1428,9204-2-5,9204,2,9204-2,5,N
1429,9204-3-5,9204,3,9204-3,5,N
1430,9204-4-5,9204,4,9204-4,5,N
1431,9204-5-5,9204,5,9204-5,5,N
1432,9204-6-5,9204,6,9204-6,5,N
1433,126-1-1,126,1,126-1,1,NPK
1434,126-1-2,126,1,126-1,2,NPK
1435,126-1-3,126,1,126-1,3,NPK
1436,126-1-4,126,1,126-1,4,NPK
1437,126-1-5,126,1,126-1,5,NPK
1438,126-1-6,126,1,126-1,6,NPK
1439,126-1-7,126,1,126-1,7,NPK
1440,126-1-8,126,1,126-1,8,NPK
1441,126-1-9,126,1,126-1,9,NPK
1442,126-1-10,126,1,126-1,10,NPK
1443,126-1-11,126,1,126-1,11,NPK
1444,126-1-12,126,1,126-1,12,NPK
1445,126-1-13,126,1,126-1,13,NPK
1446,126-1-14,126,1,126-1,14,NPK
1447,126-1-15,126,1,126-1,15,NPK
1448,126-1-16,126,1,126-1,16,NPK
1449,126-1-17,126,1,126-1,17,NPK
1450,126-1-18,126,1,126-1,18,NPK
1451,126-1-19,126,1,126-1,19,NPK
1452,126-1-20,126,1,126-1,20,NPK
1453,126-1-21,126,1,126-1,21,NPK
1454,126-1-22,126,1,126-1,22,NPK
1455,126-1-23,126,1,126-1,23,NPK
1456,126-1-24,126,1,126-1,24,NPK
1457,126-1-25,126,1,126-1,25,NPK
1458,126-1-26,126,1,126-1,26,NPK
1459,126-1-27,126,1,126-1,27,NPK
1460,135-1-1,135,1,135-1,1,N
1461,135-1-2,135,1,135-1,2,N
1462,135-1-3,135,1,135-1,3,N
1463,135-1-4,135,1,135-1,4,N
1464,135-1-5,135,1,135-1,5,N
1465,135-2-1,135,2,135-2,1,N
1466,135-2-2,135,2,135-2,2,N
1467,135-2-3,135,2,135-2,3,N
1468,135-2-4,135,2,135-2,4,N
1469,135-3-1,135,3,135-3,1,N
1470,135-3-2,135,3,135-3,2,N
1471,135-3-3,135,3,135-3,3,N
1472,135-3-4,135,3,135-3,4,N
1473,135-3-5,135,3,135-3,5,N
1474,135-4-1,135,4,135-4,1,N
1475,135-4-2,135,4,135-4,2,N
1476,135-4-3,135,4,135-4,3,N
1477,135-4-4,135,4,135-4,4,N
1478,135-4-5,135,4,135-4,5,N
1479,135-5-1,135,5,135-5,1,N
1480,135-5-2,135,5,135-5,2,N
1481,135-5-3,135,5,135-5,3,N
1482,135-5-4,135,5,135-5,4,N
1483,135-5-5,135,5,135-5,5,N
1484,136-1-1,136,1,136-1,1,N
1485,136-1-2,136,1,136-1,2,N
1486,136-1-3,136,1,136-1,3,N
1487,136-1-4,136,1,136-1,4,N
1488,136-1-5,136,1,136-1,5,N
1489,136-1-6,136,1,136-1,6,N
1490,136-2-1,136,2,136-2,1,N
1491,136-2-2,136,2,136-2,2,N
1492,136-2-3,136,2,136-2,3,N
1493,136-2-4,136,2,136-2,4,N
1494,136-2-5,136,2,136-2,5,N
1495,136-2-6,136,2,136-2,6,N
1496,136-3-1,136,3,136-3,1,N
1497,136-3-2,136,3,136-3,2,N
1498,136-3-3,136,3,136-3,3,N
1499,136-3-4,136,3,136-3,4,N
1500,136-3-5,136,3,136-3,5,N
1501,136-3-6,136,3,136-3,6,N
1502,137-1-1,137,1,137-1,1,N
1503,137-1-2,137,1,137-1,2,N
1504,137-1-3,137,1,137-1,3,N
1505,137-1-4,137,1,137-1,4,N
1506,137-1-5,137,1,137-1,5,N
1507,137-1-6,137,1,137-1,6,N
1508,137-2-1,137,2,137-2,1,N
1509,137-2-2,137,2,137-2,2,N
1510,137-2-3,137,2,137-2,3,N
1511,137-2-4,137,2,137-2,4,N
1512,137-2-5,137,2,137-2,5,N
1513,137-3-1,137,3,137-3,1,N
1514,137-3-2,137,3,137-3,2,N
1515,137-3-3,137,3,137-3,3,N
1516,137-3-4,137,3,137-3,4,N
1517,137-3-5,137,3,137-3,5,N
1518,137-3-6,137,3,137-3,6,N
1519,138-1-1,138,1,138-1,1,N
1520,138-1-2,138,1,138-1,2,N
1521,138-1-3,138,1,138-1,3,N
1522,138-1-4,138,1,138-1,4,N
1523,138-1-5,138,1,138-1,5,N
1524,138-2-1,138,2,138-2,1,N
1525,138-2-2,138,2,138-2,2,N
1526,138-2-3,138,2,138-2,3,N
1527,138-2-4,138,2,138-2,4,N
1528,138-2-5,138,2,138-2,5,N
1529,138-3-1,138,3,138-3,1,N
1530,138-3-2,138,3,138-3,2,N
1531,138-3-3,138,3,138-3,3,N
1532,138-3-4,138,3,138-3,4,N
1533,138-3-5,138,3,138-3,5,N
1534,139-1-1,139,1,139-1,1,N
1535,139-1-2,139,1,139-1,2,N
1536,139-1-3,139,1,139-1,3,N
1537,139-1-4,139,1,139-1,4,N
1538,139-1-5,139,1,139-1,5,N
1539,139-1-6,139,1,139-1,6,N
1540,139-1-7,139,1,139-1,7,N
1541,139-2-1,139,2,139-2,1,N
1542,139-2-2,139,2,139-2,2,N
1543,139-2-3,139,2,139-2,3,N
1544,139-2-4,139,2,139-2,4,N
1545,139-2-5,139,2,139-2,5,N
1546,139-2-6,139,2,139-2,6,N
1547,139-2-7,139,2,139-2,7,N
1548,139-3-1,139,3,139-3,1,N
1549,139-3-2,139,3,139-3,2,N
1550,139-3-3,139,3,139-3,3,N
1551,139-3-4,139,3,139-3,4,N
1552,139-3-5,139,3,139-3,5,N
1553,139-3-6,139,3,139-3,6,N
1554,139-3-7,139,3,139-3,7,N
1574,142-1-1,142,1,142-1,1,N
1575,142-1-2,142,1,142-1,2,N
1576,142-1-3,142,1,142-1,3,N
1577,142-1-4,142,1,142-1,4,N
1578,142-1-5,142,1,142-1,5,N
1579,142-1-6,142,1,142-1,6,N
1580,142-2-1,142,2,142-2,1,N
1581,142-2-2,142,2,142-2,2,N
1582,142-2-3,142,2,142-2,3,N
1583,142-2-4,142,2,142-2,4,N
1584,142-2-5,142,2,142-2,5,N
1585,142-2-6,142,2,142-2,6,N
1586,142-3-1,142,3,142-3,1,N
1587,142-3-2,142,3,142-3,2,N
1588,142-3-3,142,3,142-3,3,N
1589,142-3-4,142,3,142-3,4,N
1590,142-3-5,142,3,142-3,5,N
1591,142-3-6,142,3,142-3,6,N
1592,143-1-1,143,1,143-1,1,N
1593,143-1-2,143,1,143-1,2,N
1594,143-1-3,143,1,143-1,3,N
1595,143-1-4,143,1,143-1,4,N
1596,143-1-5,143,1,143-1,5,N
1597,143-1-6,143,1,143-1,6,N
1598,143-2-1,143,2,143-2,1,N
1599,143-2-2,143,2,143-2,2,N
1600,143-2-3,143,2,143-2,3,N
1601,143-2-4,143,2,143-2,4,N
1602,143-2-5,143,2,143-2,5,N
1603,143-2-6,143,2,143-2,6,N
1604,143-3-1,143,3,143-3,1,N
1605,143-3-2,143,3,143-3,2,N
1606,143-3-3,143,3,143-3,3,N
1607,143-3-4,143,3,143-3,4,N
1608,143-3-5,143,3,143-3,5,N
1609,143-3-6,143,3,143-3,6,N
1610,146-1-1,146,1,146-1,1,N
1611,146-1-2,146,1,146-1,2,N
1612,146-1-3,146,1,146-1,3,N
1613,146-1-4,146,1,146-1,4,N
1614,146-1-5,146,1,146-1,5,N
1615,146-1-6,146,1,146-1,6,N
1619,150-1-1,150,1,150-1,1,N
1620,150-1-2,150,1,150-1,2,N
1621,150-1-3,150,1,150-1,3,N
1622,150-1-4,150,1,150-1,4,N
1623,150-1-5,150,1,150-1,5,N
1624,150-1-6,150,1,150-1,6,N
1625,150-2-1,150,2,150-2,1,N
1626,150-2-2,150,2,150-2,2,N
1627,150-2-3,150,2,150-2,3,N
1628,150-2-4,150,2,150-2,4,N
1629,150-2-5,150,2,150-2,5,N
1630,150-2-6,150,2,150-2,6,N
1631,150-3-1,150,3,150-3,1,N
1632,150-3-2,150,3,150-3,2,N
1633,150-3-3,150,3,150-3,3,N
1634,150-3-4,150,3,150-3,4,N
1635,150-3-5,150,3,150-3,5,N
1636,150-3-6,150,3,150-3,6,N
1654,152-2-1,152,2,152-2,1,N
1655,152-2-3,152,2,152-2,3,N
1656,152-2-4,152,2,152-2,4,N
1657,152-2-5,152,2,152-2,5,N
1721,159-1-1,159,1,159-1,1,N
1722,159-1-2,159,1,159-1,2,N
1723,159-1-3,159,1,159-1,3,N
1724,159-1-4,159,1,159-1,4,N
1725,159-1-5,159,1,159-1,5,N
1726,159-1-6,159,1,159-1,6,N
1727,159-2-1,159,2,159-2,1,N
1728,159-2-2,159,2,159-2,2,N
1729,159-2-3,159,2,159-2,3,N
1730,159-2-4,159,2,159-2,4,N
1731,159-2-5,159,2,159-2,5,N
1732,159-2-6,159,2,159-2,6,N
1733,159-3-1,159,3,159-3,1,N
1734,159-3-2,159,3,159-3,2,N
1735,159-3-3,159,3,159-3,3,N
1736,159-3-4,159,3,159-3,4,N
1737,159-3-5,159,3,159-3,5,N
1738,159-3-6,159,3,159-3,6,N
1739,161-1-1,161,1,161-1,1,N
1740,161-1-2,161,1,161-1,2,N
1741,161-1-3,161,1,161-1,3,N
1742,161-1-4,161,1,161-1,4,N
1743,161-1-5,161,1,161-1,5,N
1744,161-1-6,161,1,161-1,6,N
1745,161-2-1,161,2,161-2,1,N
1746,161-2-2,161,2,161-2,2,N
1747,161-2-3,161,2,161-2,3,N
1748,161-2-4,161,2,161-2,4,N
1749,161-2-5,161,2,161-2,5,N
1750,161-2-6,161,2,161-2,6,N
1751,161-3-1,161,3,161-3,1,N
1752,161-3-2,161,3,161-3,2,N
1753,161-3-3,161,3,161-3,3,N
1754,161-3-4,161,3,161-3,4,N
1755,161-3-5,161,3,161-3,5,N
1756,161-3-6,161,3,161-3,6,N
1757,162-1-1,162,1,162-1,1,N
1758,162-1-2,162,1,162-1,2,N
1759,162-1-3,162,1,162-1,3,N
1760,162-1-4,162,1,162-1,4,N
1761,162-1-5,162,1,162-1,5,N
1762,162-1-6,162,1,162-1,6,N
1763,162-2-1,162,2,162-2,1,N
1764,162-2-2,162,2,162-2,2,N
1765,162-2-3,162,2,162-2,3,N
1766,162-2-4,162,2,162-2,4,N
1767,162-2-5,162,2,162-2,5,N
1768,162-2-6,162,2,162-2,6,N
1769,162-3-1,162,3,162-3,1,N
1770,162-3-2,162,3,162-3,2,N
1771,162-3-3,162,3,162-3,3,N
1772,162-3-4,162,3,162-3,4,N
1773,162-3-5,162,3,162-3,5,N
1774,162-3-6,162,3,162-3,6,N
1775,191-1-6,191,1,191-1,6,N
1776,191-1-1,191,1,191-1,1,N
1777,191-1-2,191,1,191-1,2,N
1778,191-1-3,191,1,191-1,3,N
1779,191-1-4,191,1,191-1,4,N
1780,191-1-5,191,1,191-1,5,N
1781,191-2-6,191,2,191-2,6,N
1782,191-2-1,191,2,191-2,1,N
1783,191-2-2,191,2,191-2,2,N
1784,191-2-3,191,2,191-2,3,N
1785,191-2-4,191,2,191-2,4,N
1786,191-2-5,191,2,191-2,5,N
1787,191-3-6,191,3,191-3,6,N
1788,191-3-1,191,3,191-3,1,N
1789,191-3-2,191,3,191-3,2,N
1790,191-3-3,191,3,191-3,3,N
1791,191-3-4,191,3,191-3,4,N
1792,191-3-5,191,3,191-3,5,N
1793,191-4-6,191,4,191-4,6,N
1794,191-4-1,191,4,191-4,1,N
1795,191-4-2,191,4,191-4,2,N
1796,191-4-3,191,4,191-4,3,N
1797,191-4-4,191,4,191-4,4,N
1798,191-4-5,191,4,191-4,5,N
1799,192-1-6,192,1,192-1,6,N
1800,192-1-1,192,1,192-1,1,N
1801,192-1-2,192,1,192-1,2,N
1802,192-1-3,192,1,192-1,3,N
1803,192-1-4,192,1,192-1,4,N
1804,192-1-5,192,1,192-1,5,N
1805,192-2-6,192,2,192-2,6,N
1806,192-2-1,192,2,192-2,1,N
1807,192-2-2,192,2,192-2,2,N
1808,192-2-3,192,2,192-2,3,N
1809,192-2-4,192,2,192-2,4,N
1810,192-2-5,192,2,192-2,5,N
1811,192-3-6,192,3,192-3,6,N
1812,192-3-1,192,3,192-3,1,N
1813,192-3-2,192,3,192-3,2,N
1814,192-3-3,192,3,192-3,3,N
1815,192-3-4,192,3,192-3,4,N
1816,192-3-5,192,3,192-3,5,N
1817,192-4-6,192,4,192-4,6,N
1818,192-4-1,192,4,192-4,1,N
1819,192-4-2,192,4,192-4,2,N
1820,192-4-3,192,4,192-4,3,N
1821,192-4-4,192,4,192-4,4,N
1822,192-4-5,192,4,192-4,5,N
1823,193-1-6,193,1,193-1,6,N
1824,193-1-1,193,1,193-1,1,N
1825,193-1-2,193,1,193-1,2,N
1826,193-1-3,193,1,193-1,3,N
1827,193-1-4,193,1,193-1,4,N
1828,193-1-5,193,1,193-1,5,N
1829,193-2-6,193,2,193-2,6,N
1830,193-2-1,193,2,193-2,1,N
1831,193-2-2,193,2,193-2,2,N
1832,193-2-3,193,2,193-2,3,N
1833,193-2-4,193,2,193-2,4,N
1834,193-2-5,193,2,193-2,5,N
1835,193-3-6,193,3,193-3,6,N
1836,193-3-1,193,3,193-3,1,N
1837,193-3-2,193,3,193-3,2,N
1838,193-3-3,193,3,193-3,3,N
1839,193-3-4,193,3,193-3,4,N
1840,193-3-5,193,3,193-3,5,N
1841,193-4-6,193,4,193-4,6,N
1842,193-4-1,193,4,193-4,1,N
1843,193-4-2,193,4,193-4,2,N
1844,193-4-3,193,4,193-4,3,N
1845,193-4-4,193,4,193-4,4,N
1846,193-4-5,193,4,193-4,5,N
1847,194-1-1,194,1,194-1,1,P
1848,194-1-2,194,1,194-1,2,P
1849,194-1-3,194,1,194-1,3,P
1850,194-1-4,194,1,194-1,4,P
1852,194-2-1,194,2,194-2,1,P
1853,194-2-2,194,2,194-2,2,P
1854,194-2-3,194,2,194-2,3,P
1855,194-2-4,194,2,194-2,4,P
1857,194-3-1,194,3,194-3,1,P
1858,194-3-2,194,3,194-3,2,P
1859,194-3-3,194,3,194-3,3,P
1860,194-3-4,194,3,194-3,4,P
1862,194-4-1,194,4,194-4,1,P
1863,194-4-2,194,4,194-4,2,P
1864,194-4-3,194,4,194-4,3,P
1865,194-4-4,194,4,194-4,4,P
1867,194-5-1,194,5,194-5,1,P
1868,194-5-2,194,5,194-5,2,P
1869,194-5-3,194,5,194-5,3,P
1870,194-5-4,194,5,194-5,4,P
1872,194-6-1,194,6,194-6,1,P
1873,194-6-2,194,6,194-6,2,P
1874,194-6-3,194,6,194-6,3,P
1875,194-6-4,194,6,194-6,4,P
1906,196-1-1,196,1,196-1,1,P
1907,196-1-2,196,1,196-1,2,P
1908,196-1-3,196,1,196-1,3,P
1909,196-1-4,196,1,196-1,4,P
1910,196-1-5,196,1,196-1,5,P
1911,196-1-6,196,1,196-1,6,P
1912,196-2-1,196,2,196-2,1,P
1913,196-2-2,196,2,196-2,2,P
1914,196-2-3,196,2,196-2,3,P
1915,196-2-4,196,2,196-2,4,P
1916,196-2-5,196,2,196-2,5,P
1917,196-2-6,196,2,196-2,6,P
1918,196-3-1,196,3,196-3,1,P
1919,196-3-2,196,3,196-3,2,P
1920,196-3-3,196,3,196-3,3,P
1921,196-3-4,196,3,196-3,4,P
1922,196-3-5,196,3,196-3,5,P
1923,196-3-6,196,3,196-3,6,P
1924,196-4-1,196,4,196-4,1,P
1925,196-4-2,196,4,196-4,2,P
1926,196-4-3,196,4,196-4,3,P
1927,196-4-4,196,4,196-4,4,P
1928,196-4-5,196,4,196-4,5,P
1929,196-4-6,196,4,196-4,6,P
1930,196-5-1,196,5,196-5,1,P
1931,196-5-2,196,5,196-5,2,P
1932,196-5-3,196,5,196-5,3,P
1933,196-5-4,196,5,196-5,4,P
1934,196-5-5,196,5,196-5,5,P
1935,196-5-6,196,5,196-5,6,P
1936,196-6-1,196,6,196-6,1,P
1937,196-6-2,196,6,196-6,2,P
1938,196-6-3,196,6,196-6,3,P
1939,196-6-4,196,6,196-6,4,P
1940,196-6-5,196,6,196-6,5,P
1941,196-6-6,196,6,196-6,6,P
1942,197-1-1,197,1,197-1,1,P
1943,197-1-2,197,1,197-1,2,P
1944,197-1-3,197,1,197-1,3,P
1945,197-1-4,197,1,197-1,4,P
1946,197-2-1,197,2,197-2,1,P
1947,197-2-2,197,2,197-2,2,P
1948,197-2-3,197,2,197-2,3,P
1949,197-2-4,197,2,197-2,4,P
1950,197-3-1,197,3,197-3,1,P
1951,197-3-2,197,3,197-3,2,P
1952,197-3-3,197,3,197-3,3,P
1953,197-3-4,197,3,197-3,4,P
1954,197-4-1,197,4,197-4,1,P
1955,197-4-2,197,4,197-4,2,P
1956,197-4-3,197,4,197-4,3,P
1957,197-4-4,197,4,197-4,4,P
1958,197-5-1,197,5,197-5,1,P
1959,197-5-2,197,5,197-5,2,P
1960,197-5-3,197,5,197-5,3,P
1961,197-5-4,197,5,197-5,4,P
1962,197-6-1,197,6,197-6,1,P
1963,197-6-2,197,6,197-6,2,P
1964,197-6-3,197,6,197-6,3,P
1965,197-6-4,197,6,197-6,4,P
1966,199-1-1,199,1,199-1,1,P
1967,199-1-2,199,1,199-1,2,P
1968,199-1-3,199,1,199-1,3,P
1969,199-1-4,199,1,199-1,4,P
1970,199-2-1,199,2,199-2,1,P
1971,199-2-2,199,2,199-2,2,P
1972,199-2-3,199,2,199-2,3,P
1973,199-2-4,199,2,199-2,4,P
1974,199-3-1,199,3,199-3,1,P
1975,199-3-2,199,3,199-3,2,P
1976,199-3-3,199,3,199-3,3,P
1977,199-3-4,199,3,199-3,4,P
1978,199-4-1,199,4,199-4,1,P
1979,199-4-2,199,4,199-4,2,P
1980,199-4-3,199,4,199-4,3,P
1981,199-4-4,199,4,199-4,4,P
1982,199-5-1,199,5,199-5,1,P
1983,199-5-2,199,5,199-5,2,P
1984,199-5-3,199,5,199-5,3,P
1985,199-5-4,199,5,199-5,4,P
1986,199-6-1,199,6,199-6,1,P
1987,199-6-2,199,6,199-6,2,P
1988,199-6-3,199,6,199-6,3,P
1989,199-6-4,199,6,199-6,4,P
2050,203-1-1,203,1,203-1,1,P
2051,203-1-2,203,1,203-1,2,P
2052,203-1-3,203,1,203-1,3,P
2053,203-1-4,203,1,203-1,4,P
2054,203-1-5,203,1,203-1,5,P
2055,203-1-6,203,1,203-1,6,P
2056,203-1-7,203,1,203-1,7,P
2057,203-1-8,203,1,203-1,8,P
2058,203-1-9,203,1,203-1,9,P
2059,203-1-10,203,1,203-1,10,P
2060,203-2-1,203,2,203-2,1,P
2061,203-2-2,203,2,203-2,2,P
2062,203-2-3,203,2,203-2,3,P
2063,203-2-4,203,2,203-2,4,P
2064,203-2-5,203,2,203-2,5,P
2065,203-2-6,203,2,203-2,6,P
2066,203-2-7,203,2,203-2,7,P
2067,203-2-8,203,2,203-2,8,P
2068,203-2-9,203,2,203-2,9,P
2069,203-2-10,203,2,203-2,10,P
2070,203-3-1,203,3,203-3,1,P
2071,203-3-2,203,3,203-3,2,P
2072,203-3-3,203,3,203-3,3,P
2073,203-3-4,203,3,203-3,4,P
2074,203-3-5,203,3,203-3,5,P
2075,203-3-6,203,3,203-3,6,P
2076,203-3-7,203,3,203-3,7,P
2077,203-3-8,203,3,203-3,8,P
2078,203-3-9,203,3,203-3,9,P
2079,203-3-10,203,3,203-3,10,P
2080,236-1-1,236,1,236-1,1,P
2081,236-1-2,236,1,236-1,2,P
2082,236-1-3,236,1,236-1,3,P
2083,236-1-4,236,1,236-1,4,P
2084,236-1-5,236,1,236-1,5,P
2085,236-1-6,236,1,236-1,6,P
2086,236-1-7,236,1,236-1,7,P
2087,236-1-8,236,1,236-1,8,P
2088,236-1-9,236,1,236-1,9,P
2089,236-1-10,236,1,236-1,10,P
2090,236-1-11,236,1,236-1,11,P
2091,236-2-1,236,2,236-2,1,P
2092,236-2-2,236,2,236-2,2,P
2093,236-2-3,236,2,236-2,3,P
2094,236-2-4,236,2,236-2,4,P
2095,236-2-5,236,2,236-2,5,P
2096,236-2-6,236,2,236-2,6,P
2097,236-2-7,236,2,236-2,7,P
2098,236-2-8,236,2,236-2,8,P
2099,236-2-9,236,2,236-2,9,P
2100,236-2-10,236,2,236-2,10,P
2101,236-2-11,236,2,236-2,11,P
2102,236-3-1,236,3,236-3,1,P
2103,236-3-2,236,3,236-3,2,P
2104,236-3-3,236,3,236-3,3,P
2105,236-3-4,236,3,236-3,4,P
2106,236-3-5,236,3,236-3,5,P
2107,236-3-6,236,3,236-3,6,P
2108,236-3-7,236,3,236-3,7,P
2109,236-3-8,236,3,236-3,8,P
2110,236-3-9,236,3,236-3,9,P
2111,236-3-10,236,3,236-3,10,P
2112,236-3-11,236,3,236-3,11,P
2113,236-4-1,236,4,236-4,1,P
2114,236-4-2,236,4,236-4,2,P
2115,236-4-3,236,4,236-4,3,P
2116,236-4-4,236,4,236-4,4,P
2117,236-4-5,236,4,236-4,5,P
2118,236-4-6,236,4,236-4,6,P
2119,236-4-7,236,4,236-4,7,P
2120,236-4-8,236,4,236-4,8,P
2121,236-4-9,236,4,236-4,9,P
2122,236-4-10,236,4,236-4,10,P
2123,236-4-11,236,4,236-4,11,P
2124,237-1-1,237,1,237-1,1,P
2125,237-1-2,237,1,237-1,2,P
2126,237-1-3,237,1,237-1,3,P
2127,237-1-4,237,1,237-1,4,P
2128,237-1-5,237,1,237-1,5,P
2129,237-1-6,237,1,237-1,6,P
2130,237-2-1,237,2,237-2,1,P
2131,237-2-2,237,2,237-2,2,P
2132,237-2-3,237,2,237-2,3,P
2133,237-2-4,237,2,237-2,4,P
2134,237-2-5,237,2,237-2,5,P
2135,237-2-6,237,2,237-2,6,P
2136,237-3-1,237,3,237-3,1,P
2137,237-3-2,237,3,237-3,2,P
2138,237-3-3,237,3,237-3,3,P
2139,237-3-4,237,3,237-3,4,P
2140,237-3-5,237,3,237-3,5,P
2141,237-3-6,237,3,237-3,6,P
2142,237-4-1,237,4,237-4,1,P
2143,237-4-2,237,4,237-4,2,P
2144,237-4-3,237,4,237-4,3,P
2145,237-4-4,237,4,237-4,4,P
2146,237-4-5,237,4,237-4,5,P
2147,237-4-6,237,4,237-4,6,P
2148,239-1-1,239,1,239-1,1,P
2149,239-1-2,239,1,239-1,2,P
2150,239-1-3,239,1,239-1,3,P
2151,239-1-4,239,1,239-1,4,P
2152,239-1-5,239,1,239-1,5,P
2153,239-1-6,239,1,239-1,6,P
2154,239-1-7,239,1,239-1,7,P
2155,239-1-8,239,1,239-1,8,P
2156,239-1-9,239,1,239-1,9,P
2157,239-1-10,239,1,239-1,10,P
2158,239-2-1,239,2,239-2,1,P
2159,239-2-2,239,2,239-2,2,P
2160,239-2-3,239,2,239-2,3,P
2161,239-2-4,239,2,239-2,4,P
2162,239-2-5,239,2,239-2,5,P
2163,239-2-6,239,2,239-2,6,P
2164,239-2-7,239,2,239-2,7,P
2165,239-2-8,239,2,239-2,8,P
2166,239-2-9,239,2,239-2,9,P
2167,239-2-10,239,2,239-2,10,P
2168,239-3-1,239,3,239-3,1,P
2169,239-3-2,239,3,239-3,2,P
2170,239-3-3,239,3,239-3,3,P
2171,239-3-4,239,3,239-3,4,P
2172,239-3-5,239,3,239-3,5,P
2173,239-3-6,239,3,239-3,6,P
2174,239-3-7,239,3,239-3,7,P
2175,239-3-8,239,3,239-3,8,P
2176,239-3-9,239,3,239-3,9,P
2177,239-3-10,239,3,239-3,10,P
2178,240-1-1,240,1,240-1,1,P
2179,240-1-2,240,1,240-1,2,P
2180,240-1-3,240,1,240-1,3,P
2181,240-1-4,240,1,240-1,4,P
2182,240-1-5,240,1,240-1,5,P
2183,240-1-6,240,1,240-1,6,P
2184,240-1-7,240,1,240-1,7,P
2185,240-1-8,240,1,240-1,8,P
2186,240-1-9,240,1,240-1,9,P
2187,240-1-10,240,1,240-1,10,P
2198,240-3-1,240,3,240-3,1,P
2199,240-3-2,240,3,240-3,2,P
2200,240-3-3,240,3,240-3,3,P
2201,240-3-4,240,3,240-3,4,P
2202,240-3-5,240,3,240-3,5,P
2203,240-3-6,240,3,240-3,6,P
2204,240-3-7,240,3,240-3,7,P
2205,240-3-8,240,3,240-3,8,P
2206,240-3-9,240,3,240-3,9,P
2207,240-3-10,240,3,240-3,10,P
2208,241-1-1,241,1,241-1,1,P
2209,241-1-2,241,1,241-1,2,P
2210,241-1-3,241,1,241-1,3,P
2211,241-1-4,241,1,241-1,4,P
2212,241-1-5,241,1,241-1,5,P
2213,241-1-6,241,1,241-1,6,P
2214,241-1-7,241,1,241-1,7,P
2215,241-1-8,241,1,241-1,8,P
2216,241-1-9,241,1,241-1,9,P
2217,241-1-10,241,1,241-1,10,P
2218,241-2-1,241,2,241-2,1,P
2219,241-2-2,241,2,241-2,2,P
2220,241-2-3,241,2,241-2,3,P
2221,241-2-4,241,2,241-2,4,P
2222,241-2-5,241,2,241-2,5,P
2223,241-2-6,241,2,241-2,6,P
2224,241-2-7,241,2,241-2,7,P
2225,241-2-8,241,2,241-2,8,P
2226,241-2-9,241,2,241-2,9,P
2227,241-2-10,241,2,241-2,10,P
2228,241-3-1,241,3,241-3,1,P
2229,241-3-2,241,3,241-3,2,P
2230,241-3-3,241,3,241-3,3,P
2231,241-3-4,241,3,241-3,4,P
2232,241-3-5,241,3,241-3,5,P
2233,241-3-6,241,3,241-3,6,P
2234,241-3-7,241,3,241-3,7,P
2235,241-3-8,241,3,241-3,8,P
2236,241-3-9,241,3,241-3,9,P
2237,241-3-10,241,3,241-3,10,P
2238,243-1-1,243,1,243-1,1,P
2239,243-1-2,243,1,243-1,2,P
2240,243-1-3,243,1,243-1,3,P
2241,243-1-4,243,1,243-1,4,P
2242,243-1-5,243,1,243-1,5,P
2243,243-1-6,243,1,243-1,6,P
2244,243-1-7,243,1,243-1,7,P
2245,243-1-8,243,1,243-1,8,P
2246,243-1-9,243,1,243-1,9,P
2248,243-2-1,243,2,243-2,1,P
2249,243-2-2,243,2,243-2,2,P
2250,243-2-3,243,2,243-2,3,P
2251,243-2-4,243,2,243-2,4,P
2252,243-2-5,243,2,243-2,5,P
2253,243-2-6,243,2,243-2,6,P
2254,243-2-7,243,2,243-2,7,P
2255,243-2-8,243,2,243-2,8,P
2256,243-2-9,243,2,243-2,9,P
2258,243-3-1,243,3,243-3,1,P
2259,243-3-2,243,3,243-3,2,P
2260,243-3-3,243,3,243-3,3,P
2261,243-3-4,243,3,243-3,4,P
2262,243-3-5,243,3,243-3,5,P
2263,243-3-6,243,3,243-3,6,P
2264,243-3-7,243,3,243-3,7,P
2265,243-3-8,243,3,243-3,8,P
2266,243-3-9,243,3,243-3,9,P
2268,244-1-1,244,1,244-1,1,P
2269,244-1-2,244,1,244-1,2,P
2270,244-1-3,244,1,244-1,3,P
2271,244-1-4,244,1,244-1,4,P
2272,244-1-5,244,1,244-1,5,P
2273,244-1-6,244,1,244-1,6,P
2274,244-1-7,244,1,244-1,7,P
2275,244-1-8,244,1,244-1,8,P
2276,244-1-9,244,1,244-1,9,P
2278,244-2-1,244,2,244-2,1,P
2279,244-2-2,244,2,244-2,2,P
2280,244-2-3,244,2,244-2,3,P
2281,244-2-4,244,2,244-2,4,P
2282,244-2-5,244,2,244-2,5,P
2283,244-2-6,244,2,244-2,6,P
2284,244-2-7,244,2,244-2,7,P
2285,244-2-8,244,2,244-2,8,P
2286,244-2-9,244,2,244-2,9,P
2288,244-3-1,244,3,244-3,1,P
2289,244-3-2,244,3,244-3,2,P
2290,244-3-3,244,3,244-3,3,P
2291,244-3-4,244,3,244-3,4,P
2292,244-3-5,244,3,244-3,5,P
2293,244-3-6,244,3,244-3,6,P
2294,244-3-7,244,3,244-3,7,P
2295,244-3-8,244,3,244-3,8,P
2296,244-3-9,244,3,244-3,9,P
2298,246-1-1,246,1,246-1,1,P
2299,246-1-2,246,1,246-1,2,P
2300,246-1-3,246,1,246-1,3,P
2301,246-1-4,246,1,246-1,4,P
2302,246-1-5,246,1,246-1,5,P
2303,246-1-6,246,1,246-1,6,P
2304,246-1-7,246,1,246-1,7,P
2305,246-1-8,246,1,246-1,8,P
2306,246-1-9,246,1,246-1,9,P
2307,246-2-1,246,2,246-2,1,P
2308,246-2-2,246,2,246-2,2,P
2309,246-2-3,246,2,246-2,3,P
2310,246-2-4,246,2,246-2,4,P
2311,246-2-5,246,2,246-2,5,P
2312,246-2-6,246,2,246-2,6,P
2313,246-2-7,246,2,246-2,7,P
2314,246-2-8,246,2,246-2,8,P
2315,246-2-9,246,2,246-2,9,P
2316,246-3-1,246,3,246-3,1,P
2317,246-3-2,246,3,246-3,2,P
2318,246-3-3,246,3,246-3,3,P
2319,246-3-4,246,3,246-3,4,P
2320,246-3-5,246,3,246-3,5,P
2321,246-3-6,246,3,246-3,6,P
2322,246-3-7,246,3,246-3,7,P
2323,246-3-8,246,3,246-3,8,P
2324,246-3-9,246,3,246-3,9,P
2325,247-1-1,247,1,247-1,1,P
2326,247-1-2,247,1,247-1,2,P
2327,247-1-3,247,1,247-1,3,P
2328,247-1-4,247,1,247-1,4,P
2329,247-1-5,247,1,247-1,5,P
2330,247-1-6,247,1,247-1,6,P
2331,247-1-7,247,1,247-1,7,P
2332,247-1-8,247,1,247-1,8,P
2333,247-1-9,247,1,247-1,9,P
2335,247-2-2,247,2,247-2,2,P
2336,247-2-3,247,2,247-2,3,P
2337,247-2-4,247,2,247-2,4,P
2338,247-2-5,247,2,247-2,5,P
2339,247-2-6,247,2,247-2,6,P
2344,247-3-2,247,3,247-3,2,P
2345,247-3-3,247,3,247-3,3,P
2346,247-3-4,247,3,247-3,4,P
2347,247-3-5,247,3,247-3,5,P
2348,247-3-6,247,3,247-3,6,P
2352,248-1-1,248,1,248-1,1,P
2353,248-1-2,248,1,248-1,2,P
2354,248-1-3,248,1,248-1,3,P
2355,248-1-4,248,1,248-1,4,P
2356,248-1-5,248,1,248-1,5,P
2357,248-1-6,248,1,248-1,6,P
2358,248-1-7,248,1,248-1,7,P
2359,248-1-8,248,1,248-1,8,P
2360,248-1-9,248,1,248-1,9,P
2361,248-1-10,248,1,248-1,10,P
2363,248-2-1,248,2,248-2,1,P
2364,248-2-2,248,2,248-2,2,P
2365,248-2-3,248,2,248-2,3,P
2366,248-2-4,248,2,248-2,4,P
2367,248-2-5,248,2,248-2,5,P
2368,248-2-6,248,2,248-2,6,P
2369,248-2-7,248,2,248-2,7,P
2370,248-2-8,248,2,248-2,8,P
2371,248-2-9,248,2,248-2,9,P
2372,248-2-10,248,2,248-2,10,P
2374,248-3-1,248,3,248-3,1,P
2375,248-3-2,248,3,248-3,2,P
2376,248-3-3,248,3,248-3,3,P
2377,248-3-4,248,3,248-3,4,P
2378,248-3-6,248,3,248-3,6,P
2379,248-3-7,248,3,248-3,7,P
2380,248-3-8,248,3,248-3,8,P
2381,248-3-9,248,3,248-3,9,P
2382,248-3-10,248,3,248-3,10,P
2384,250-1-1,250,1,250-1,1,P
2385,250-1-2,250,1,250-1,2,P
2386,250-1-3,250,1,250-1,3,P
2387,250-1-4,250,1,250-1,4,P
2388,250-1-5,250,1,250-1,5,P
2389,250-1-6,250,1,250-1,6,P
2390,250-1-7,250,1,250-1,7,P
2391,250-1-8,250,1,250-1,8,P
2392,250-1-9,250,1,250-1,9,P
2393,250-1-10,250,1,250-1,10,P
2395,250-2-1,250,2,250-2,1,P
2396,250-2-2,250,2,250-2,2,P
2397,250-2-3,250,2,250-2,3,P
2398,250-2-4,250,2,250-2,4,P
2399,250-2-5,250,2,250-2,5,P
2400,250-2-6,250,2,250-2,6,P
2401,250-2-7,250,2,250-2,7,P
2402,250-2-8,250,2,250-2,8,P
2403,250-2-9,250,2,250-2,9,P
2404,250-2-10,250,2,250-2,10,P
2406,250-3-1,250,3,250-3,1,P
2407,250-3-2,250,3,250-3,2,P
2408,250-3-3,250,3,250-3,3,P
2409,250-3-4,250,3,250-3,4,P
2410,250-3-5,250,3,250-3,5,P
2411,250-3-6,250,3,250-3,6,P
2412,250-3-7,250,3,250-3,7,P
2413,250-3-8,250,3,250-3,8,P
2414,250-3-9,250,3,250-3,9,P
2415,250-3-10,250,3,250-3,10,P
2417,251-1-1,251,1,251-1,1,P
2418,251-1-2,251,1,251-1,2,P
2419,251-1-3,251,1,251-1,3,P
2420,251-1-4,251,1,251-1,4,P
2421,251-1-5,251,1,251-1,5,P
2422,251-1-6,251,1,251-1,6,P
2423,251-1-7,251,1,251-1,7,P
2424,251-1-8,251,1,251-1,8,P
2425,251-1-9,251,1,251-1,9,P
2426,251-1-10,251,1,251-1,10,P
2428,251-2-1,251,2,251-2,1,P
2429,251-2-2,251,2,251-2,2,P
2430,251-2-3,251,2,251-2,3,P
2431,251-2-4,251,2,251-2,4,P
2432,251-2-5,251,2,251-2,5,P
2433,251-2-6,251,2,251-2,6,P
2434,251-2-7,251,2,251-2,7,P
2435,251-2-8,251,2,251-2,8,P
2436,251-2-9,251,2,251-2,9,P
2437,251-2-10,251,2,251-2,10,P
2439,251-3-1,251,3,251-3,1,P
2440,251-3-2,251,3,251-3,2,P
2441,251-3-3,251,3,251-3,3,P
2442,251-3-4,251,3,251-3,4,P
2443,251-3-5,251,3,251-3,5,P
2444,251-3-6,251,3,251-3,6,P
2445,251-3-7,251,3,251-3,7,P
2446,251-3-8,251,3,251-3,8,P
2447,251-3-9,251,3,251-3,9,P
2448,251-3-10,251,3,251-3,10,P
2459,253-2-1,253,2,253-2,1,P
2460,253-2-2,253,2,253-2,2,P
2461,253-2-3,253,2,253-2,3,P
2462,253-2-4,253,2,253-2,4,P
2463,253-2-5,253,2,253-2,5,P
2464,253-2-6,253,2,253-2,6,P
2465,253-2-7,253,2,253-2,7,P
2466,253-2-8,253,2,253-2,8,P
2467,253-2-9,253,2,253-2,9,P
2468,253-3-1,253,3,253-3,1,P
2469,253-3-2,253,3,253-3,2,P
2470,253-3-3,253,3,253-3,3,P
2471,253-3-4,253,3,253-3,4,P
2472,253-3-5,253,3,253-3,5,P
2473,253-3-6,253,3,253-3,6,P
2474,253-3-7,253,3,253-3,7,P
2475,253-3-8,253,3,253-3,8,P
2476,253-3-9,253,3,253-3,9,P
2504,255-1-1,255,1,255-1,1,P
2505,255-1-2,255,1,255-1,2,P
2506,255-1-3,255,1,255-1,3,P
2507,255-1-4,255,1,255-1,4,P
2508,255-1-5,255,1,255-1,5,P
2509,255-1-6,255,1,255-1,6,P
2510,255-2-1,255,2,255-2,1,P
2511,255-2-2,255,2,255-2,2,P
2512,255-2-3,255,2,255-2,3,P
2513,255-2-4,255,2,255-2,4,P
2514,255-2-5,255,2,255-2,5,P
2515,255-2-6,255,2,255-2,6,P
2516,255-3-1,255,3,255-3,1,P
2517,255-3-2,255,3,255-3,2,P
2518,255-3-3,255,3,255-3,3,P
2519,255-3-4,255,3,255-3,4,P
2520,255-3-5,255,3,255-3,5,P
2521,255-3-6,255,3,255-3,6,P
2522,256-1-1,256,1,256-1,1,P
2523,256-1-2,256,1,256-1,2,P
2524,256-1-3,256,1,256-1,3,P
2525,256-1-4,256,1,256-1,4,P
2526,256-1-5,256,1,256-1,5,P
2527,256-1-6,256,1,256-1,6,P
2528,256-2-1,256,2,256-2,1,P
2529,256-2-2,256,2,256-2,2,P
2530,256-2-3,256,2,256-2,3,P
2531,256-2-4,256,2,256-2,4,P
2532,256-2-5,256,2,256-2,5,P
2533,256-2-6,256,2,256-2,6,P
2534,256-3-1,256,3,256-3,1,P
2535,256-3-2,256,3,256-3,2,P
2536,256-3-3,256,3,256-3,3,P
2537,256-3-4,256,3,256-3,4,P
2538,256-3-5,256,3,256-3,5,P
2539,256-3-6,256,3,256-3,6,P
2540,285-1-1,285,1,285-1,1,P
2541,285-1-2,285,1,285-1,2,P
2542,285-1-3,285,1,285-1,3,P
2543,285-1-4,285,1,285-1,4,P
2544,285-1-5,285,1,285-1,5,P
2545,285-1-6,285,1,285-1,6,P
2546,285-1-7,285,1,285-1,7,P
2547,285-2-1,285,2,285-2,1,P
2548,285-2-2,285,2,285-2,2,P
2549,285-2-3,285,2,285-2,3,P
2550,285-2-4,285,2,285-2,4,P
2551,285-2-5,285,2,285-2,5,P
2552,285-2-6,285,2,285-2,6,P
2553,285-2-7,285,2,285-2,7,P
2554,285-3-1,285,3,285-3,1,P
2555,285-3-2,285,3,285-3,2,P
2556,285-3-3,285,3,285-3,3,P
2557,285-3-4,285,3,285-3,4,P
2558,285-3-5,285,3,285-3,5,P
2559,285-3-6,285,3,285-3,6,P
2560,285-3-7,285,3,285-3,7,P
2561,285-4-1,285,4,285-4,1,P
2562,285-4-2,285,4,285-4,2,P
2563,285-4-3,285,4,285-4,3,P
2564,285-4-4,285,4,285-4,4,P
2565,285-4-5,285,4,285-4,5,P
2566,285-4-6,285,4,285-4,6,P
2567,285-4-7,285,4,285-4,7,P
2568,286-1-1,286,1,286-1,1,NPK
2569,286-1-2,286,1,286-1,2,NPK
2570,286-1-3,286,1,286-1,3,NPK
2571,286-1-4,286,1,286-1,4,NPK
2572,286-1-5,286,1,286-1,5,NPK
2573,286-1-6,286,1,286-1,6,NPK
2574,286-1-7,286,1,286-1,7,NPK
2575,286-1-8,286,1,286-1,8,NPK
2576,286-1-9,286,1,286-1,9,NPK
2577,286-1-10,286,1,286-1,10,NPK
2578,286-1-11,286,1,286-1,11,NPK
2579,286-1-12,286,1,286-1,12,NPK
2580,286-1-13,286,1,286-1,13,NPK
2581,286-1-14,286,1,286-1,14,NPK
2582,286-2-1,286,2,286-2,1,NPK
2583,286-2-2,286,2,286-2,2,NPK
2584,286-2-3,286,2,286-2,3,NPK
2585,286-2-4,286,2,286-2,4,NPK
2586,286-2-5,286,2,286-2,5,NPK
2587,286-2-6,286,2,286-2,6,NPK
2588,286-2-7,286,2,286-2,7,NPK
2589,286-2-8,286,2,286-2,8,NPK
2590,286-2-9,286,2,286-2,9,NPK
2591,286-2-10,286,2,286-2,10,NPK
2592,286-2-11,286,2,286-2,11,NPK
2593,286-2-12,286,2,286-2,12,NPK
2594,286-2-13,286,2,286-2,13,NPK
2595,286-2-14,286,2,286-2,14,NPK
2596,286-3-1,286,3,286-3,1,NPK
2597,286-3-2,286,3,286-3,2,NPK
2598,286-3-3,286,3,286-3,3,NPK
2599,286-3-4,286,3,286-3,4,NPK
2600,286-3-5,286,3,286-3,5,NPK
2601,286-3-6,286,3,286-3,6,NPK
2602,286-3-7,286,3,286-3,7,NPK
2603,286-3-8,286,3,286-3,8,NPK
2604,286-3-9,286,3,286-3,9,NPK
2605,286-3-10,286,3,286-3,10,NPK
2606,286-3-11,286,3,286-3,11,NPK
2607,286-3-12,286,3,286-3,12,NPK
2608,286-3-13,286,3,286-3,13,NPK
2609,286-3-14,286,3,286-3,14,NPK
2610,287-1-2,287,1,287-1,2,NPK
2611,287-1-5,287,1,287-1,5,NPK
2612,287-1-7,287,1,287-1,7,NPK
2613,287-1-8,287,1,287-1,8,NPK
2614,287-1-9,287,1,287-1,9,NPK
2615,287-1-10,287,1,287-1,10,NPK
2616,287-1-11,287,1,287-1,11,NPK
2617,287-1-12,287,1,287-1,12,NPK
2618,287-1-13,287,1,287-1,13,NPK
2619,287-2-1,287,2,287-2,1,NPK
2620,287-2-2,287,2,287-2,2,NPK
2621,287-2-3,287,2,287-2,3,NPK
2622,287-2-4,287,2,287-2,4,NPK
2623,287-2-5,287,2,287-2,5,NPK
2624,287-2-6,287,2,287-2,6,NPK
2625,287-2-7,287,2,287-2,7,NPK
2626,287-2-8,287,2,287-2,8,NPK
2627,287-2-9,287,2,287-2,9,NPK
2628,287-2-10,287,2,287-2,10,NPK
2629,287-2-11,287,2,287-2,11,NPK
2630,287-2-12,287,2,287-2,12,NPK
2631,287-2-14,287,2,287-2,14,NPK
2632,287-3-1,287,3,287-3,1,NPK
2633,287-3-2,287,3,287-3,2,NPK
2634,287-3-3,287,3,287-3,3,NPK
2635,287-3-4,287,3,287-3,4,NPK
2636,287-3-5,287,3,287-3,5,NPK
2637,287-3-6,287,3,287-3,6,NPK
2638,287-3-7,287,3,287-3,7,NPK
2639,287-3-8,287,3,287-3,8,NPK
2640,287-3-9,287,3,287-3,9,NPK
2641,287-3-10,287,3,287-3,10,NPK
2642,287-3-11,287,3,287-3,11,NPK
2643,287-3-12,287,3,287-3,12,NPK
2644,287-3-13,287,3,287-3,13,NPK
2645,287-3-14,287,3,287-3,14,NPK
2646,305-1-1,305,1,305-1,1,K
2647,305-1-2,305,1,305-1,2,K
2648,305-1-3,305,1,305-1,3,K
2649,305-1-4,305,1,305-1,4,K
2650,305-1-5,305,1,305-1,5,K
2651,305-1-6,305,1,305-1,6,K
2652,305-1-7,305,1,305-1,7,K
2653,305-1-8,305,1,305-1,8,K
2654,305-2-1,305,2,305-2,1,K
2655,305-2-2,305,2,305-2,2,K
2656,305-2-3,305,2,305-2,3,K
2657,305-2-4,305,2,305-2,4,K
2658,305-2-5,305,2,305-2,5,K
2659,305-2-6,305,2,305-2,6,K
2660,305-2-7,305,2,305-2,7,K
2661,305-2-8,305,2,305-2,8,K
2662,305-3-1,305,3,305-3,1,K
2663,305-3-2,305,3,305-3,2,K
2664,305-3-4,305,3,305-3,4,K
2665,305-3-5,305,3,305-3,5,K
2666,305-3-7,305,3,305-3,7,K
2667,305-3-8,305,3,305-3,8,K
2668,306-1-1,306,1,306-1,1,K
2669,306-1-2,306,1,306-1,2,K
2670,306-1-3,306,1,306-1,3,K
2671,306-1-4,306,1,306-1,4,K
2672,306-2-1,306,2,306-2,1,K
2673,306-2-2,306,2,306-2,2,K
2674,306-2-3,306,2,306-2,3,K
2676,306-3-1,306,3,306-3,1,K
2677,306-3-2,306,3,306-3,2,K
2678,306-3-3,306,3,306-3,3,K
2679,306-4-1,306,4,306-4,1,K
2680,306-4-2,306,4,306-4,2,K
2681,306-4-3,306,4,306-4,3,K
2683,307-1-1,307,1,307-1,1,K
2684,307-1-2,307,1,307-1,2,K
2685,307-1-3,307,1,307-1,3,K
2687,307-2-1,307,2,307-2,1,K
2688,307-2-2,307,2,307-2,2,K
2689,307-2-3,307,2,307-2,3,K
2691,307-3-1,307,3,307-3,1,K
2692,307-3-2,307,3,307-3,2,K
2693,307-3-3,307,3,307-3,3,K
2695,307-4-1,307,4,307-4,1,K
2696,307-4-2,307,4,307-4,2,K
2697,307-4-3,307,4,307-4,3,K
2699,308-1-1,308,1,308-1,1,P
2700,308-1-2,308,1,308-1,2,P
2701,308-1-3,308,1,308-1,3,P
2702,308-1-4,308,1,308-1,4,P
2703,308-2-1,308,2,308-2,1,P
2704,308-2-2,308,2,308-2,2,P
2705,308-2-3,308,2,308-2,3,P
2706,308-2-4,308,2,308-2,4,P
2707,308-3-1,308,3,308-3,1,P
2708,308-3-2,308,3,308-3,2,P
2709,308-3-3,308,3,308-3,3,P
2710,308-3-4,308,3,308-3,4,P
2711,308-4-1,308,4,308-4,1,P
2712,308-4-2,308,4,308-4,2,P
2713,308-4-3,308,4,308-4,3,P
2714,308-4-4,308,4,308-4,4,P
2715,309-1-1,309,1,309-1,1,P
2716,309-1-2,309,1,309-1,2,P
2717,309-1-3,309,1,309-1,3,P
2718,309-1-4,309,1,309-1,4,P
2719,309-2-1,309,2,309-2,1,P
2720,309-2-2,309,2,309-2,2,P
2721,309-2-3,309,2,309-2,3,P
2722,309-2-4,309,2,309-2,4,P
2723,309-3-1,309,3,309-3,1,P
2724,309-3-2,309,3,309-3,2,P
2725,309-3-3,309,3,309-3,3,P
2726,309-3-4,309,3,309-3,4,P
2727,309-4-1,309,4,309-4,1,P
2728,309-4-2,309,4,309-4,2,P
2729,309-4-3,309,4,309-4,3,P
2730,309-4-4,309,4,309-4,4,P
2731,310-1-1,310,1,310-1,1,P
2732,310-1-2,310,1,310-1,2,P
2733,310-1-3,310,1,310-1,3,P
2734,310-1-4,310,1,310-1,4,P
2735,310-2-1,310,2,310-2,1,P
2736,310-2-2,310,2,310-2,2,P
2737,310-2-3,310,2,310-2,3,P
2738,310-2-4,310,2,310-2,4,P
2739,310-3-1,310,3,310-3,1,P
2740,310-3-3,310,3,310-3,3,P
2741,310-3-4,310,3,310-3,4,P
2742,310-4-1,310,4,310-4,1,P
2743,310-4-2,310,4,310-4,2,P
2744,310-4-3,310,4,310-4,3,P
2745,310-4-4,310,4,310-4,4,P
2746,311-1-1,311,1,311-1,1,P
2747,311-1-2,311,1,311-1,2,P
2748,311-1-3,311,1,311-1,3,P
2749,311-1-4,311,1,311-1,4,P
2750,311-2-1,311,2,311-2,1,P
2751,311-2-2,311,2,311-2,2,P
2752,311-2-3,311,2,311-2,3,P
2753,311-2-4,311,2,311-2,4,P
2754,311-3-1,311,3,311-3,1,P
2755,311-3-2,311,3,311-3,2,P
2756,311-3-3,311,3,311-3,3,P
2757,311-3-4,311,3,311-3,4,P
2758,311-4-1,311,4,311-4,1,P
2759,311-4-2,311,4,311-4,2,P
2760,311-4-3,311,4,311-4,3,P
2761,311-4-4,311,4,311-4,4,P
2762,317-1-1,317,1,317-1,1,K
2763,317-1-2,317,1,317-1,2,K
2764,317-1-3,317,1,317-1,3,K
2765,317-1-4,317,1,317-1,4,K
2766,317-1-5,317,1,317-1,5,K
2767,317-1-6,317,1,317-1,6,K
2768,317-1-7,317,1,317-1,7,K
2769,317-1-8,317,1,317-1,8,K
2770,317-2-1,317,2,317-2,1,K
2771,317-2-2,317,2,317-2,2,K
2772,317-2-3,317,2,317-2,3,K
2773,317-2-4,317,2,317-2,4,K
2774,317-2-5,317,2,317-2,5,K
2775,317-2-6,317,2,317-2,6,K
2776,317-2-7,317,2,317-2,7,K
2777,317-2-8,317,2,317-2,8,K
2778,317-3-1,317,3,317-3,1,K
2779,317-3-2,317,3,317-3,2,K
2780,317-3-3,317,3,317-3,3,K
2781,317-3-4,317,3,317-3,4,K
2782,317-3-5,317,3,317-3,5,K
2783,317-3-6,317,3,317-3,6,K
2784,317-3-7,317,3,317-3,7,K
2785,317-3-8,317,3,317-3,8,K
2786,318-1-1,318,1,318-1,1,K
2787,318-1-2,318,1,318-1,2,K
2788,318-1-3,318,1,318-1,3,K
2789,318-1-4,318,1,318-1,4,K
2790,318-1-5,318,1,318-1,5,K
2791,318-1-6,318,1,318-1,6,K
2792,318-1-7,318,1,318-1,7,K
2793,318-1-8,318,1,318-1,8,K
2794,318-2-1,318,2,318-2,1,K
2795,318-2-2,318,2,318-2,2,K
2796,318-2-3,318,2,318-2,3,K
2797,318-2-4,318,2,318-2,4,K
2798,318-2-5,318,2,318-2,5,K
2799,318-2-6,318,2,318-2,6,K
2800,318-2-7,318,2,318-2,7,K
2801,318-2-8,318,2,318-2,8,K
2802,318-3-1,318,3,318-3,1,K
2803,318-3-2,318,3,318-3,2,K
2804,318-3-3,318,3,318-3,3,K
2805,318-3-4,318,3,318-3,4,K
2806,318-3-5,318,3,318-3,5,K
2807,318-3-6,318,3,318-3,6,K
2808,318-3-7,318,3,318-3,7,K
2809,318-3-8,318,3,318-3,8,K
2810,319-1-1,319,1,319-1,1,K
2811,319-1-2,319,1,319-1,2,K
2812,319-1-3,319,1,319-1,3,K
2813,319-1-4,319,1,319-1,4,K
2814,319-1-5,319,1,319-1,5,K
2815,319-1-6,319,1,319-1,6,K
2816,319-2-1,319,2,319-2,1,K
2817,319-2-2,319,2,319-2,2,K
2818,319-2-3,319,2,319-2,3,K
2819,319-2-4,319,2,319-2,4,K
2820,319-2-5,319,2,319-2,5,K
2821,319-2-6,319,2,319-2,6,K
2822,319-3-1,319,3,319-3,1,K
2823,319-3-2,319,3,319-3,2,K
2824,319-3-3,319,3,319-3,3,K
2825,319-3-4,319,3,319-3,4,K
2826,319-3-5,319,3,319-3,5,K
2827,319-3-6,319,3,319-3,6,K
2828,320-1-1,320,1,320-1,1,K
2829,320-1-2,320,1,320-1,2,K
2830,320-1-3,320,1,320-1,3,K
2831,320-1-4,320,1,320-1,4,K
2832,320-1-5,320,1,320-1,5,K
2833,320-1-6,320,1,320-1,6,K
2834,320-2-1,320,2,320-2,1,K
2835,320-2-2,320,2,320-2,2,K
2836,320-2-3,320,2,320-2,3,K
2837,320-2-4,320,2,320-2,4,K
2838,320-2-5,320,2,320-2,5,K
2839,320-2-6,320,2,320-2,6,K
2840,320-3-1,320,3,320-3,1,K
2841,320-3-2,320,3,320-3,2,K
2842,320-3-3,320,3,320-3,3,K
2843,320-3-4,320,3,320-3,4,K
2844,320-3-5,320,3,320-3,5,K
2845,320-3-6,320,3,320-3,6,K
2846,321-1-1,321,1,321-1,1,K
2847,321-1-2,321,1,321-1,2,K
2848,321-1-3,321,1,321-1,3,K
2849,321-1-4,321,1,321-1,4,K
2850,321-1-5,321,1,321-1,5,K
2851,321-1-6,321,1,321-1,6,K
2852,321-1-7,321,1,321-1,7,K
2853,321-1-8,321,1,321-1,8,K
2854,321-2-1,321,2,321-2,1,K
2855,321-2-2,321,2,321-2,2,K
2856,321-2-3,321,2,321-2,3,K
2857,321-2-4,321,2,321-2,4,K
2858,321-2-5,321,2,321-2,5,K
2859,321-2-6,321,2,321-2,6,K
2860,321-2-7,321,2,321-2,7,K
2861,321-2-8,321,2,321-2,8,K
2862,321-3-1,321,3,321-3,1,K
2863,321-3-2,321,3,321-3,2,K
2864,321-3-3,321,3,321-3,3,K
2865,321-3-4,321,3,321-3,4,K
2866,321-3-5,321,3,321-3,5,K
2867,321-3-6,321,3,321-3,6,K
2868,321-3-7,321,3,321-3,7,K
2869,321-3-8,321,3,321-3,8,K
2870,322-1-1,322,1,322-1,1,K
2871,322-1-2,322,1,322-1,2,K
2872,322-1-3,322,1,322-1,3,K
2873,322-1-4,322,1,322-1,4,K
2874,322-1-5,322,1,322-1,5,K
2875,322-1-6,322,1,322-1,6,K
2876,322-1-7,322,1,322-1,7,K
2877,322-1-8,322,1,322-1,8,K
2878,322-2-1,322,2,322-2,1,K
2879,322-2-2,322,2,322-2,2,K
2880,322-2-3,322,2,322-2,3,K
2881,322-2-4,322,2,322-2,4,K
2882,322-2-5,322,2,322-2,5,K
2883,322-2-6,322,2,322-2,6,K
2884,322-2-7,322,2,322-2,7,K
2885,322-2-8,322,2,322-2,8,K
2886,322-3-1,322,3,322-3,1,K
2887,322-3-2,322,3,322-3,2,K
2888,322-3-3,322,3,322-3,3,K
2889,322-3-4,322,3,322-3,4,K
2890,322-3-5,322,3,322-3,5,K
2891,322-3-6,322,3,322-3,6,K
2892,322-3-7,322,3,322-3,7,K
2893,322-3-8,322,3,322-3,8,K
2894,323-1-1,323,1,323-1,1,K
2895,323-1-2,323,1,323-1,2,K
2896,323-1-3,323,1,323-1,3,K
2897,323-1-4,323,1,323-1,4,K
2898,323-1-5,323,1,323-1,5,K
2899,323-1-6,323,1,323-1,6,K
2900,323-1-7,323,1,323-1,7,K
2901,323-1-8,323,1,323-1,8,K
2902,323-2-1,323,2,323-2,1,K
2903,323-2-2,323,2,323-2,2,K
2904,323-2-3,323,2,323-2,3,K
2905,323-2-4,323,2,323-2,4,K
2906,323-2-5,323,2,323-2,5,K
2907,323-2-6,323,2,323-2,6,K
2908,323-2-7,323,2,323-2,7,K
2909,323-2-8,323,2,323-2,8,K
2910,323-3-1,323,3,323-3,1,K
2911,323-3-2,323,3,323-3,2,K
2912,323-3-3,323,3,323-3,3,K
2913,323-3-4,323,3,323-3,4,K
2914,323-3-5,323,3,323-3,5,K
2915,323-3-6,323,3,323-3,6,K
2916,323-3-7,323,3,323-3,7,K
2917,323-3-8,323,3,323-3,8,K
2918,324-1-1,324,1,324-1,1,K
2919,324-1-2,324,1,324-1,2,K
2920,324-1-3,324,1,324-1,3,K
2921,324-1-4,324,1,324-1,4,K
2922,324-1-5,324,1,324-1,5,K
2923,324-1-6,324,1,324-1,6,K
2924,324-1-7,324,1,324-1,7,K
2925,324-1-8,324,1,324-1,8,K
2926,324-2-1,324,2,324-2,1,K
2927,324-2-2,324,2,324-2,2,K
2928,324-2-3,324,2,324-2,3,K
2929,324-2-4,324,2,324-2,4,K
2930,324-2-5,324,2,324-2,5,K
2931,324-2-6,324,2,324-2,6,K
2932,324-2-7,324,2,324-2,7,K
2933,324-2-8,324,2,324-2,8,K
2934,324-3-1,324,3,324-3,1,K
2935,324-3-2,324,3,324-3,2,K
2936,324-3-3,324,3,324-3,3,K
2937,324-3-4,324,3,324-3,4,K
2938,324-3-5,324,3,324-3,5,K
2939,324-3-6,324,3,324-3,6,K
2940,324-3-7,324,3,324-3,7,K
2941,324-3-8,324,3,324-3,8,K
2960,327-1-1,327,1,327-1,1,K
2961,327-1-2,327,1,327-1,2,K
2962,327-1-3,327,1,327-1,3,K
2963,327-1-4,327,1,327-1,4,K
2964,327-1-5,327,1,327-1,5,K
2965,327-1-6,327,1,327-1,6,K
2966,327-1-7,327,1,327-1,7,K
2967,327-1-8,327,1,327-1,8,K
2968,327-2-1,327,2,327-2,1,K
2969,327-2-2,327,2,327-2,2,K
2970,327-2-3,327,2,327-2,3,K
2971,327-2-4,327,2,327-2,4,K
2972,327-2-5,327,2,327-2,5,K
2973,327-2-6,327,2,327-2,6,K
2974,327-2-7,327,2,327-2,7,K
2975,327-2-8,327,2,327-2,8,K
2976,327-3-1,327,3,327-3,1,K
2977,327-3-2,327,3,327-3,2,K
2978,327-3-3,327,3,327-3,3,K
2979,327-3-4,327,3,327-3,4,K
2980,327-3-5,327,3,327-3,5,K
2981,327-3-6,327,3,327-3,6,K
2982,327-3-7,327,3,327-3,7,K
2983,327-3-8,327,3,327-3,8,K
2992,328-2-1,328,2,328-2,1,K
2993,328-2-2,328,2,328-2,2,K
2994,328-2-3,328,2,328-2,3,K
2995,328-2-4,328,2,328-2,4,K
2996,328-2-5,328,2,328-2,5,K
2997,328-2-6,328,2,328-2,6,K
2998,328-2-7,328,2,328-2,7,K
2999,328-2-8,328,2,328-2,8,K
3000,328-3-1,328,3,328-3,1,K
3001,328-3-2,328,3,328-3,2,K
3002,328-3-3,328,3,328-3,3,K
3003,328-3-4,328,3,328-3,4,K
3004,328-3-5,328,3,328-3,5,K
3005,328-3-6,328,3,328-3,6,K
3006,328-3-7,328,3,328-3,7,K
3007,328-3-8,328,3,328-3,8,K
3024,330-3-1,330,3,330-3,1,K
3025,330-3-2,330,3,330-3,2,K
3026,330-3-3,330,3,330-3,3,K
3027,330-3-4,330,3,330-3,4,K
3028,330-3-5,330,3,330-3,5,K
3029,330-3-6,330,3,330-3,6,K
3030,330-3-7,330,3,330-3,7,K
3031,330-3-8,330,3,330-3,8,K
3032,331-1-1,331,1,331-1,1,K
3033,331-1-2,331,1,331-1,2,K
3034,331-1-3,331,1,331-1,3,K
3035,331-1-4,331,1,331-1,4,K
3036,331-1-6,331,1,331-1,6,K
3037,331-2-1,331,2,331-2,1,K
3038,331-2-2,331,2,331-2,2,K
3039,331-2-3,331,2,331-2,3,K
3040,331-2-4,331,2,331-2,4,K
3041,331-2-5,331,2,331-2,5,K
3042,331-2-6,331,2,331-2,6,K
3043,331-3-1,331,3,331-3,1,K
3044,331-3-2,331,3,331-3,2,K
3045,331-3-3,331,3,331-3,3,K
3046,331-3-4,331,3,331-3,4,K
3047,331-3-5,331,3,331-3,5,K
3048,331-3-6,331,3,331-3,6,K
3049,332-1-1,332,1,332-1,1,K
3050,332-1-2,332,1,332-1,2,K
3051,332-1-3,332,1,332-1,3,K
3052,332-1-4,332,1,332-1,4,K
3053,332-1-6,332,1,332-1,6,K
3054,332-2-1,332,2,332-2,1,K
3055,332-2-2,332,2,332-2,2,K
3056,332-2-3,332,2,332-2,3,K
3057,332-2-4,332,2,332-2,4,K
3058,332-2-5,332,2,332-2,5,K
3059,332-2-6,332,2,332-2,6,K
3060,332-3-1,332,3,332-3,1,K
3061,332-3-2,332,3,332-3,2,K
3062,332-3-3,332,3,332-3,3,K
3063,332-3-4,332,3,332-3,4,K
3064,332-3-5,332,3,332-3,5,K
3065,332-3-6,332,3,332-3,6,K
3066,333-1-1,333,1,333-1,1,K
3067,333-1-2,333,1,333-1,2,K
3068,333-1-3,333,1,333-1,3,K
3069,333-1-4,333,1,333-1,4,K
3070,333-1-5,333,1,333-1,5,K
3071,333-2-1,333,2,333-2,1,K
3072,333-2-2,333,2,333-2,2,K
3073,333-2-3,333,2,333-2,3,K
3074,333-2-4,333,2,333-2,4,K
3075,333-2-6,333,2,333-2,6,K
3076,333-3-1,333,3,333-3,1,K
3077,333-3-2,333,3,333-3,2,K
3078,333-3-3,333,3,333-3,3,K
3079,333-3-4,333,3,333-3,4,K
3080,333-3-5,333,3,333-3,5,K
3081,333-3-6,333,3,333-3,6,K
3082,334-1-1,334,1,334-1,1,
3083,334-1-2,334,1,334-1,2,
3084,334-1-3,334,1,334-1,3,
3085,334-1-4,334,1,334-1,4,
3086,334-1-5,334,1,334-1,5,
3087,334-1-6,334,1,334-1,6,
3088,334-2-1,334,2,334-2,1,
3089,334-2-2,334,2,334-2,2,
3090,334-2-3,334,2,334-2,3,
3091,334-2-4,334,2,334-2,4,
3092,334-2-5,334,2,334-2,5,
3093,334-2-6,334,2,334-2,6,
3094,334-3-1,334,3,334-3,1,
3095,334-3-2,334,3,334-3,2,
3096,334-3-3,334,3,334-3,3,
3097,334-3-4,334,3,334-3,4,
3098,334-3-5,334,3,334-3,5,
3099,334-3-6,334,3,334-3,6,
3100,339-1-1,339,1,339-1,1,N
3101,339-1-2,339,1,339-1,2,N
3102,339-1-3,339,1,339-1,3,N
3103,339-1-4,339,1,339-1,4,N
3104,339-1-5,339,1,339-1,5,N
3105,339-1-6,339,1,339-1,6,N
3106,339-2-1,339,2,339-2,1,N
3107,339-2-2,339,2,339-2,2,N
3108,339-2-3,339,2,339-2,3,N
3109,339-2-4,339,2,339-2,4,N
3110,339-2-5,339,2,339-2,5,N
3111,339-2-6,339,2,339-2,6,N
3112,339-3-1,339,3,339-3,1,N
3113,339-3-2,339,3,339-3,2,N
3114,339-3-3,339,3,339-3,3,N
3115,339-3-4,339,3,339-3,4,N
3116,339-3-5,339,3,339-3,5,N
3117,339-3-6,339,3,339-3,6,N
3118,340-1-1,340,1,340-1,1,N
3119,340-1-2,340,1,340-1,2,N
3120,340-1-3,340,1,340-1,3,N
3121,340-1-4,340,1,340-1,4,N
3122,340-1-5,340,1,340-1,5,N
3123,340-1-6,340,1,340-1,6,N
3124,340-2-1,340,2,340-2,1,N
3125,340-2-2,340,2,340-2,2,N
3126,340-2-3,340,2,340-2,3,N
3127,340-2-4,340,2,340-2,4,N
3128,340-2-5,340,2,340-2,5,N
3129,340-2-6,340,2,340-2,6,N
3130,340-3-1,340,3,340-3,1,N
3131,340-3-3,340,3,340-3,3,N
3132,340-3-4,340,3,340-3,4,N
3133,340-3-5,340,3,340-3,5,N
3134,340-3-6,340,3,340-3,6,N
3141,341-2-1,341,2,341-2,1,N
3142,341-2-2,341,2,341-2,2,N
3143,341-2-3,341,2,341-2,3,N
3144,341-2-4,341,2,341-2,4,N
3145,341-2-5,341,2,341-2,5,N
3146,341-2-6,341,2,341-2,6,N
3147,341-3-1,341,3,341-3,1,N
3148,341-3-2,341,3,341-3,2,N
3149,341-3-3,341,3,341-3,3,N
3150,341-3-4,341,3,341-3,4,N
3151,341-3-5,341,3,341-3,5,N
3152,341-3-6,341,3,341-3,6,N
3153,342-1-1,342,1,342-1,1,N
3154,342-1-2,342,1,342-1,2,N
3155,342-1-3,342,1,342-1,3,N
3156,342-1-4,342,1,342-1,4,N
3157,342-1-5,342,1,342-1,5,N
3158,342-1-6,342,1,342-1,6,N
3159,342-2-1,342,2,342-2,1,N
3160,342-2-2,342,2,342-2,2,N
3161,342-2-3,342,2,342-2,3,N
3162,342-2-4,342,2,342-2,4,N
3163,342-2-5,342,2,342-2,5,N
3164,342-2-6,342,2,342-2,6,N
3165,342-3-1,342,3,342-3,1,N
3166,342-3-2,342,3,342-3,2,N
3167,342-3-3,342,3,342-3,3,N
3168,342-3-4,342,3,342-3,4,N
3169,342-3-5,342,3,342-3,5,N
3170,342-3-6,342,3,342-3,6,N
3171,343-1-1,343,1,343-1,1,N
3172,343-1-2,343,1,343-1,2,N
3173,343-1-3,343,1,343-1,3,N
3174,343-1-4,343,1,343-1,4,N
3175,343-2-1,343,2,343-2,1,N
3176,343-2-2,343,2,343-2,2,N
3177,343-2-3,343,2,343-2,3,N
3178,343-2-4,343,2,343-2,4,N
3179,343-3-1,343,3,343-3,1,N
3180,343-3-2,343,3,343-3,2,N
3181,343-3-3,343,3,343-3,3,N
3182,343-3-4,343,3,343-3,4,N
3183,344-1-1,344,1,344-1,1,K
3184,344-1-2,344,1,344-1,2,K
3185,344-1-3,344,1,344-1,3,K
3186,344-1-4,344,1,344-1,4,K
3187,344-1-5,344,1,344-1,5,K
3188,344-1-6,344,1,344-1,6,K
3189,344-1-7,344,1,344-1,7,K
3190,344-1-8,344,1,344-1,8,K
3191,344-2-1,344,2,344-2,1,K
3192,344-2-2,344,2,344-2,2,K
3193,344-2-3,344,2,344-2,3,K
3194,344-2-4,344,2,344-2,4,K
3195,344-2-5,344,2,344-2,5,K
3196,344-2-6,344,2,344-2,6,K
3197,344-2-7,344,2,344-2,7,K
3198,344-2-8,344,2,344-2,8,K
3199,344-3-1,344,3,344-3,1,K
3200,344-3-2,344,3,344-3,2,K
3201,344-3-3,344,3,344-3,3,K
3202,344-3-4,344,3,344-3,4,K
3203,344-3-5,344,3,344-3,5,K
3204,344-3-6,344,3,344-3,6,K
3205,344-3-7,344,3,344-3,7,K
3206,344-3-8,344,3,344-3,8,K
3207,345-1-1,345,1,345-1,1,K
3208,345-1-2,345,1,345-1,2,K
3209,345-1-3,345,1,345-1,3,K
3210,345-1-4,345,1,345-1,4,K
3211,345-1-5,345,1,345-1,5,K
3212,345-1-6,345,1,345-1,6,K
3213,345-1-7,345,1,345-1,7,K
3214,345-1-8,345,1,345-1,8,K
3215,345-2-1,345,2,345-2,1,K
3216,345-2-2,345,2,345-2,2,K
3217,345-2-3,345,2,345-2,3,K
3218,345-2-4,345,2,345-2,4,K
3219,345-2-5,345,2,345-2,5,K
3220,345-2-6,345,2,345-2,6,K
3221,345-2-7,345,2,345-2,7,K
3222,345-2-8,345,2,345-2,8,K
3223,345-3-1,345,3,345-3,1,K
3224,345-3-2,345,3,345-3,2,K
3225,345-3-3,345,3,345-3,3,K
3226,345-3-4,345,3,345-3,4,K
3227,345-3-5,345,3,345-3,5,K
3228,345-3-6,345,3,345-3,6,K
3229,345-3-7,345,3,345-3,7,K
3230,345-3-8,345,3,345-3,8,K
3231,350-1-1,350,1,350-1,1,K
3232,350-1-2,350,1,350-1,2,K
3233,350-1-3,350,1,350-1,3,K
3234,350-1-4,350,1,350-1,4,K
3235,350-1-5,350,1,350-1,5,K
3236,350-1-6,350,1,350-1,6,K
3237,350-1-7,350,1,350-1,7,K
3238,350-1-8,350,1,350-1,8,K
3239,350-2-1,350,2,350-2,1,K
3240,350-2-2,350,2,350-2,2,K
3241,350-2-3,350,2,350-2,3,K
3242,350-2-4,350,2,350-2,4,K
3243,350-2-5,350,2,350-2,5,K
3244,350-2-6,350,2,350-2,6,K
3245,350-2-7,350,2,350-2,7,K
3246,350-2-8,350,2,350-2,8,K
3247,350-3-1,350,3,350-3,1,K
3248,350-3-2,350,3,350-3,2,K
3249,350-3-3,350,3,350-3,3,K
3250,350-3-4,350,3,350-3,4,K
3251,350-3-5,350,3,350-3,5,K
3252,350-3-6,350,3,350-3,6,K
3253,350-3-7,350,3,350-3,7,K
3254,350-3-8,350,3,350-3,8,K
3255,351-1-1,351,1,351-1,1,K
3256,351-1-2,351,1,351-1,2,K
3257,351-1-3,351,1,351-1,3,K
3258,351-1-4,351,1,351-1,4,K
3259,351-1-5,351,1,351-1,5,K
3260,351-1-6,351,1,351-1,6,K
3261,351-1-7,351,1,351-1,7,K
3262,351-1-8,351,1,351-1,8,K
3263,351-2-1,351,2,351-2,1,K
3264,351-2-2,351,2,351-2,2,K
3265,351-2-3,351,2,351-2,3,K
3266,351-2-4,351,2,351-2,4,K
3267,351-2-5,351,2,351-2,5,K
3268,351-2-6,351,2,351-2,6,K
3269,351-2-7,351,2,351-2,7,K
3270,351-2-8,351,2,351-2,8,K
3271,351-3-1,351,3,351-3,1,K
3272,351-3-2,351,3,351-3,2,K
3273,351-3-3,351,3,351-3,3,K
3274,351-3-4,351,3,351-3,4,K
3275,351-3-5,351,3,351-3,5,K
3276,351-3-6,351,3,351-3,6,K
3277,351-3-7,351,3,351-3,7,K
3278,351-3-8,351,3,351-3,8,K
3303,353-1-1,353,1,353-1,1,N
3304,353-1-2,353,1,353-1,2,N
3305,353-1-3,353,1,353-1,3,N
3306,353-1-4,353,1,353-1,4,N
3307,353-1-5,353,1,353-1,5,N
3308,353-2-1,353,2,353-2,1,N
3309,353-2-2,353,2,353-2,2,N
3310,353-2-3,353,2,353-2,3,N
3311,353-2-4,353,2,353-2,4,N
3312,353-2-5,353,2,353-2,5,N
3313,353-3-1,353,3,353-3,1,N
3314,353-3-2,353,3,353-3,2,N
3315,353-3-3,353,3,353-3,3,N
3316,353-3-4,353,3,353-3,4,N
3317,353-3-5,353,3,353-3,5,N
3318,353-4-1,353,4,353-4,1,N
3319,353-4-2,353,4,353-4,2,N
3320,353-4-3,353,4,353-4,3,N
3321,353-4-4,353,4,353-4,4,N
3322,353-4-5,353,4,353-4,5,N
3371,356-1-1,356,1,356-1,1,N
3372,356-1-2,356,1,356-1,2,N
3373,356-1-3,356,1,356-1,3,N
3374,356-1-4,356,1,356-1,4,N
3375,356-1-5,356,1,356-1,5,N
3376,356-1-6,356,1,356-1,6,N
3377,356-2-1,356,2,356-2,1,N
3378,356-2-2,356,2,356-2,2,N
3379,356-2-3,356,2,356-2,3,N
3380,356-2-4,356,2,356-2,4,N
3381,356-2-5,356,2,356-2,5,N
3382,356-2-6,356,2,356-2,6,N
3383,356-3-1,356,3,356-3,1,N
3384,356-3-2,356,3,356-3,2,N
3385,356-3-3,356,3,356-3,3,N
3386,356-3-4,356,3,356-3,4,N
3387,356-3-5,356,3,356-3,5,N
3388,356-3-6,356,3,356-3,6,N
3389,356-4-1,356,4,356-4,1,N
3390,356-4-2,356,4,356-4,2,N
3391,356-4-3,356,4,356-4,3,N
3392,356-4-4,356,4,356-4,4,N
3393,356-4-5,356,4,356-4,5,N
3394,356-4-6,356,4,356-4,6,N
3395,357-1-2,357,1,357-1,2,N
3396,357-1-3,357,1,357-1,3,N
3397,357-1-4,357,1,357-1,4,N
3398,357-1-5,357,1,357-1,5,N
3399,357-1-6,357,1,357-1,6,N
3400,357-2-1,357,2,357-2,1,N
3401,357-2-2,357,2,357-2,2,N
3402,357-2-3,357,2,357-2,3,N
3403,357-2-4,357,2,357-2,4,N
3404,357-2-5,357,2,357-2,5,N
3405,357-2-6,357,2,357-2,6,N
3406,357-3-1,357,3,357-3,1,N
3407,357-3-2,357,3,357-3,2,N
3408,357-3-3,357,3,357-3,3,N
3409,357-3-4,357,3,357-3,4,N
3410,357-3-5,357,3,357-3,5,N
3411,357-3-6,357,3,357-3,6,N
3412,357-4-1,357,4,357-4,1,N
3413,357-4-2,357,4,357-4,2,N
3414,357-4-3,357,4,357-4,3,N
3415,357-4-4,357,4,357-4,4,N
3416,357-4-5,357,4,357-4,5,N
3417,357-4-6,357,4,357-4,6,N
3418,358-1-1,358,1,358-1,1,N
3419,358-1-2,358,1,358-1,2,N
3420,358-1-3,358,1,358-1,3,N
3421,358-1-4,358,1,358-1,4,N
3422,358-1-5,358,1,358-1,5,N
3423,358-1-6,358,1,358-1,6,N
3424,358-2-1,358,2,358-2,1,N
3425,358-2-2,358,2,358-2,2,N
3426,358-2-3,358,2,358-2,3,N
3427,358-2-4,358,2,358-2,4,N
3428,358-2-5,358,2,358-2,5,N
3429,358-2-6,358,2,358-2,6,N
3430,358-3-1,358,3,358-3,1,N
3431,358-3-2,358,3,358-3,2,N
3432,358-3-3,358,3,358-3,3,N
3433,358-3-4,358,3,358-3,4,N
3434,358-3-5,358,3,358-3,5,N
3435,358-3-6,358,3,358-3,6,N
3436,358-4-1,358,4,358-4,1,N
3437,358-4-2,358,4,358-4,2,N
3442,391-1-1,391,1,391-1,1,N
3443,391-1-2,391,1,391-1,2,N
3444,391-1-3,391,1,391-1,3,N
3445,391-1-4,391,1,391-1,4,N
3446,391-1-5,391,1,391-1,5,N
3447,391-2-1,391,2,391-2,1,N
3448,391-2-2,391,2,391-2,2,N
3449,391-2-3,391,2,391-2,3,N
3450,391-2-4,391,2,391-2,4,N
3451,391-2-5,391,2,391-2,5,N
3452,391-3-1,391,3,391-3,1,N
3453,391-3-2,391,3,391-3,2,N
3454,391-3-3,391,3,391-3,3,N
3455,391-3-4,391,3,391-3,4,N
3456,391-3-5,391,3,391-3,5,N
3457,392-1-1,392,1,392-1,1,N
3458,392-1-2,392,1,392-1,2,N
3459,392-1-3,392,1,392-1,3,N
3460,392-1-4,392,1,392-1,4,N
3461,392-1-5,392,1,392-1,5,N
3462,392-2-1,392,2,392-2,1,N
3463,392-2-2,392,2,392-2,2,N
3464,392-2-3,392,2,392-2,3,N
3465,392-2-4,392,2,392-2,4,N
3466,392-2-5,392,2,392-2,5,N
3467,392-3-1,392,3,392-3,1,N
3468,392-3-2,392,3,392-3,2,N
3469,392-3-3,392,3,392-3,3,N
3470,392-3-4,392,3,392-3,4,N
3471,392-3-5,392,3,392-3,5,N
3472,393-1-1,393,1,393-1,1,K
3473,393-1-2,393,1,393-1,2,K
3474,393-1-3,393,1,393-1,3,K
3475,393-1-4,393,1,393-1,4,K
3476,393-1-5,393,1,393-1,5,K
3477,393-1-6,393,1,393-1,6,K
3478,393-1-7,393,1,393-1,7,K
3479,393-1-8,393,1,393-1,8,K
3480,393-2-1,393,2,393-2,1,K
3481,393-2-2,393,2,393-2,2,K
3482,393-2-3,393,2,393-2,3,K
3483,393-2-4,393,2,393-2,4,K
3484,393-2-5,393,2,393-2,5,K
3485,393-2-6,393,2,393-2,6,K
3486,393-2-7,393,2,393-2,7,K
3487,393-2-8,393,2,393-2,8,K
3488,393-3-1,393,3,393-3,1,K
3489,393-3-2,393,3,393-3,2,K
3490,393-3-3,393,3,393-3,3,K
3491,393-3-4,393,3,393-3,4,K
3492,393-3-5,393,3,393-3,5,K
3493,393-3-6,393,3,393-3,6,K
3494,393-3-7,393,3,393-3,7,K
3495,393-3-8,393,3,393-3,8,K
3496,394-1-1,394,1,394-1,1,K
3497,394-1-2,394,1,394-1,2,K
3498,394-1-3,394,1,394-1,3,K
3499,394-1-4,394,1,394-1,4,K
3500,394-1-5,394,1,394-1,5,K
3501,394-1-6,394,1,394-1,6,K
3502,394-1-7,394,1,394-1,7,K
3503,394-1-8,394,1,394-1,8,K
3504,394-2-1,394,2,394-2,1,K
3505,394-2-2,394,2,394-2,2,K
3506,394-2-3,394,2,394-2,3,K
3507,394-2-4,394,2,394-2,4,K
3508,394-2-5,394,2,394-2,5,K
3509,394-2-6,394,2,394-2,6,K
3510,394-2-7,394,2,394-2,7,K
3511,394-2-8,394,2,394-2,8,K
3512,394-3-1,394,3,394-3,1,K
3513,394-3-2,394,3,394-3,2,K
3514,394-3-3,394,3,394-3,3,K
3515,394-3-4,394,3,394-3,4,K
3516,394-3-5,394,3,394-3,5,K
3517,394-3-6,394,3,394-3,6,K
3518,394-3-7,394,3,394-3,7,K
3519,394-3-8,394,3,394-3,8,K
3520,395-1-1,395,1,395-1,1,N
3521,395-1-2,395,1,395-1,2,N
3522,395-1-3,395,1,395-1,3,N
3523,395-1-4,395,1,395-1,4,N
3524,395-1-5,395,1,395-1,5,N
3525,395-2-1,395,2,395-2,1,N
3526,395-2-2,395,2,395-2,2,N
3527,395-2-3,395,2,395-2,3,N
3528,395-2-4,395,2,395-2,4,N
3529,395-2-5,395,2,395-2,5,N
3530,395-3-1,395,3,395-3,1,N
3531,395-3-2,395,3,395-3,2,N
3532,395-3-3,395,3,395-3,3,N
3533,395-3-4,395,3,395-3,4,N
3534,395-3-5,395,3,395-3,5,N
3535,396-1-1,396,1,396-1,1,N
3536,396-1-2,396,1,396-1,2,N
3537,396-1-3,396,1,396-1,3,N
3538,396-1-4,396,1,396-1,4,N
3539,396-1-5,396,1,396-1,5,N
3540,396-2-1,396,2,396-2,1,N
3541,396-2-2,396,2,396-2,2,N
3542,396-2-3,396,2,396-2,3,N
3543,396-2-4,396,2,396-2,4,N
3544,396-2-5,396,2,396-2,5,N
3545,396-3-1,396,3,396-3,1,N
3546,396-3-2,396,3,396-3,2,N
3547,396-3-3,396,3,396-3,3,N
3548,396-3-4,396,3,396-3,4,N
3549,396-3-5,396,3,396-3,5,N
3550,397-1-1,397,1,397-1,1,K
3551,397-1-2,397,1,397-1,2,K
3552,397-1-3,397,1,397-1,3,K
3553,397-1-4,397,1,397-1,4,K
3554,397-1-5,397,1,397-1,5,K
3555,397-1-6,397,1,397-1,6,K
3556,397-1-7,397,1,397-1,7,K
3557,397-1-8,397,1,397-1,8,K
3558,397-2-1,397,2,397-2,1,K
3559,397-2-2,397,2,397-2,2,K
3560,397-2-3,397,2,397-2,3,K
3561,397-2-4,397,2,397-2,4,K
3562,397-2-5,397,2,397-2,5,K
3563,397-2-6,397,2,397-2,6,K
3564,397-2-7,397,2,397-2,7,K
3565,397-2-8,397,2,397-2,8,K
3566,397-3-1,397,3,397-3,1,K
3567,397-3-2,397,3,397-3,2,K
3568,397-3-3,397,3,397-3,3,K
3569,397-3-4,397,3,397-3,4,K
3570,397-3-5,397,3,397-3,5,K
3571,397-3-6,397,3,397-3,6,K
3572,397-3-7,397,3,397-3,7,K
3573,397-3-8,397,3,397-3,8,K
3574,398-1-1,398,1,398-1,1,K
3575,398-1-2,398,1,398-1,2,K
3576,398-1-3,398,1,398-1,3,K
3577,398-1-4,398,1,398-1,4,K
3578,398-1-5,398,1,398-1,5,K
3579,398-1-6,398,1,398-1,6,K
3580,398-1-7,398,1,398-1,7,K
3581,398-1-8,398,1,398-1,8,K
3582,398-2-1,398,2,398-2,1,K
3583,398-2-2,398,2,398-2,2,K
3584,398-2-3,398,2,398-2,3,K
3585,398-2-4,398,2,398-2,4,K
3586,398-2-5,398,2,398-2,5,K
3587,398-2-6,398,2,398-2,6,K
3588,398-2-7,398,2,398-2,7,K
3589,398-2-8,398,2,398-2,8,K
3590,398-3-1,398,3,398-3,1,K
3591,398-3-2,398,3,398-3,2,K
3592,398-3-3,398,3,398-3,3,K
3593,398-3-4,398,3,398-3,4,K
3594,398-3-5,398,3,398-3,5,K
3595,398-3-6,398,3,398-3,6,K
3596,398-3-7,398,3,398-3,7,K
3597,398-3-8,398,3,398-3,8,K
3770,408-1-1,408,1,408-1,1,P
3771,408-1-2,408,1,408-1,2,P
3772,408-1-3,408,1,408-1,3,P
3773,408-1-4,408,1,408-1,4,P
3774,408-1-5,408,1,408-1,5,P
3775,408-1-6,408,1,408-1,6,P
3776,408-1-7,408,1,408-1,7,P
3777,408-1-8,408,1,408-1,8,P
3778,408-1-9,408,1,408-1,9,P
3779,408-1-10,408,1,408-1,10,P
3780,408-2-1,408,2,408-2,1,P
3781,408-2-2,408,2,408-2,2,P
3782,408-2-3,408,2,408-2,3,P
3783,408-2-4,408,2,408-2,4,P
3784,408-2-5,408,2,408-2,5,P
3785,408-2-6,408,2,408-2,6,P
3786,408-2-7,408,2,408-2,7,P
3787,408-2-8,408,2,408-2,8,P
3788,408-2-9,408,2,408-2,9,P
3789,408-2-10,408,2,408-2,10,P
3790,408-3-1,408,3,408-3,1,P
3791,408-3-2,408,3,408-3,2,P
3792,408-3-3,408,3,408-3,3,P
3793,408-3-4,408,3,408-3,4,P
3794,408-3-5,408,3,408-3,5,P
3795,408-3-6,408,3,408-3,6,P
3796,408-3-7,408,3,408-3,7,P
3797,408-3-8,408,3,408-3,8,P
3798,408-3-9,408,3,408-3,9,P
3799,408-3-10,408,3,408-3,10,P
3800,409-1-1,409,1,409-1,1,P
3801,409-1-2,409,1,409-1,2,P
3802,409-1-3,409,1,409-1,3,P
3803,409-1-4,409,1,409-1,4,P
3804,409-1-5,409,1,409-1,5,P
3805,409-1-6,409,1,409-1,6,P
3806,409-1-7,409,1,409-1,7,P
3807,409-1-8,409,1,409-1,8,P
3808,409-1-9,409,1,409-1,9,P
3809,409-1-10,409,1,409-1,10,P
3810,409-2-1,409,2,409-2,1,P
3811,409-2-2,409,2,409-2,2,P
3812,409-2-3,409,2,409-2,3,P
3813,409-2-4,409,2,409-2,4,P
3814,409-2-5,409,2,409-2,5,P
3815,409-2-6,409,2,409-2,6,P
3816,409-2-7,409,2,409-2,7,P
3817,409-2-8,409,2,409-2,8,P
3818,409-2-9,409,2,409-2,9,P
3819,409-2-10,409,2,409-2,10,P
3820,409-3-1,409,3,409-3,1,P
3821,409-3-2,409,3,409-3,2,P
3822,409-3-3,409,3,409-3,3,P
3823,409-3-4,409,3,409-3,4,P
3824,409-3-5,409,3,409-3,5,P
3825,409-3-6,409,3,409-3,6,P
3826,409-3-7,409,3,409-3,7,P
3827,409-3-8,409,3,409-3,8,P
3828,409-3-9,409,3,409-3,9,P
3829,409-3-10,409,3,409-3,10,P
3830,410-1-1,410,1,410-1,1,P
3831,410-1-2,410,1,410-1,2,P
3832,410-1-3,410,1,410-1,3,P
3833,410-1-4,410,1,410-1,4,P
3834,410-1-5,410,1,410-1,5,P
3835,410-1-6,410,1,410-1,6,P
3836,410-1-7,410,1,410-1,7,P
3837,410-1-8,410,1,410-1,8,P
3838,410-1-9,410,1,410-1,9,P
3839,410-1-10,410,1,410-1,10,P
3840,410-2-1,410,2,410-2,1,P
3841,410-2-2,410,2,410-2,2,P
3842,410-2-3,410,2,410-2,3,P
3843,410-2-4,410,2,410-2,4,P
3844,410-2-5,410,2,410-2,5,P
3845,410-2-6,410,2,410-2,6,P
3846,410-2-7,410,2,410-2,7,P
3847,410-2-8,410,2,410-2,8,P
3848,410-2-9,410,2,410-2,9,P
3849,410-2-10,410,2,410-2,10,P
3850,410-3-1,410,3,410-3,1,P
3851,410-3-2,410,3,410-3,2,P
3852,410-3-3,410,3,410-3,3,P
3853,410-3-4,410,3,410-3,4,P
3854,410-3-5,410,3,410-3,5,P
3855,410-3-6,410,3,410-3,6,P
3856,410-3-7,410,3,410-3,7,P
3857,410-3-8,410,3,410-3,8,P
3858,410-3-9,410,3,410-3,9,P
3859,410-3-10,410,3,410-3,10,P
3860,412-1-1,412,1,412-1,1,P
3861,412-1-2,412,1,412-1,2,P
3862,412-1-3,412,1,412-1,3,P
3863,412-1-4,412,1,412-1,4,P
3864,412-1-5,412,1,412-1,5,P
3865,412-1-6,412,1,412-1,6,P
3866,412-1-7,412,1,412-1,7,P
3867,412-1-9,412,1,412-1,9,P
3868,412-2-1,412,2,412-2,1,P
3869,412-2-2,412,2,412-2,2,P
3870,412-2-3,412,2,412-2,3,P
3871,412-2-4,412,2,412-2,4,P
3872,412-2-5,412,2,412-2,5,P
3873,412-2-6,412,2,412-2,6,P
3874,412-2-7,412,2,412-2,7,P
3875,412-2-8,412,2,412-2,8,P
3876,412-2-9,412,2,412-2,9,P
3877,412-3-1,412,3,412-3,1,P
3878,412-3-2,412,3,412-3,2,P
3879,412-3-3,412,3,412-3,3,P
3880,412-3-4,412,3,412-3,4,P
3881,412-3-5,412,3,412-3,5,P
3882,412-3-6,412,3,412-3,6,P
3883,412-3-7,412,3,412-3,7,P
3884,412-3-8,412,3,412-3,8,P
3885,412-3-9,412,3,412-3,9,P
3886,413-1-1,413,1,413-1,1,P
3887,413-1-2,413,1,413-1,2,P
3888,413-1-3,413,1,413-1,3,P
3889,413-1-4,413,1,413-1,4,P
3890,413-1-5,413,1,413-1,5,P
3891,413-1-6,413,1,413-1,6,P
3892,413-1-7,413,1,413-1,7,P
3893,413-1-8,413,1,413-1,8,P
3894,413-1-9,413,1,413-1,9,P
3895,413-2-1,413,2,413-2,1,P
3896,413-2-2,413,2,413-2,2,P
3897,413-2-3,413,2,413-2,3,P
3898,413-2-4,413,2,413-2,4,P
3899,413-2-5,413,2,413-2,5,P
3900,413-2-6,413,2,413-2,6,P
3901,413-2-7,413,2,413-2,7,P
3902,413-2-8,413,2,413-2,8,P
3903,413-2-9,413,2,413-2,9,P
3904,413-3-1,413,3,413-3,1,P
3905,413-3-2,413,3,413-3,2,P
3906,413-3-3,413,3,413-3,3,P
3907,413-3-4,413,3,413-3,4,P
3908,413-3-5,413,3,413-3,5,P
3910,413-3-7,413,3,413-3,7,P
3911,413-3-8,413,3,413-3,8,P
3912,413-3-9,413,3,413-3,9,P
3913,414-1-1,414,1,414-1,1,P
3914,414-1-2,414,1,414-1,2,P
3915,414-1-3,414,1,414-1,3,P
3916,414-1-4,414,1,414-1,4,P
3917,414-1-5,414,1,414-1,5,P
3918,414-1-6,414,1,414-1,6,P
3919,414-1-7,414,1,414-1,7,P
3920,414-1-8,414,1,414-1,8,P
3921,414-1-9,414,1,414-1,9,P
3922,414-2-1,414,2,414-2,1,P
3923,414-2-2,414,2,414-2,2,P
3924,414-2-3,414,2,414-2,3,P
3925,414-2-4,414,2,414-2,4,P
3926,414-2-5,414,2,414-2,5,P
3927,414-2-6,414,2,414-2,6,P
3928,414-2-7,414,2,414-2,7,P
3929,414-2-8,414,2,414-2,8,P
3930,414-2-9,414,2,414-2,9,P
3931,414-3-1,414,3,414-3,1,P
3932,414-3-2,414,3,414-3,2,P
3933,414-3-3,414,3,414-3,3,P
3934,414-3-4,414,3,414-3,4,P
3935,414-3-5,414,3,414-3,5,P
3936,414-3-6,414,3,414-3,6,P
3937,414-3-7,414,3,414-3,7,P
3938,414-3-8,414,3,414-3,8,P
3939,414-3-9,414,3,414-3,9,P
3941,15002-1-2,15002,1,15002-1,2,N
3946,15002-2-3,15002,2,15002-2,3,N
4004,15009-1-1,15009,1,15009-1,1,N
4005,15009-1-2,15009,1,15009-1,2,N
4006,15009-1-3,15009,1,15009-1,3,N
4007,15009-1-4,15009,1,15009-1,4,N
4008,15009-1-5,15009,1,15009-1,5,N
4009,15009-1-6,15009,1,15009-1,6,N
4010,15009-2-1,15009,2,15009-2,1,N
4011,15009-2-2,15009,2,15009-2,2,N
4012,15009-2-3,15009,2,15009-2,3,N
4013,15009-2-5,15009,2,15009-2,5,N
4014,15009-2-6,15009,2,15009-2,6,N
4015,15009-3-2,15009,3,15009-3,2,N
4016,15009-3-3,15009,3,15009-3,3,N
4017,15009-3-4,15009,3,15009-3,4,N
4018,15009-3-5,15009,3,15009-3,5,N
4019,15009-3-6,15009,3,15009-3,6,N
4086,15014-1-1,15014,1,15014-1,1,N
4087,15014-1-2,15014,1,15014-1,2,N
4088,15014-1-3,15014,1,15014-1,3,N
4089,15014-1-4,15014,1,15014-1,4,N
4090,15014-1-5,15014,1,15014-1,5,N
4091,15014-1-6,15014,1,15014-1,6,N
4092,15014-2-1,15014,2,15014-2,1,N
4093,15014-2-2,15014,2,15014-2,2,N
4094,15014-2-3,15014,2,15014-2,3,N
4095,15014-2-4,15014,2,15014-2,4,N
4096,15014-2-5,15014,2,15014-2,5,N
4097,15014-2-6,15014,2,15014-2,6,N
4098,15014-3-1,15014,3,15014-3,1,N
4099,15014-3-2,15014,3,15014-3,2,N
4100,15014-3-3,15014,3,15014-3,3,N
4101,15014-3-4,15014,3,15014-3,4,N
4102,15014-3-5,15014,3,15014-3,5,N
4103,15014-3-6,15014,3,15014-3,6,N
4104,15015-1-1,15015,1,15015-1,1,N
4105,15015-1-2,15015,1,15015-1,2,N
4106,15015-1-3,15015,1,15015-1,3,N
4107,15015-1-4,15015,1,15015-1,4,N
4108,15015-1-5,15015,1,15015-1,5,N
4109,15015-1-6,15015,1,15015-1,6,N
4110,15015-2-1,15015,2,15015-2,1,N
4111,15015-2-2,15015,2,15015-2,2,N
4112,15015-2-3,15015,2,15015-2,3,N
4113,15015-2-4,15015,2,15015-2,4,N
4114,15015-2-5,15015,2,15015-2,5,N
4115,15015-2-6,15015,2,15015-2,6,N
4116,15015-3-1,15015,3,15015-3,1,N
4117,15015-3-2,15015,3,15015-3,2,N
4118,15015-3-3,15015,3,15015-3,3,N
4119,15015-3-4,15015,3,15015-3,4,N
4120,15015-3-5,15015,3,15015-3,5,N
4121,15015-3-6,15015,3,15015-3,6,N
4122,15016-1-1,15016,1,15016-1,1,K
4123,15016-1-2,15016,1,15016-1,2,K
4124,15016-1-3,15016,1,15016-1,3,K
4125,15016-1-4,15016,1,15016-1,4,K
4126,15016-1-5,15016,1,15016-1,5,K
4127,15016-1-6,15016,1,15016-1,6,K
4128,15016-1-7,15016,1,15016-1,7,K
4129,15016-1-8,15016,1,15016-1,8,K
4130,15016-2-1,15016,2,15016-2,1,K
4131,15016-2-2,15016,2,15016-2,2,K
4132,15016-2-3,15016,2,15016-2,3,K
4133,15016-2-4,15016,2,15016-2,4,K
4134,15016-2-5,15016,2,15016-2,5,K
4135,15016-2-6,15016,2,15016-2,6,K
4136,15016-2-7,15016,2,15016-2,7,K
4137,15016-2-8,15016,2,15016-2,8,K
4138,15016-3-1,15016,3,15016-3,1,K
4139,15016-3-2,15016,3,15016-3,2,K
4140,15016-3-3,15016,3,15016-3,3,K
4141,15016-3-4,15016,3,15016-3,4,K
4142,15016-3-5,15016,3,15016-3,5,K
4143,15016-3-6,15016,3,15016-3,6,K
4144,15016-3-7,15016,3,15016-3,7,K
4145,15016-3-8,15016,3,15016-3,8,K
4164,15019-1-1,15019,1,15019-1,1,K
4165,15019-1-2,15019,1,15019-1,2,K
4166,15019-1-3,15019,1,15019-1,3,K
4167,15019-1-4,15019,1,15019-1,4,K
4168,15019-1-5,15019,1,15019-1,5,K
4169,15019-1-6,15019,1,15019-1,6,K
4170,15019-2-1,15019,2,15019-2,1,K
4171,15019-2-2,15019,2,15019-2,2,K
4172,15019-2-3,15019,2,15019-2,3,K
4173,15019-2-4,15019,2,15019-2,4,K
4174,15019-2-5,15019,2,15019-2,5,K
4175,15019-2-6,15019,2,15019-2,6,K
4176,15019-3-1,15019,3,15019-3,1,K
4177,15019-3-2,15019,3,15019-3,2,K
4178,15019-3-3,15019,3,15019-3,3,K
4179,15019-3-4,15019,3,15019-3,4,K
4180,15019-3-5,15019,3,15019-3,5,K
4181,15019-3-6,15019,3,15019-3,6,K
4182,15020-1-1,15020,1,15020-1,1,K
4183,15020-1-2,15020,1,15020-1,2,K
4184,15020-1-3,15020,1,15020-1,3,K
4185,15020-1-4,15020,1,15020-1,4,K
4186,15020-1-5,15020,1,15020-1,5,K
4187,15020-1-6,15020,1,15020-1,6,K
4188,15020-2-1,15020,2,15020-2,1,K
4189,15020-2-2,15020,2,15020-2,2,K
4190,15020-2-3,15020,2,15020-2,3,K
4191,15020-2-4,15020,2,15020-2,4,K
4192,15020-2-5,15020,2,15020-2,5,K
4193,15020-2-6,15020,2,15020-2,6,K
4194,15020-3-1,15020,3,15020-3,1,K
4195,15020-3-2,15020,3,15020-3,2,K
4196,15020-3-3,15020,3,15020-3,3,K
4197,15020-3-4,15020,3,15020-3,4,K
4198,15020-3-5,15020,3,15020-3,5,K
4199,15020-3-6,15020,3,15020-3,6,K
4218,15027-1-1,15027,1,15027-1,1,K
4219,15027-1-2,15027,1,15027-1,2,K
4220,15027-1-3,15027,1,15027-1,3,K
4221,15027-1-4,15027,1,15027-1,4,K
4222,15027-1-5,15027,1,15027-1,5,K
4223,15027-1-6,15027,1,15027-1,6,K
4224,15027-2-1,15027,2,15027-2,1,K
4225,15027-2-2,15027,2,15027-2,2,K
4226,15027-2-3,15027,2,15027-2,3,K
4227,15027-2-4,15027,2,15027-2,4,K
4228,15027-2-5,15027,2,15027-2,5,K
4229,15027-2-6,15027,2,15027-2,6,K
4230,15027-3-1,15027,3,15027-3,1,K
4231,15027-3-2,15027,3,15027-3,2,K
4232,15027-3-3,15027,3,15027-3,3,K
4233,15027-3-4,15027,3,15027-3,4,K
4234,15027-3-5,15027,3,15027-3,5,K
4235,15027-3-6,15027,3,15027-3,6,K
