,NtotDose,PtotDose,KtotDose,P,pspe_knn,pspe_rf,pspe_nn,pspe_gp
0,0.2845145460791251,0.0,0.7885680540930908,0.0,1.077559846631579,1.0773250965052632,1.0787556390029918,1.081724689822584
1,0.2845145460791251,1.0,0.7885680540930908,0.436,1.077559846631579,1.0773250965052632,1.0788145547132273,1.081749932928768
2,0.2845145460791251,2.0,0.7885680540930908,0.872,1.077559846631579,1.0773250965052632,1.0788734341454127,1.0817752039299708
3,0.2845145460791251,3.0,0.7885680540930908,1.308,1.077559846631579,1.0773250965052632,1.0789322760603601,1.0818005012166194
4,0.2845145460791251,4.0,0.7885680540930908,1.744,1.077559846631579,1.0773250965052632,1.0789910792134556,1.0818258231635354
5,0.2845145460791251,5.0,0.7885680540930908,2.18,1.077559846631579,1.0773250965052632,1.0790498423544137,1.0818511681300917
6,0.2845145460791251,6.0,0.7885680540930908,2.616,1.077559846631579,1.0773250965052632,1.0791085642270397,1.0818765344603718
7,0.2845145460791251,7.0,0.7885680540930908,3.052,1.077559846631579,1.0773250965052632,1.079167243569002,1.081901920483338
8,0.2845145460791251,8.0,0.7885680540930908,3.488,1.077559846631579,1.0773250965052632,1.0792258791116107,1.0819273245130032
9,0.2845145460791251,9.0,0.7885680540930908,3.924,1.077559846631579,1.0773250965052632,1.0792844695796073,1.0819527448486097
10,0.2845145460791251,10.0,0.7885680540930908,4.36,1.077559846631579,1.0773250965052632,1.079343013690962,1.0819781797748134
11,0.2845145460791251,11.0,0.7885680540930908,4.796,1.077559846631579,1.0773250965052632,1.0794015101566816,1.0820036275618743
12,0.2845145460791251,12.0,0.7885680540930908,5.232,1.077559846631579,1.0773250965052632,1.079459957680625,1.0820290864658526
13,0.2845145460791251,13.0,0.7885680540930908,5.668,1.077559846631579,1.0773250965052632,1.0795183549593301,1.0820545547288103
14,0.2845145460791251,14.0,0.7885680540930908,6.104,1.077559846631579,1.0773250965052632,1.0795767006818495,1.0820800305790201
15,0.2845145460791251,15.0,0.7885680540930908,6.54,1.0780643806315788,1.0773250965052632,1.0796349935295966,1.0821055122311778
16,0.2845145460791251,16.0,0.7885680540930908,6.976,1.078380170105263,1.0775162652421053,1.0796932321762012,1.0821309978866231
17,0.2845145460791251,17.0,0.7885680540930908,7.412,1.078380170105263,1.0774476123473684,1.079751415287376,1.0821564857335648
18,0.2845145460791251,18.0,0.7885680540930908,7.848,1.078380170105263,1.0774476123473684,1.0798095415207924,1.082181973947312
19,0.2845145460791251,19.0,0.7885680540930908,8.284,1.0791916823684211,1.0774476123473684,1.0798676095259683,1.0822074606905114
20,0.2845145460791251,20.0,0.7885680540930908,8.72,1.0804022086842104,1.0774476123473684,1.0799256179441645,1.0822329441133907
21,0.2845145460791251,21.0,0.7885680540930908,9.156,1.0804022086842104,1.0774476123473684,1.0799835654082932,1.0822584223540073
22,0.2845145460791251,22.0,0.7885680540930908,9.592,1.0809811560526315,1.0774476123473684,1.0800414505428362,1.082283893538503
23,0.2845145460791251,23.0,0.7885680540930908,10.028,1.0809811560526315,1.0774476123473684,1.0800992719637745,1.0823093557813641
24,0.2845145460791251,24.0,0.7885680540930908,10.464,1.0809811560526315,1.0774476123473684,1.0801570282785284,1.0823348071856882
25,0.2845145460791251,25.0,0.7885680540930908,10.9,1.0809811560526315,1.0774476123473684,1.0802147180859083,1.0823602458434558
26,0.2845145460791251,26.0,0.7885680540930908,11.336,1.0809811560526315,1.0781191978561404,1.080272339976076,1.0823856698358072
27,0.2845145460791251,27.0,0.7885680540930908,11.772,1.0809811560526315,1.0781191978561404,1.0803298925305183,1.082411077233327
28,0.2845145460791251,28.0,0.7885680540930908,12.208,1.0809811560526315,1.0781191978561404,1.0803873743220294,1.0824364660963315
29,0.2845145460791251,29.0,0.7885680540930908,12.644,1.0809811560526315,1.0781191978561404,1.080444783914706,1.0824618344751635
30,0.2845145460791251,30.0,0.7885680540930908,13.08,1.081349577105263,1.0781191978561404,1.0805021198639517,1.0824871804104925
31,0.2845145460791251,31.0,0.7885680540930908,13.516,1.081033787631579,1.0781191978561404,1.0805593807164942,1.082512501933619
32,0.2845145460791251,32.0,0.7885680540930908,13.952,1.081033787631579,1.0781191978561404,1.0806165650104103,1.0825377970667855
33,0.2845145460791251,33.0,0.7885680540930908,14.388,1.081033787631579,1.0781191978561404,1.0806736712751652,1.0825630638234927
34,0.2845145460791251,34.0,0.7885680540930908,14.824,1.081033787631579,1.0781191978561404,1.0807306980316598,1.0825883002088197
35,0.2845145460791251,35.0,0.7885680540930908,15.26,1.081349577105263,1.0781191978561404,1.080787643792289,1.0826135042197513
36,0.2845145460791251,36.0,0.7885680540930908,15.696,1.081033787631579,1.0781191978561404,1.0808445070610124,1.082638673845509
37,0.2845145460791251,37.0,0.7885680540930908,16.132,1.081033787631579,1.0781191978561404,1.080901286333433,1.082663807067887
38,0.2845145460791251,38.0,0.7885680540930908,16.568,1.081349577105263,1.0781191978561404,1.0809579800968876,1.0826889018615944
39,0.2845145460791251,39.0,0.7885680540930908,17.004,1.081349577105263,1.0781191978561404,1.081014586830547,1.082713956194601
40,0.2845145460791251,40.0,0.7885680540930908,17.44,1.081349577105263,1.0781191978561404,1.0810711050055273,1.0827389680284893
41,0.2845145460791251,41.0,0.7885680540930908,17.876,1.081349577105263,1.0781191978561404,1.0811275330850092,1.0827639353188088
42,0.2845145460791251,42.0,0.7885680540930908,18.312,1.081349577105263,1.0780665662771929,1.0811838695243694,1.0827888560154375
43,0.2845145460791251,43.0,0.7885680540930908,18.748,1.0811390507894736,1.0780665662771929,1.08124011277132,1.0828137280629468
44,0.2845145460791251,44.0,0.7885680540930908,19.184,1.0811390507894736,1.0780665662771929,1.0812962612660588,1.0828385494009711
45,0.2845145460791251,45.0,0.7885680540930908,19.62,1.0811390507894736,1.0780665662771929,1.0813523134414273,1.082863317964581
46,0.2845145460791251,46.0,0.7885680540930908,20.056,1.0811390507894736,1.0780665662771929,1.0814082677230799,1.0828880316846612
47,0.2845145460791251,47.0,0.7885680540930908,20.492,1.0822527199473684,1.0780665662771929,1.081464122529661,1.0829126884882938
48,0.2845145460791251,48.0,0.7885680540930908,20.928,1.0822527199473684,1.0780665662771929,1.081519876272991,1.0829372862991429
49,0.2845145460791251,49.0,0.7885680540930908,21.364,1.0822527199473684,1.0780665662771929,1.0815755273582612,1.0829618230378457
50,0.2845145460791251,50.0,0.7885680540930908,21.8,1.0822527199473684,1.0780139346982456,1.0816310741842374,1.082986296622406
51,0.2845145460791251,51.0,0.7885680540930908,22.236,1.0824632462631578,1.0780139346982456,1.0816865151434714,1.0830107049685913
52,0.2845145460791251,52.0,0.7885680540930908,22.672,1.0824632462631578,1.0780139346982456,1.0817418486225197,1.083035045990334
53,0.2845145460791251,53.0,0.7885680540930908,23.108,1.0824632462631578,1.0780139346982456,1.0817970730021726,1.0830593176001364
54,0.2845145460791251,54.0,0.7885680540930908,23.544,1.0828316673157894,1.0780139346982456,1.0818521866576885,1.0830835177094775
55,0.2845145460791251,55.0,0.7885680540930908,23.98,1.0828316673157894,1.0779973531719298,1.0819071879590354,1.0831076442292242
56,0.2845145460791251,56.0,0.7885680540930908,24.416,1.0828316673157894,1.0779973531719298,1.0819620752711427,1.0831316950700451
57,0.2845145460791251,57.0,0.7885680540930908,24.852,1.0828316673157894,1.077892090014035,1.082016846954155,1.083155668142828
58,0.2845145460791251,58.0,0.7885680540930908,25.288,1.0831063525789473,1.077892090014035,1.0820715013636968,1.0831795613590975
59,0.2845145460791251,59.0,0.7885680540930908,25.724,1.0831063525789473,1.0785297874877193,1.0821260368511416,1.083203372631439
60,0.2845145460791251,60.0,0.7885680540930908,26.16,1.0834747736315788,1.0785297874877193,1.0821804517638876,1.0832270998739215
61,0.2845145460791251,61.0,0.7885680540930908,26.596,1.0835274052105264,1.0785297874877193,1.0822347444456386,1.0832507410025265
62,0.2845145460791251,62.0,0.7885680540930908,27.032,1.0835274052105264,1.0785297874877193,1.082288913236691,1.083274293935574
63,0.2845145460791251,63.0,0.7885680540930908,27.468,1.0835274052105264,1.0785297874877193,1.082342956474227,1.0832977565941564
64,0.2845145460791251,64.0,0.7885680540930908,27.904,1.0835274052105264,1.0785297874877193,1.0823968724926112,1.0833211269025684
65,0.2845145460791251,65.0,0.7885680540930908,28.34,1.0842574729473684,1.0790565684350877,1.0824506596236922,1.083344402788744
66,0.2845145460791251,66.0,0.7885680540930908,28.776,1.0842574729473684,1.0790565684350877,1.0825043161971108,1.08336758218469
67,0.2845145460791251,67.0,0.7885680540930908,29.212,1.0842574729473684,1.0790565684350877,1.082557840540609,1.083390663026925
68,0.2845145460791251,68.0,0.7885680540930908,29.648,1.0842574729473684,1.0790565684350877,1.0826112309803468,1.0834136432569168
69,0.2845145460791251,69.0,0.7885680540930908,30.084,1.0842574729473684,1.0796256210666666,1.0826644858412187,1.0834365208215218
70,0.2845145460791251,70.0,0.7885680540930908,30.52,1.0845206308421051,1.0796256210666666,1.0827176034471762,1.0834592936734253
71,0.2845145460791251,71.0,0.7885680540930908,30.956,1.0845206308421051,1.0795393310877193,1.0827705821215534,1.0834819597715832
72,0.2845145460791251,72.0,0.7885680540930908,31.392,1.0845206308421051,1.0795393310877193,1.0828234201873936,1.0835045170816617
73,0.2845145460791251,73.0,0.7885680540930908,31.828,1.0845206308421051,1.0795393310877193,1.0828761159677807,1.0835269635764806
74,0.2845145460791251,74.0,0.7885680540930908,32.264,1.084046946631579,1.080083190736842,1.08292866778617,1.0835492972364538
75,0.2845145460791251,75.0,0.7885680540930908,32.7,1.084046946631579,1.080083190736842,1.0829810739667245,1.0835715160500314
76,0.2845145460791251,76.0,0.7885680540930908,33.136,1.0843101045263157,1.080083190736842,1.0830333328346493,1.0835936180141417
77,0.2845145460791251,77.0,0.7885680540930908,33.572,1.0843101045263157,1.080083190736842,1.0830854427165304,1.0836156011346316
78,0.2845145460791251,78.0,0.7885680540930908,34.008,1.0843101045263157,1.080083190736842,1.0831374019406728,1.0836374634267076
79,0.2845145460791251,79.0,0.7885680540930908,34.444,1.0843101045263157,1.080083190736842,1.083189208837439,1.0836592029153753
80,0.2845145460791251,80.0,0.7885680540930908,34.88,1.0843101045263157,1.080083190736842,1.0832408617395917,1.0836808176358776
81,0.2845145460791251,81.0,0.7885680540930908,35.316,1.0843101045263157,1.080083190736842,1.0832923589826307,1.0837023056341337
82,0.2845145460791251,82.0,0.7885680540930908,35.752,1.0843101045263157,1.080083190736842,1.083343698905136,1.0837236649671735
83,0.2845145460791251,83.0,0.7885680540930908,36.188,1.0843101045263157,1.080083190736842,1.0833948798491067,1.083744893703574
84,0.2845145460791251,84.0,0.7885680540930908,36.624,1.0849089591578946,1.0804296128596491,1.083445900160301,1.0837659899238914
85,0.2845145460791251,85.0,0.7885680540930908,37.06,1.0849089591578946,1.0804296128596491,1.0834967581885748,1.0837869517210923
86,0.2845145460791251,86.0,0.7885680540930908,37.496,1.0847510644210525,1.0804296128596491,1.0835474522882207,1.0838077772009835
87,0.2845145460791251,87.0,0.7885680540930908,37.932,1.0847510644210525,1.0804296128596491,1.0835979808183032,1.0838284644826375
88,0.2845145460791251,88.0,0.7885680540930908,38.368,1.0847510644210525,1.0804296128596491,1.083648342142995,1.0838490116988182
89,0.2845145460791251,89.0,0.7885680540930908,38.804,1.0847510644210525,1.0804296128596491,1.0836985346319103,1.0838694169964014
90,0.2845145460791251,90.0,0.7885680540930908,39.24,1.0847510644210525,1.0804296128596491,1.0837485566604368,1.0838896785367946
91,0.2845145460791251,91.0,0.7885680540930908,39.676,1.0847510644210525,1.0804296128596491,1.0837984066100637,1.0839097944963523
92,0.2845145460791251,92.0,0.7885680540930908,40.112,1.0847510644210525,1.0804296128596491,1.0838480828687105,1.083929763066789
93,0.2845145460791251,93.0,0.7885680540930908,40.548,1.0847510644210525,1.0804296128596491,1.0838975838310505,1.083949582455588
94,0.2845145460791251,94.0,0.7885680540930908,40.984,1.0847510644210525,1.0804296128596491,1.0839469078988322,1.0839692508864078
95,0.2845145460791251,95.0,0.7885680540930908,41.42,1.0850142223157895,1.0804296128596491,1.083996053481199,1.083988766599483
96,0.2845145460791251,96.0,0.7885680540930908,41.856,1.0851721170526316,1.0804296128596491,1.084045018995003,1.0840081278520235
97,0.2845145460791251,97.0,0.7885680540930908,42.292,1.0851721170526316,1.0804296128596491,1.0840938028651186,1.0840273329186074
98,0.2845145460791251,98.0,0.7885680540930908,42.728,1.0850142223157895,1.0804296128596491,1.0841424035247496,1.0840463800915718
99,0.2845145460791251,99.0,0.7885680540930908,43.164,1.0854879065263159,1.0804296128596491,1.0841908194157344,1.0840652676813967
100,0.2845145460791251,100.0,0.7885680540930908,43.6,1.0850142223157895,1.0804296128596491,1.0842390489888474,1.084083994017086
101,0.2845145460791251,101.0,0.7885680540930908,44.036,1.0853463055789474,1.0804296128596491,1.084287090704094,1.0841025574465437
102,0.2845145460791251,102.0,0.7885680540930908,44.472,1.0853463055789474,1.0804296128596491,1.0843349430310047,1.0841209563369436
103,0.2845145460791251,103.0,0.7885680540930908,44.908,1.0853463055789474,1.0804296128596491,1.084382604448922,1.0841391890750964
104,0.2845145460791251,104.0,0.7885680540930908,45.344,1.0853463055789474,1.0804296128596491,1.084430073447284,1.0841572540678082
105,0.2845145460791251,105.0,0.7885680540930908,45.78,1.0853463055789474,1.0804296128596491,1.084477348525904,1.0841751497422365
106,0.2845145460791251,106.0,0.7885680540930908,46.216,1.0853463055789474,1.0804296128596491,1.084524428195243,1.084192874546239
107,0.2845145460791251,107.0,0.7885680540930908,46.652,1.0853463055789474,1.0804296128596491,1.0845713109766806,1.0842104269487167
108,0.2845145460791251,108.0,0.7885680540930908,47.088,1.0858199897894736,1.0804296128596491,1.0846179954027775,1.084227805439952
109,0.2845145460791251,109.0,0.7885680540930908,47.524,1.0858199897894736,1.0804296128596491,1.0846644800175356,1.0842450085319384
110,0.2845145460791251,110.0,0.7885680540930908,47.96,1.0858199897894736,1.0804296128596491,1.0847107633766508,1.0842620347587077
111,0.2845145460791251,111.0,0.7885680540930908,48.396,1.0858199897894736,1.0804296128596491,1.0847568440477622,1.0842788826766472
112,0.2845145460791251,112.0,0.7885680540930908,48.832,1.0858199897894736,1.0804296128596491,1.0848027206106947,1.0842955508648116
113,0.2845145460791251,113.0,0.7885680540930908,49.268,1.0858199897894736,1.0804296128596491,1.084848391657697,1.084312037925229
114,0.2845145460791251,114.0,0.7885680540930908,49.704,1.0858199897894736,1.0804296128596491,1.084893855793673,1.0843283424831993
115,0.2845145460791251,115.0,0.7885680540930908,50.14,1.0858199897894736,1.0804296128596491,1.0849391116364089,1.0843444631875858
116,0.2845145460791251,116.0,0.7885680540930908,50.576,1.0858199897894736,1.0804296128596491,1.0849841578167934,1.0843603987110995
117,0.2845145460791251,117.0,0.7885680540930908,51.012,1.0858199897894736,1.0808243497017544,1.085028992979034,1.0843761477505767
118,0.2845145460791251,118.0,0.7885680540930908,51.448,1.0858199897894736,1.0808243497017544,1.085073615780865,1.0843917090272484
119,0.2845145460791251,119.0,0.7885680540930908,51.884,1.0858199897894736,1.0808243497017544,1.085118024893752,1.0844070812870035
120,0.2845145460791251,120.0,0.7885680540930908,52.32,1.0858199897894736,1.0808243497017544,1.0851622190030898,1.0844222633006435
121,0.2845145460791251,121.0,0.7885680540930908,52.756,1.0858199897894736,1.0808243497017544,1.0852061968083946,1.0844372538641291
122,0.2845145460791251,122.0,0.7885680540930908,53.192,1.0858199897894736,1.0808243497017544,1.0852499570234895,1.0844520517988212
123,0.2845145460791251,123.0,0.7885680540930908,53.628,1.0858199897894736,1.0808243497017544,1.0852934983766862,1.0844666559517102
124,0.2845145460791251,124.0,0.7885680540930908,54.064,1.086726018631579,1.0808243497017544,1.085336819610959,1.0844810651956427
125,0.2845145460791251,125.0,0.7885680540930908,54.5,1.086726018631579,1.0808243497017544,1.0853799194841136,1.0844952784295339
126,0.2845145460791251,126.0,0.7885680540930908,54.936,1.086726018631579,1.0808243497017544,1.0854227967689511,1.0845092945785775
127,0.2845145460791251,127.0,0.7885680540930908,55.372,1.0866298084210526,1.0808243497017544,1.0854654502534244,1.0845231125944432
128,0.2845145460791251,128.0,0.7885680540930908,55.808,1.0866298084210526,1.0808243497017544,1.0855078787407904,1.084536731455469
129,0.2845145460791251,129.0,0.7885680540930908,56.244,1.0866298084210526,1.0808243497017544,1.0855500810497558,1.0845501501668426
130,0.2845145460791251,130.0,0.7885680540930908,56.68,1.0866298084210526,1.0808243497017544,1.085592056014618,1.084563367760776
131,0.2845145460791251,131.0,0.7885680540930908,57.116,1.0881134545263158,1.0808243497017544,1.0856338024853982,1.0845763832966706
132,0.2845145460791251,132.0,0.7885680540930908,57.552,1.0881134545263158,1.0808243497017544,1.0856753193279727,1.084589195861275
133,0.2845145460791251,133.0,0.7885680540930908,57.988,1.0881134545263158,1.080350665491228,1.0857166054241945,1.0846018045688328
134,0.2845145460791251,134.0,0.7885680540930908,58.424,1.0881134545263158,1.080350665491228,1.0857576596720129,1.0846142085612218
135,0.2845145460791251,135.0,0.7885680540930908,58.86,1.0881134545263158,1.080350665491228,1.0857984809855856,1.084626407008086
136,0.2845145460791251,136.0,0.7885680540930908,59.296,1.0881134545263158,1.080350665491228,1.0858390682953858,1.0846383991069573
137,0.2845145460791251,137.0,0.7885680540930908,59.732,1.0881134545263158,1.080350665491228,1.085879420548305,1.0846501840833689
138,0.2845145460791251,138.0,0.7885680540930908,60.168,1.0881134545263158,1.080350665491228,1.08591953670775,1.0846617611909601
139,0.2845145460791251,139.0,0.7885680540930908,60.604,1.087429244,1.080350665491228,1.085959415753734,1.0846731297115721
140,0.2845145460791251,140.0,0.7885680540930908,61.04,1.087429244,1.080350665491228,1.0859990566829638,1.084684288955335
141,0.2845145460791251,141.0,0.7885680540930908,61.476,1.087429244,1.080350665491228,1.0860384585089222,1.0846952382607455
142,0.2845145460791251,142.0,0.7885680540930908,61.912,1.087429244,1.0804935226340853,1.086077620261944,1.0847059769947371
143,0.2845145460791251,143.0,0.7885680540930908,62.348,1.087429244,1.0804935226340853,1.0861165409892892,1.0847165045527396
144,0.2845145460791251,144.0,0.7885680540930908,62.784,1.087429244,1.0804935226340853,1.0861552197552102,1.0847268203587304
145,0.2845145460791251,145.0,0.7885680540930908,63.22,1.087429244,1.0804935226340853,1.0861936556410143,1.0847369238652784
146,0.2845145460791251,146.0,0.7885680540930908,63.656,1.087429244,1.0804935226340853,1.0862318477451232,1.0847468145535768
147,0.2845145460791251,147.0,0.7885680540930908,64.092,1.087429244,1.0804935226340853,1.0862697951831257,1.0847564919334685
148,0.2845145460791251,148.0,0.7885680540930908,64.528,1.087429244,1.0804935226340853,1.0863074970878295,1.0847659555434617
149,0.2845145460791251,149.0,0.7885680540930908,64.964,1.087429244,1.0804935226340853,1.0863449526093045,1.0847752049507384
150,0.2845145460791251,150.0,0.7885680540930908,65.4,1.087429244,1.0804935226340853,1.0863821609149267,1.0847842397511527
151,0.2845145460791251,151.0,0.7885680540930908,65.836,1.087429244,1.0804935226340853,1.0864191211894136,1.08479305956922
152,0.2845145460791251,152.0,0.7885680540930908,66.272,1.087429244,1.0804935226340853,1.0864558326348597,1.084801664058099
153,0.2845145460791251,153.0,0.7885680540930908,66.708,1.087429244,1.0804935226340853,1.086492294470765,1.0848100528995654
154,0.2845145460791251,154.0,0.7885680540930908,67.144,1.087429244,1.0804935226340853,1.0865285059340624,1.0848182258039742
155,0.2845145460791251,155.0,0.7885680540930908,67.58,1.087429244,1.0798093121077694,1.08656446627914,1.0848261825102168
156,0.2845145460791251,156.0,0.7885680540930908,68.016,1.087429244,1.0798093121077694,1.0866001747778602,1.0848339227856676
157,0.2845145460791251,157.0,0.7885680540930908,68.452,1.087429244,1.0798093121077694,1.0866356307195757,1.0848414464261231
158,0.2845145460791251,158.0,0.7885680540930908,68.888,1.087429244,1.0792408910551379,1.0866708334111426,1.084848753255733
159,0.2845145460791251,159.0,0.7885680540930908,69.324,1.087429244,1.0792408910551379,1.0867057821769295,1.0848558431269215
160,0.2845145460791251,160.0,0.7885680540930908,69.76,1.087429244,1.0792408910551379,1.0867404763588246,1.0848627159203028
161,0.2845145460791251,161.0,0.7885680540930908,70.196,1.0872713492631578,1.0792408910551379,1.086774915316239,1.084869371544586
162,0.2845145460791251,162.0,0.7885680540930908,70.632,1.0872713492631578,1.0792408910551379,1.086809098426107,1.0848758099364748
163,0.2845145460791251,163.0,0.7885680540930908,71.068,1.0872713492631578,1.0792408910551379,1.0868430250828858,1.0848820310605567
164,0.2845145460791251,164.0,0.7885680540930908,71.504,1.0868044394210525,1.0792408910551379,1.08687669469855,1.0848880349091856
165,0.2845145460791251,165.0,0.7885680540930908,71.94,1.0868044394210525,1.0792408910551379,1.0869101067025844,1.0848938215023574
166,0.2845145460791251,166.0,0.7885680540930908,72.376,1.0868044394210525,1.0792408910551379,1.0869432605419753,1.0848993908875773
167,0.2845145460791251,167.0,0.7885680540930908,72.812,1.086593913105263,1.0792408910551379,1.0869761556811988,1.0849047431397185
168,0.2845145460791251,168.0,0.7885680540930908,73.248,1.086593913105263,1.0792408910551379,1.0870087916022069,1.0849098783608764
169,0.2845145460791251,169.0,0.7885680540930908,73.684,1.086593913105263,1.0792408910551379,1.0870411678044114,1.084914796680212
170,0.2845145460791251,170.0,0.7885680540930908,74.12,1.086593913105263,1.0792408910551379,1.087073283804666,1.0849194982537917
171,0.2845145460791251,171.0,0.7885680540930908,74.556,1.086593913105263,1.0792408910551379,1.0871051391372462,1.0849239832644175
172,0.2845145460791251,172.0,0.7885680540930908,74.992,1.086593913105263,1.0792408910551379,1.0871367333538287,1.084928251921451
173,0.2845145460791251,173.0,0.7885680540930908,75.428,1.086593913105263,1.0792408910551379,1.0871680660234662,1.0849323044606316
174,0.2845145460791251,174.0,0.7885680540930908,75.864,1.086593913105263,1.0792408910551379,1.087199136732564,1.0849361411438867
175,0.2845145460791251,175.0,0.7885680540930908,76.3,1.086593913105263,1.0792408910551379,1.087229945084852,1.0849397622591366
176,0.2845145460791251,176.0,0.7885680540930908,76.736,1.086593913105263,1.0792408910551379,1.087260490701357,1.084943168120092
177,0.2845145460791251,177.0,0.7885680540930908,77.172,1.086202372263158,1.0792408910551379,1.0872907732203734,1.0849463590660462
178,0.2845145460791251,178.0,0.7885680540930908,77.608,1.086202372263158,1.0792408910551379,1.087320792297432,1.0849493354616595
179,0.2845145460791251,179.0,0.7885680540930908,78.044,1.086202372263158,1.0792408910551379,1.0873505476052676,1.084952097696741
180,0.2845145460791251,180.0,0.7885680540930908,78.48,1.086202372263158,1.0791882594761903,1.0873800388337855,1.0849546461860204
181,0.2845145460791251,181.0,0.7885680540930908,78.916,1.086202372263158,1.0791882594761903,1.0874092656900276,1.0849569813689182
182,0.2845145460791251,182.0,0.7885680540930908,79.352,1.0855222666842106,1.0791882594761903,1.0874382278981356,1.0849591037093063
183,0.2845145460791251,183.0,0.7885680540930908,79.788,1.0855222666842106,1.0800153170867168,1.0874669251993159,1.0849610136952668
184,0.2845145460791251,184.0,0.7885680540930908,80.224,1.0855222666842106,1.0800153170867168,1.0874953573518005,1.084962711838844
185,0.2845145460791251,185.0,0.7885680540930908,80.66,1.0845354245789474,1.0800153170867168,1.087523524130809,1.0849641986757914
186,0.2845145460791251,186.0,0.7885680540930908,81.096,1.0845354245789474,1.0800153170867168,1.0875514253285097,1.084965474765313
187,0.2845145460791251,187.0,0.7885680540930908,81.532,1.0845354245789474,1.0800153170867168,1.0875790607539793,1.0849665406898017
188,0.2845145460791251,188.0,0.7885680540930908,81.968,1.0845354245789474,1.0800153170867168,1.087606430233161,1.0849673970545721
189,0.2845145460791251,189.0,0.7885680540930908,82.404,1.0840899220526317,1.0800153170867168,1.087633533608824,1.0849680444875882
190,0.2845145460791251,190.0,0.7885680540930908,82.84,1.0840899220526317,1.0800153170867168,1.0876603707405217,1.0849684836391877
191,0.2845145460791251,191.0,0.7885680540930908,83.276,1.0840899220526317,1.0800153170867168,1.087686941504547,1.0849687151818022
192,0.2845145460791251,192.0,0.7885680540930908,83.712,1.0840899220526317,1.0800153170867168,1.0877132457938898,1.0849687398096728
193,0.2845145460791251,193.0,0.7885680540930908,84.148,1.0840899220526317,1.0800153170867168,1.0877392835181936,1.0849685582385622
194,0.2845145460791251,194.0,0.7885680540930908,84.584,1.0840899220526317,1.0800153170867168,1.0877650546037099,1.0849681712054635
195,0.2845145460791251,195.0,0.7885680540930908,85.02,1.0840899220526317,1.0800153170867168,1.0877905589932533,1.084967579468305
196,0.2845145460791251,196.0,0.7885680540930908,85.456,1.0840899220526317,1.0800153170867168,1.0878157966461564,1.0849667838056511
197,0.2845145460791251,197.0,0.7885680540930908,85.892,1.0840899220526317,1.0800153170867168,1.0878407675382231,1.084965785016402
198,0.2845145460791251,198.0,0.7885680540930908,86.328,1.0840899220526317,1.0800153170867168,1.0878654716616827,1.0849645839194881
199,0.2845145460791251,199.0,0.7885680540930908,86.764,1.0840899220526317,1.0800153170867168,1.0878899090251424,1.084963181353563
200,0.2845145460791251,200.0,0.7885680540930908,87.2,1.0840899220526317,1.0800153170867168,1.0879140796535407,1.0849615781766926
201,0.2845145460791251,201.0,0.7885680540930908,87.636,1.0840899220526317,1.0800153170867168,1.0879379835880991,1.0849597752660431
202,0.2845145460791251,202.0,0.7885680540930908,88.072,1.0840899220526317,1.0800153170867168,1.087961620886274,1.084957773517566
203,0.2845145460791251,203.0,0.7885680540930908,88.508,1.0840899220526317,1.0800153170867168,1.0879849916217081,1.084955573845679
204,0.2845145460791251,204.0,0.7885680540930908,88.944,1.0840899220526317,1.0800153170867168,1.088008095884182,1.0849531771829488
205,0.2845145460791251,205.0,0.7885680540930908,89.38,1.0840899220526317,1.0800153170867168,1.0880309337795642,1.084950584479768
206,0.2845145460791251,206.0,0.7885680540930908,89.816,1.0840899220526317,1.0800153170867168,1.0880535054297618,1.0849477967040324
207,0.2845145460791251,207.0,0.7885680540930908,90.252,1.0840899220526317,1.0800153170867168,1.08807581097267,1.0849448148408156
208,0.2845145460791251,208.0,0.7885680540930908,90.688,1.0840899220526317,1.0800317389323308,1.088097850562122,1.084941639892044
209,0.2845145460791251,209.0,0.7885680540930908,91.124,1.0840899220526317,1.0800317389323308,1.0881196243678373,1.0849382728761674
210,0.2845145460791251,210.0,0.7885680540930908,91.56,1.0840899220526317,1.0800317389323308,1.0881411325753712,1.0849347148278305
211,0.2845145460791251,211.0,0.7885680540930908,91.996,1.0840899220526317,1.0800317389323308,1.088162375386062,1.0849309667975444
212,0.2845145460791251,212.0,0.7885680540930908,92.432,1.0840899220526317,1.0800317389323308,1.0881833530169798,1.0849270298513531
213,0.2845145460791251,213.0,0.7885680540930908,92.868,1.0840899220526317,1.0800317389323308,1.0882040657008722,1.0849229050705047
214,0.2845145460791251,214.0,0.7885680540930908,93.304,1.0840899220526317,1.0800317389323308,1.0882245136861124,1.0849185935511168
215,0.2845145460791251,215.0,0.7885680540930908,93.74,1.0840899220526317,1.0800317389323308,1.0882446972366444,1.0849140964038448
216,0.2845145460791251,216.0,0.7885680540930908,94.176,1.0840899220526317,1.0800317389323308,1.088264616631929,1.0849094147535494
217,0.2845145460791251,217.0,0.7885680540930908,94.612,1.0840899220526317,1.0800317389323308,1.0882842721668886,1.0849045497389618
218,0.2845145460791251,218.0,0.7885680540930908,95.048,1.0840899220526317,1.0800317389323308,1.0883036641518522,1.084899502512352
219,0.2845145460791251,219.0,0.7885680540930908,95.484,1.0840899220526317,1.0800317389323308,1.0883227929124983,1.084894274239194
220,0.2845145460791251,220.0,0.7885680540930908,95.92,1.0840899220526317,1.0800317389323308,1.088341658789799,1.0848888660978337
221,0.2845145460791251,221.0,0.7885680540930908,96.356,1.0840899220526317,1.0800317389323308,1.088360262139961,1.0848832792791556
222,0.2845145460791251,222.0,0.7885680540930908,96.792,1.0840899220526317,1.0800317389323308,1.0883786033343694,1.0848775149862504
223,0.2845145460791251,223.0,0.7885680540930908,97.228,1.0838192543157894,1.0800317389323308,1.088396682759527,1.0848715744340836
224,0.2845145460791251,224.0,0.7885680540930908,97.664,1.0838192543157894,1.0800317389323308,1.0884145008169948,1.0848654588491637
225,0.2845145460791251,225.0,0.7885680540930908,98.1,1.0838192543157894,1.0800317389323308,1.088432057923332,1.0848591694692125
226,0.2845145460791251,226.0,0.7885680540930908,98.536,1.0838192543157894,1.0800317389323308,1.0884493545100342,1.0848527075428351
227,0.2845145460791251,227.0,0.7885680540930908,98.972,1.0838192543157894,1.0800317389323308,1.0884663910234704,1.0848460743291921
228,0.2845145460791251,228.0,0.7885680540930908,99.408,1.0838192543157894,1.0800317389323308,1.0884831679248206,1.084839271097671
229,0.2845145460791251,229.0,0.7885680540930908,99.844,1.0838192543157894,1.0800317389323308,1.088499685690011,1.0848322991275623
230,0.2845145460791251,230.0,0.7885680540930908,100.28,1.0821105938947368,1.0800317389323308,1.0885159448096495,1.0848251597077327
231,0.2845145460791251,231.0,0.7885680540930908,100.716,1.0821105938947368,1.0800317389323308,1.0885319457889575,1.0848178541363032
232,0.2845145460791251,232.0,0.7885680540930908,101.152,1.0821105938947368,1.0800317389323308,1.088547689147705,1.0848103837203262
233,0.2845145460791251,233.0,0.7885680540930908,101.588,1.0821105938947368,1.0800317389323308,1.0885631754201401,1.0848027497754673
234,0.2845145460791251,234.0,0.7885680540930908,102.024,1.0821105938947368,1.0800317389323308,1.0885784051549208,1.0847949536256847
235,0.2845145460791251,235.0,0.7885680540930908,102.46,1.0821105938947368,1.0800317389323308,1.0885933789150426,1.0847869966029147
236,0.2845145460791251,236.0,0.7885680540930908,102.896,1.0821105938947368,1.0800317389323308,1.0886080972777683,1.0847788800467557
237,0.2845145460791251,237.0,0.7885680540930908,103.332,1.0821105938947368,1.0800317389323308,1.088622560834553,1.0847706053041568
238,0.2845145460791251,238.0,0.7885680540930908,103.768,1.0821105938947368,1.0800317389323308,1.0886367701909705,1.0847621737291064
239,0.2845145460791251,239.0,0.7885680540930908,104.204,1.0821105938947368,1.0800317389323308,1.0886507259666365,1.084753586682325
240,0.2845145460791251,240.0,0.7885680540930908,104.64,1.0821105938947368,1.0800317389323308,1.0886644287951326,1.084744845530958
241,0.2845145460791251,241.0,0.7885680540930908,105.076,1.0821105938947368,1.0800317389323308,1.0886778793239256,1.084735951648273
242,0.2845145460791251,242.0,0.7885680540930908,105.512,1.0821105938947368,1.0800317389323308,1.0886910782142893,1.0847269064133582
243,0.2845145460791251,243.0,0.7885680540930908,105.948,1.0821105938947368,1.0800317389323308,1.0887040261412213,1.0847177112108235
244,0.2845145460791251,244.0,0.7885680540930908,106.384,1.0821105938947368,1.0800317389323308,1.088716723793361,1.0847083674305042
245,0.2845145460791251,245.0,0.7885680540930908,106.82,1.0821105938947368,1.0800317389323308,1.0887291718729037,1.0846988764671681
246,0.2845145460791251,246.0,0.7885680540930908,107.256,1.0821105938947368,1.0800317389323308,1.0887413710955154,1.0846892397202244
247,0.2845145460791251,247.0,0.7885680540930908,107.692,1.0821105938947368,1.0800317389323308,1.0887533221902441,1.0846794585934345
248,0.2845145460791251,248.0,0.7885680540930908,108.128,1.0821105938947368,1.0800317389323308,1.0887650258994306,1.084669534494628
249,0.2845145460791251,249.0,0.7885680540930908,108.564,1.0821105938947368,1.0800317389323308,1.0887764829786177,1.0846594688354196
250,0.2845145460791251,250.0,0.7885680540930908,109.0,1.0821105938947368,1.0800317389323308,1.0887876941964563,1.0846492630309295
