ID,NoEssai,NoBloc,ID_bl,NoTraitement,test_type
1-1-1,1,1,1-1,1,N
1-1-2,1,1,1-1,2,N
1-1-3,1,1,1-1,3,N
1-1-4,1,1,1-1,4,N
1-1-5,1,1,1-1,5,N
1-1-6,1,1,1-1,6,N
1-1-7,1,1,1-1,7,N
1-1-8,1,1,1-1,8,N
1-3-1,1,3,1-3,1,N
1-3-2,1,3,1-3,2,N
1-3-3,1,3,1-3,3,N
1-3-4,1,3,1-3,4,N
1-3-5,1,3,1-3,5,N
1-3-6,1,3,1-3,6,N
1-3-7,1,3,1-3,7,N
1-3-8,1,3,1-3,8,N
2-1-1,2,1,2-1,1,N
2-1-2,2,1,2-1,2,N
2-1-3,2,1,2-1,3,N
2-1-4,2,1,2-1,4,N
2-1-5,2,1,2-1,5,N
2-1-6,2,1,2-1,6,N
2-1-7,2,1,2-1,7,N
2-1-8,2,1,2-1,8,N
2-2-1,2,2,2-2,1,N
2-2-2,2,2,2-2,2,N
2-2-3,2,2,2-2,3,N
2-2-4,2,2,2-2,4,N
2-2-5,2,2,2-2,5,N
2-2-6,2,2,2-2,6,N
2-2-7,2,2,2-2,7,N
2-2-8,2,2,2-2,8,N
2-3-1,2,3,2-3,1,N
2-3-2,2,3,2-3,2,N
2-3-3,2,3,2-3,3,N
2-3-4,2,3,2-3,4,N
2-3-5,2,3,2-3,5,N
2-3-6,2,3,2-3,6,N
2-3-7,2,3,2-3,7,N
2-3-8,2,3,2-3,8,N
3-2-1,3,2,3-2,1,N
3-2-2,3,2,3-2,2,N
3-2-3,3,2,3-2,3,N
3-2-4,3,2,3-2,4,N
3-2-5,3,2,3-2,5,N
3-2-6,3,2,3-2,6,N
3-2-7,3,2,3-2,7,N
3-2-8,3,2,3-2,8,N
3-2-9,3,2,3-2,9,N
3-2-10,3,2,3-2,10,N
3-2-11,3,2,3-2,11,N
3-3-1,3,3,3-3,1,N
3-3-2,3,3,3-3,2,N
3-3-3,3,3,3-3,3,N
3-3-4,3,3,3-3,4,N
3-3-5,3,3,3-3,5,N
3-3-6,3,3,3-3,6,N
3-3-7,3,3,3-3,7,N
3-3-8,3,3,3-3,8,N
3-3-9,3,3,3-3,9,N
3-3-10,3,3,3-3,10,N
3-3-11,3,3,3-3,11,N
4-1-1,4,1,4-1,1,N
4-1-2,4,1,4-1,2,N
4-1-3,4,1,4-1,3,N
4-1-4,4,1,4-1,4,N
4-1-5,4,1,4-1,5,N
4-1-6,4,1,4-1,6,N
4-2-1,4,2,4-2,1,N
4-2-2,4,2,4-2,2,N
4-2-3,4,2,4-2,3,N
4-2-4,4,2,4-2,4,N
4-2-5,4,2,4-2,5,N
4-2-6,4,2,4-2,6,N
6-2-1,6,2,6-2,1,N
6-2-2,6,2,6-2,2,N
6-2-3,6,2,6-2,3,N
6-2-4,6,2,6-2,4,N
6-2-5,6,2,6-2,5,N
6-2-6,6,2,6-2,6,N
7-1-1,7,1,7-1,1,N
7-1-2,7,1,7-1,2,N
7-1-3,7,1,7-1,3,N
7-1-4,7,1,7-1,4,N
7-1-5,7,1,7-1,5,N
7-1-6,7,1,7-1,6,N
7-2-1,7,2,7-2,1,N
7-2-2,7,2,7-2,2,N
7-2-3,7,2,7-2,3,N
7-2-4,7,2,7-2,4,N
7-2-5,7,2,7-2,5,N
7-2-6,7,2,7-2,6,N
7-3-1,7,3,7-3,1,N
7-3-2,7,3,7-3,2,N
7-3-3,7,3,7-3,3,N
7-3-4,7,3,7-3,4,N
7-3-5,7,3,7-3,5,N
7-3-6,7,3,7-3,6,N
8-1-1,8,1,8-1,1,N
8-1-2,8,1,8-1,2,N
8-1-3,8,1,8-1,3,N
8-1-4,8,1,8-1,4,N
8-1-5,8,1,8-1,5,N
8-1-6,8,1,8-1,6,N
8-3-1,8,3,8-3,1,N
8-3-2,8,3,8-3,2,N
8-3-3,8,3,8-3,3,N
8-3-4,8,3,8-3,4,N
8-3-5,8,3,8-3,5,N
8-3-6,8,3,8-3,6,N
9-1-1,9,1,9-1,1,N
9-1-2,9,1,9-1,2,N
9-1-3,9,1,9-1,3,N
9-1-4,9,1,9-1,4,N
9-1-5,9,1,9-1,5,N
9-1-6,9,1,9-1,6,N
9-2-1,9,2,9-2,1,N
9-2-2,9,2,9-2,2,N
9-2-3,9,2,9-2,3,N
9-2-4,9,2,9-2,4,N
9-2-5,9,2,9-2,5,N
9-2-6,9,2,9-2,6,N
10-1-1,10,1,10-1,1,N
10-1-2,10,1,10-1,2,N
10-1-3,10,1,10-1,3,N
10-1-4,10,1,10-1,4,N
10-1-5,10,1,10-1,5,N
10-1-6,10,1,10-1,6,N
10-1-7,10,1,10-1,7,N
10-1-8,10,1,10-1,8,N
10-1-9,10,1,10-1,9,N
10-1-10,10,1,10-1,10,N
10-1-11,10,1,10-1,11,N
10-2-1,10,2,10-2,1,N
10-2-2,10,2,10-2,2,N
10-2-3,10,2,10-2,3,N
10-2-4,10,2,10-2,4,N
10-2-5,10,2,10-2,5,N
10-2-6,10,2,10-2,6,N
10-2-7,10,2,10-2,7,N
10-2-8,10,2,10-2,8,N
10-2-9,10,2,10-2,9,N
10-2-10,10,2,10-2,10,N
10-2-11,10,2,10-2,11,N
12-1-1,12,1,12-1,1,N
12-1-2,12,1,12-1,2,N
12-1-3,12,1,12-1,3,N
12-1-4,12,1,12-1,4,N
12-2-1,12,2,12-2,1,N
12-2-2,12,2,12-2,2,N
12-2-3,12,2,12-2,3,N
12-2-4,12,2,12-2,4,N
12-3-1,12,3,12-3,1,N
12-3-2,12,3,12-3,2,N
12-3-3,12,3,12-3,3,N
12-3-4,12,3,12-3,4,N
13-1-1,13,1,13-1,1,N
13-1-2,13,1,13-1,2,N
13-1-3,13,1,13-1,3,N
13-1-4,13,1,13-1,4,N
13-2-1,13,2,13-2,1,N
13-2-2,13,2,13-2,2,N
13-2-3,13,2,13-2,3,N
13-2-4,13,2,13-2,4,N
14-1-1,14,1,14-1,1,N
14-1-2,14,1,14-1,2,N
14-1-3,14,1,14-1,3,N
14-1-4,14,1,14-1,4,N
14-2-1,14,2,14-2,1,N
14-2-2,14,2,14-2,2,N
14-2-3,14,2,14-2,3,N
14-2-4,14,2,14-2,4,N
14-3-1,14,3,14-3,1,N
14-3-2,14,3,14-3,2,N
14-3-3,14,3,14-3,3,N
14-3-4,14,3,14-3,4,N
15-1-1,15,1,15-1,1,N
15-1-2,15,1,15-1,2,N
15-1-3,15,1,15-1,3,N
15-1-4,15,1,15-1,4,N
15-1-5,15,1,15-1,5,N
15-1-6,15,1,15-1,6,N
15-2-1,15,2,15-2,1,N
15-2-2,15,2,15-2,2,N
15-2-3,15,2,15-2,3,N
15-2-4,15,2,15-2,4,N
15-2-5,15,2,15-2,5,N
15-2-6,15,2,15-2,6,N
15-3-1,15,3,15-3,1,N
15-3-2,15,3,15-3,2,N
15-3-3,15,3,15-3,3,N
15-3-4,15,3,15-3,4,N
15-3-5,15,3,15-3,5,N
15-3-6,15,3,15-3,6,N
16-1-1,16,1,16-1,1,N
16-1-2,16,1,16-1,2,N
16-1-3,16,1,16-1,3,N
16-1-4,16,1,16-1,4,N
16-1-5,16,1,16-1,5,N
16-1-6,16,1,16-1,6,N
16-2-1,16,2,16-2,1,N
16-2-2,16,2,16-2,2,N
16-2-3,16,2,16-2,3,N
16-2-4,16,2,16-2,4,N
16-2-5,16,2,16-2,5,N
16-2-6,16,2,16-2,6,N
17-1-1,17,1,17-1,1,N
17-1-2,17,1,17-1,2,NPK
17-1-3,17,1,17-1,3,NPK
17-1-4,17,1,17-1,4,NPK
17-1-5,17,1,17-1,5,NPK
17-1-6,17,1,17-1,6,NPK
17-1-7,17,1,17-1,7,NPK
17-1-8,17,1,17-1,8,NPK
17-1-9,17,1,17-1,9,NPK
17-2-1,17,2,17-2,1,NPK
17-2-2,17,2,17-2,2,NPK
17-2-3,17,2,17-2,3,NPK
17-2-4,17,2,17-2,4,NPK
17-2-5,17,2,17-2,5,NPK
17-2-6,17,2,17-2,6,NPK
17-2-7,17,2,17-2,7,NPK
17-2-8,17,2,17-2,8,NPK
17-2-9,17,2,17-2,9,NPK
17-3-1,17,3,17-3,1,NPK
17-3-2,17,3,17-3,2,NPK
17-3-3,17,3,17-3,3,NPK
17-3-4,17,3,17-3,4,NPK
17-3-5,17,3,17-3,5,NPK
17-3-6,17,3,17-3,6,NPK
17-3-7,17,3,17-3,7,NPK
17-3-8,17,3,17-3,8,NPK
17-3-9,17,3,17-3,9,NPK
18-1-1,18,1,18-1,1,N
18-1-2,18,1,18-1,2,N
18-1-3,18,1,18-1,3,N
18-1-4,18,1,18-1,4,N
18-1-5,18,1,18-1,5,N
18-1-6,18,1,18-1,6,N
18-2-1,18,2,18-2,1,N
18-2-2,18,2,18-2,2,N
18-2-3,18,2,18-2,3,N
18-2-4,18,2,18-2,4,N
18-2-5,18,2,18-2,5,N
18-2-6,18,2,18-2,6,N
18-3-1,18,3,18-3,1,N
18-3-2,18,3,18-3,2,N
18-3-3,18,3,18-3,3,N
18-3-4,18,3,18-3,4,N
18-3-5,18,3,18-3,5,N
18-3-6,18,3,18-3,6,N
19-1-1,19,1,19-1,1,N
19-1-2,19,1,19-1,2,NPK
19-1-3,19,1,19-1,3,NPK
19-1-4,19,1,19-1,4,NPK
19-1-5,19,1,19-1,5,NPK
19-1-6,19,1,19-1,6,NPK
19-1-7,19,1,19-1,7,NPK
19-1-8,19,1,19-1,8,NPK
19-1-9,19,1,19-1,9,NPK
19-2-1,19,2,19-2,1,NPK
19-2-2,19,2,19-2,2,NPK
19-2-3,19,2,19-2,3,NPK
19-2-4,19,2,19-2,4,NPK
19-2-5,19,2,19-2,5,NPK
19-2-6,19,2,19-2,6,NPK
19-2-7,19,2,19-2,7,NPK
19-2-8,19,2,19-2,8,NPK
19-2-9,19,2,19-2,9,NPK
19-3-1,19,3,19-3,1,NPK
19-3-2,19,3,19-3,2,NPK
19-3-3,19,3,19-3,3,NPK
19-3-4,19,3,19-3,4,NPK
19-3-5,19,3,19-3,5,NPK
19-3-6,19,3,19-3,6,NPK
19-3-7,19,3,19-3,7,NPK
19-3-8,19,3,19-3,8,NPK
19-3-9,19,3,19-3,9,NPK
20-1-1,20,1,20-1,1,N
20-1-2,20,1,20-1,2,N
20-1-3,20,1,20-1,3,N
20-1-4,20,1,20-1,4,N
20-1-5,20,1,20-1,5,N
20-1-6,20,1,20-1,6,N
20-2-1,20,2,20-2,1,N
20-2-2,20,2,20-2,2,N
20-2-3,20,2,20-2,3,N
20-2-4,20,2,20-2,4,N
20-2-5,20,2,20-2,5,N
20-2-6,20,2,20-2,6,N
20-3-1,20,3,20-3,1,N
20-3-2,20,3,20-3,2,N
20-3-3,20,3,20-3,3,N
20-3-4,20,3,20-3,4,N
20-3-5,20,3,20-3,5,N
20-3-6,20,3,20-3,6,N
22-1-1,22,1,22-1,1,N
22-1-2,22,1,22-1,2,N
22-1-3,22,1,22-1,3,N
22-1-4,22,1,22-1,4,N
22-1-5,22,1,22-1,5,N
22-1-6,22,1,22-1,6,N
22-1-7,22,1,22-1,7,N
22-1-8,22,1,22-1,8,N
22-1-9,22,1,22-1,9,N
22-1-10,22,1,22-1,10,N
22-3-1,22,3,22-3,1,N
22-3-2,22,3,22-3,2,N
22-3-3,22,3,22-3,3,N
22-3-4,22,3,22-3,4,N
22-3-5,22,3,22-3,5,N
22-3-6,22,3,22-3,6,N
22-3-7,22,3,22-3,7,N
22-3-8,22,3,22-3,8,N
22-3-9,22,3,22-3,9,N
22-3-10,22,3,22-3,10,N
23-2-1,23,2,23-2,1,N
23-2-2,23,2,23-2,2,N
23-2-3,23,2,23-2,3,N
23-2-4,23,2,23-2,4,N
23-2-5,23,2,23-2,5,N
23-2-6,23,2,23-2,6,N
23-2-7,23,2,23-2,7,N
23-2-8,23,2,23-2,8,N
23-2-9,23,2,23-2,9,N
23-2-10,23,2,23-2,10,N
23-3-1,23,3,23-3,1,N
23-3-2,23,3,23-3,2,N
23-3-3,23,3,23-3,3,N
23-3-4,23,3,23-3,4,N
23-3-5,23,3,23-3,5,N
23-3-6,23,3,23-3,6,N
23-3-7,23,3,23-3,7,N
23-3-8,23,3,23-3,8,N
23-3-9,23,3,23-3,9,N
23-3-10,23,3,23-3,10,N
25-2-1,25,2,25-2,1,N
25-2-2,25,2,25-2,2,N
25-2-3,25,2,25-2,3,N
25-2-4,25,2,25-2,4,N
25-2-5,25,2,25-2,5,N
25-2-6,25,2,25-2,6,N
25-2-7,25,2,25-2,7,N
25-2-8,25,2,25-2,8,N
25-3-1,25,3,25-3,1,N
25-3-2,25,3,25-3,2,N
25-3-3,25,3,25-3,3,N
25-3-4,25,3,25-3,4,N
25-3-5,25,3,25-3,5,N
25-3-6,25,3,25-3,6,N
25-3-7,25,3,25-3,7,N
25-3-8,25,3,25-3,8,N
26-1-1,26,1,26-1,1,N
26-1-2,26,1,26-1,2,N
26-1-3,26,1,26-1,3,N
26-1-4,26,1,26-1,4,N
26-2-1,26,2,26-2,1,N
26-2-2,26,2,26-2,2,N
26-2-3,26,2,26-2,3,N
26-2-4,26,2,26-2,4,N
26-3-1,26,3,26-3,1,N
26-3-2,26,3,26-3,2,N
26-3-3,26,3,26-3,3,N
26-3-4,26,3,26-3,4,N
27-1-1,27,1,27-1,1,N
27-1-2,27,1,27-1,2,N
27-1-3,27,1,27-1,3,N
27-1-4,27,1,27-1,4,N
27-2-1,27,2,27-2,1,N
27-2-2,27,2,27-2,2,N
27-2-3,27,2,27-2,3,N
27-2-4,27,2,27-2,4,N
27-3-1,27,3,27-3,1,N
27-3-2,27,3,27-3,2,N
27-3-3,27,3,27-3,3,N
27-3-4,27,3,27-3,4,N
28-1-1,28,1,28-1,1,N
28-1-2,28,1,28-1,2,N
28-1-3,28,1,28-1,3,N
28-1-4,28,1,28-1,4,N
28-1-5,28,1,28-1,5,N
28-1-6,28,1,28-1,6,N
28-2-1,28,2,28-2,1,N
28-2-2,28,2,28-2,2,N
28-2-3,28,2,28-2,3,N
28-2-4,28,2,28-2,4,N
28-2-5,28,2,28-2,5,N
28-2-6,28,2,28-2,6,N
28-3-1,28,3,28-3,1,N
28-3-2,28,3,28-3,2,N
28-3-3,28,3,28-3,3,N
28-3-4,28,3,28-3,4,N
28-3-5,28,3,28-3,5,N
28-3-6,28,3,28-3,6,N
29-1-1,29,1,29-1,1,N
29-1-2,29,1,29-1,2,N
29-1-3,29,1,29-1,3,N
29-1-4,29,1,29-1,4,N
29-1-5,29,1,29-1,5,N
29-1-6,29,1,29-1,6,N
29-2-1,29,2,29-2,1,N
29-2-2,29,2,29-2,2,N
29-2-3,29,2,29-2,3,N
29-2-4,29,2,29-2,4,N
29-2-5,29,2,29-2,5,N
29-2-6,29,2,29-2,6,N
29-3-1,29,3,29-3,1,N
29-3-2,29,3,29-3,2,N
29-3-3,29,3,29-3,3,N
29-3-4,29,3,29-3,4,N
29-3-5,29,3,29-3,5,N
29-3-6,29,3,29-3,6,N
30-1-1,30,1,30-1,1,N
30-1-2,30,1,30-1,2,N
30-1-3,30,1,30-1,3,N
30-1-4,30,1,30-1,4,N
30-1-5,30,1,30-1,5,N
30-1-6,30,1,30-1,6,N
30-1-7,30,1,30-1,7,N
30-1-8,30,1,30-1,8,N
30-1-9,30,1,30-1,9,N
30-1-10,30,1,30-1,10,N
30-1-11,30,1,30-1,11,N
30-1-12,30,1,30-1,12,N
31-3-1,31,3,31-3,1,N
31-3-2,31,3,31-3,2,N
31-3-3,31,3,31-3,3,N
31-3-4,31,3,31-3,4,N
31-3-5,31,3,31-3,5,N
31-3-6,31,3,31-3,6,N
31-3-7,31,3,31-3,7,N
31-3-8,31,3,31-3,8,N
31-3-9,31,3,31-3,9,N
31-3-10,31,3,31-3,10,N
31-3-11,31,3,31-3,11,N
31-3-12,31,3,31-3,12,N
32-2-1,32,2,32-2,1,NPK
32-2-2,32,2,32-2,2,NPK
32-2-3,32,2,32-2,3,NPK
32-2-4,32,2,32-2,4,NPK
32-2-5,32,2,32-2,5,NPK
32-2-6,32,2,32-2,6,NPK
32-2-7,32,2,32-2,7,NPK
32-2-8,32,2,32-2,8,NPK
32-2-9,32,2,32-2,9,NPK
32-2-10,32,2,32-2,10,NPK
32-3-1,32,3,32-3,1,NPK
32-3-2,32,3,32-3,2,NPK
32-3-3,32,3,32-3,3,NPK
32-3-4,32,3,32-3,4,NPK
32-3-5,32,3,32-3,5,NPK
32-3-6,32,3,32-3,6,NPK
32-3-7,32,3,32-3,7,NPK
32-3-8,32,3,32-3,8,NPK
32-3-9,32,3,32-3,9,NPK
32-3-10,32,3,32-3,10,NPK
33-2-1,33,2,33-2,1,N
33-2-2,33,2,33-2,2,N
33-2-3,33,2,33-2,3,N
33-2-5,33,2,33-2,5,N
33-2-6,33,2,33-2,6,N
33-2-7,33,2,33-2,7,N
33-3-1,33,3,33-3,1,N
33-3-2,33,3,33-3,2,N
33-3-3,33,3,33-3,3,N
33-3-4,33,3,33-3,4,N
33-3-5,33,3,33-3,5,N
33-3-6,33,3,33-3,6,N
33-3-7,33,3,33-3,7,N
34-1-1,34,1,34-1,1,N
34-1-2,34,1,34-1,2,N
34-1-3,34,1,34-1,3,N
34-1-4,34,1,34-1,4,N
34-1-5,34,1,34-1,5,N
34-1-6,34,1,34-1,6,N
34-1-7,34,1,34-1,7,N
34-2-1,34,2,34-2,1,N
34-2-2,34,2,34-2,2,N
34-2-3,34,2,34-2,3,N
34-2-4,34,2,34-2,4,N
34-2-5,34,2,34-2,5,N
34-2-6,34,2,34-2,6,N
34-2-7,34,2,34-2,7,N
34-3-1,34,3,34-3,1,N
34-3-2,34,3,34-3,2,N
34-3-3,34,3,34-3,3,N
34-3-4,34,3,34-3,4,N
34-3-5,34,3,34-3,5,N
34-3-6,34,3,34-3,6,N
34-3-7,34,3,34-3,7,N
35-3-1,35,3,35-3,1,N
35-3-2,35,3,35-3,2,N
35-3-3,35,3,35-3,3,N
35-3-4,35,3,35-3,4,N
35-3-5,35,3,35-3,5,N
35-3-6,35,3,35-3,6,N
35-3-7,35,3,35-3,7,N
36-1-1,36,1,36-1,1,N
36-1-2,36,1,36-1,2,N
36-1-3,36,1,36-1,3,N
36-1-4,36,1,36-1,4,N
36-1-5,36,1,36-1,5,N
36-2-1,36,2,36-2,1,N
36-2-2,36,2,36-2,2,N
36-2-3,36,2,36-2,3,N
36-2-4,36,2,36-2,4,N
36-2-5,36,2,36-2,5,N
36-3-1,36,3,36-3,1,N
36-3-2,36,3,36-3,2,N
36-3-3,36,3,36-3,3,N
36-3-4,36,3,36-3,4,N
36-3-5,36,3,36-3,5,N
37-1-1,37,1,37-1,1,N
37-1-2,37,1,37-1,2,N
37-1-3,37,1,37-1,3,N
37-1-4,37,1,37-1,4,N
37-1-5,37,1,37-1,5,N
37-2-1,37,2,37-2,1,N
37-2-2,37,2,37-2,2,N
37-2-3,37,2,37-2,3,N
37-2-4,37,2,37-2,4,N
37-2-5,37,2,37-2,5,N
37-3-1,37,3,37-3,1,N
37-3-2,37,3,37-3,2,N
37-3-3,37,3,37-3,3,N
37-3-4,37,3,37-3,4,N
37-3-5,37,3,37-3,5,N
38-1-1,38,1,38-1,1,N
38-1-2,38,1,38-1,2,N
38-1-3,38,1,38-1,3,N
38-1-4,38,1,38-1,4,N
38-1-5,38,1,38-1,5,N
38-2-1,38,2,38-2,1,N
38-2-2,38,2,38-2,2,N
38-2-3,38,2,38-2,3,N
38-2-4,38,2,38-2,4,N
38-2-5,38,2,38-2,5,N
38-3-1,38,3,38-3,1,N
38-3-2,38,3,38-3,2,N
38-3-3,38,3,38-3,3,N
38-3-4,38,3,38-3,4,N
38-3-5,38,3,38-3,5,N
39-1-1,39,1,39-1,1,NPK
39-1-2,39,1,39-1,2,NPK
39-1-3,39,1,39-1,3,NPK
39-1-4,39,1,39-1,4,NPK
39-1-5,39,1,39-1,5,NPK
39-1-6,39,1,39-1,6,NPK
39-1-7,39,1,39-1,7,NPK
39-1-8,39,1,39-1,8,NPK
39-1-9,39,1,39-1,9,NPK
39-1-10,39,1,39-1,10,NPK
39-1-11,39,1,39-1,11,NPK
39-2-1,39,2,39-2,1,NPK
39-2-2,39,2,39-2,2,NPK
39-2-3,39,2,39-2,3,NPK
39-2-4,39,2,39-2,4,NPK
39-2-5,39,2,39-2,5,NPK
39-2-6,39,2,39-2,6,NPK
39-2-7,39,2,39-2,7,NPK
39-2-8,39,2,39-2,8,NPK
39-2-9,39,2,39-2,9,NPK
39-2-10,39,2,39-2,10,NPK
39-2-11,39,2,39-2,11,NPK
39-3-1,39,3,39-3,1,NPK
39-3-2,39,3,39-3,2,NPK
39-3-3,39,3,39-3,3,NPK
39-3-4,39,3,39-3,4,NPK
39-3-5,39,3,39-3,5,NPK
39-3-6,39,3,39-3,6,NPK
39-3-7,39,3,39-3,7,NPK
39-3-8,39,3,39-3,8,NPK
39-3-9,39,3,39-3,9,NPK
39-3-10,39,3,39-3,10,NPK
39-3-11,39,3,39-3,11,NPK
40-2-1,40,2,40-2,1,NPK
40-2-2,40,2,40-2,2,NPK
40-2-3,40,2,40-2,3,NPK
40-2-4,40,2,40-2,4,NPK
40-2-5,40,2,40-2,5,NPK
40-2-6,40,2,40-2,6,NPK
40-2-7,40,2,40-2,7,NPK
40-2-8,40,2,40-2,8,NPK
40-2-9,40,2,40-2,9,NPK
40-2-10,40,2,40-2,10,NPK
40-2-11,40,2,40-2,11,NPK
40-3-1,40,3,40-3,1,NPK
40-3-2,40,3,40-3,2,NPK
40-3-3,40,3,40-3,3,NPK
40-3-4,40,3,40-3,4,NPK
40-3-5,40,3,40-3,5,NPK
40-3-6,40,3,40-3,6,NPK
40-3-7,40,3,40-3,7,NPK
40-3-8,40,3,40-3,8,NPK
40-3-9,40,3,40-3,9,NPK
40-3-10,40,3,40-3,10,NPK
40-3-11,40,3,40-3,11,NPK
41-1-1,41,1,41-1,1,NPK
41-1-2,41,1,41-1,2,NPK
41-1-3,41,1,41-1,3,NPK
41-1-4,41,1,41-1,4,NPK
41-1-5,41,1,41-1,5,NPK
41-1-6,41,1,41-1,6,NPK
41-1-7,41,1,41-1,7,NPK
41-1-8,41,1,41-1,8,NPK
41-1-9,41,1,41-1,9,NPK
41-1-10,41,1,41-1,10,NPK
41-1-11,41,1,41-1,11,NPK
41-3-1,41,3,41-3,1,NPK
41-3-2,41,3,41-3,2,NPK
41-3-3,41,3,41-3,3,NPK
41-3-4,41,3,41-3,4,NPK
41-3-5,41,3,41-3,5,NPK
41-3-6,41,3,41-3,6,NPK
41-3-7,41,3,41-3,7,NPK
41-3-8,41,3,41-3,8,NPK
41-3-9,41,3,41-3,9,NPK
41-3-10,41,3,41-3,10,NPK
41-3-11,41,3,41-3,11,NPK
42-1-1,42,1,42-1,1,NPK
42-1-2,42,1,42-1,2,NPK
42-1-3,42,1,42-1,3,NPK
42-1-4,42,1,42-1,4,NPK
42-1-5,42,1,42-1,5,NPK
42-1-6,42,1,42-1,6,NPK
42-1-7,42,1,42-1,7,NPK
42-1-8,42,1,42-1,8,NPK
42-1-9,42,1,42-1,9,NPK
42-1-10,42,1,42-1,10,NPK
42-1-11,42,1,42-1,11,NPK
42-3-1,42,3,42-3,1,NPK
42-3-2,42,3,42-3,2,NPK
42-3-3,42,3,42-3,3,NPK
42-3-4,42,3,42-3,4,NPK
42-3-5,42,3,42-3,5,NPK
42-3-6,42,3,42-3,6,NPK
42-3-7,42,3,42-3,7,NPK
42-3-8,42,3,42-3,8,NPK
42-3-9,42,3,42-3,9,NPK
42-3-10,42,3,42-3,10,NPK
42-3-11,42,3,42-3,11,NPK
43-3-1,43,3,43-3,1,NPK
43-3-2,43,3,43-3,2,NPK
43-3-3,43,3,43-3,3,NPK
43-3-4,43,3,43-3,4,NPK
43-3-5,43,3,43-3,5,NPK
43-3-6,43,3,43-3,6,NPK
43-3-7,43,3,43-3,7,NPK
43-3-8,43,3,43-3,8,NPK
43-3-9,43,3,43-3,9,NPK
43-3-10,43,3,43-3,10,NPK
43-3-11,43,3,43-3,11,NPK
44-1-1,44,1,44-1,1,NPK
44-1-2,44,1,44-1,2,NPK
44-1-3,44,1,44-1,3,NPK
44-1-4,44,1,44-1,4,NPK
44-1-5,44,1,44-1,5,NPK
44-1-6,44,1,44-1,6,NPK
44-1-7,44,1,44-1,7,NPK
44-1-8,44,1,44-1,8,NPK
44-1-9,44,1,44-1,9,NPK
44-1-10,44,1,44-1,10,NPK
44-1-11,44,1,44-1,11,NPK
44-2-1,44,2,44-2,1,NPK
44-2-2,44,2,44-2,2,NPK
44-2-3,44,2,44-2,3,NPK
44-2-4,44,2,44-2,4,NPK
44-2-5,44,2,44-2,5,NPK
44-2-6,44,2,44-2,6,NPK
44-2-7,44,2,44-2,7,NPK
44-2-8,44,2,44-2,8,NPK
44-2-9,44,2,44-2,9,NPK
44-2-10,44,2,44-2,10,NPK
44-2-11,44,2,44-2,11,NPK
46-1-1,46,1,46-1,1,NPK
46-1-2,46,1,46-1,2,NPK
46-1-3,46,1,46-1,3,NPK
46-1-4,46,1,46-1,4,NPK
46-1-5,46,1,46-1,5,NPK
46-1-6,46,1,46-1,6,NPK
46-1-7,46,1,46-1,7,NPK
46-1-8,46,1,46-1,8,NPK
46-1-9,46,1,46-1,9,NPK
46-1-10,46,1,46-1,10,NPK
46-1-11,46,1,46-1,11,NPK
46-3-1,46,3,46-3,1,NPK
46-3-2,46,3,46-3,2,NPK
46-3-3,46,3,46-3,3,NPK
46-3-4,46,3,46-3,4,NPK
46-3-5,46,3,46-3,5,NPK
46-3-6,46,3,46-3,6,NPK
46-3-7,46,3,46-3,7,NPK
46-3-8,46,3,46-3,8,NPK
46-3-9,46,3,46-3,9,NPK
46-3-10,46,3,46-3,10,NPK
46-3-11,46,3,46-3,11,NPK
47-3-1,47,3,47-3,1,NPK
47-3-12,47,3,47-3,12,NPK
47-3-2,47,3,47-3,2,NPK
47-3-13,47,3,47-3,13,NPK
47-3-3,47,3,47-3,3,NPK
47-3-14,47,3,47-3,14,NPK
47-3-4,47,3,47-3,4,NPK
47-3-15,47,3,47-3,15,NPK
47-3-5,47,3,47-3,5,NPK
47-3-16,47,3,47-3,16,NPK
47-3-6,47,3,47-3,6,NPK
47-3-17,47,3,47-3,17,NPK
47-3-7,47,3,47-3,7,NPK
47-3-18,47,3,47-3,18,NPK
47-3-8,47,3,47-3,8,NPK
47-3-19,47,3,47-3,19,NPK
47-3-9,47,3,47-3,9,NPK
47-3-20,47,3,47-3,20,NPK
47-3-10,47,3,47-3,10,NPK
47-3-21,47,3,47-3,21,NPK
47-3-11,47,3,47-3,11,NPK
47-3-22,47,3,47-3,22,NPK
49-1-1,49,1,49-1,1,NPK
49-1-2,49,1,49-1,2,NPK
49-1-3,49,1,49-1,3,NPK
49-1-4,49,1,49-1,4,NPK
49-1-5,49,1,49-1,5,NPK
49-1-6,49,1,49-1,6,NPK
49-1-7,49,1,49-1,7,NPK
49-1-8,49,1,49-1,8,NPK
49-1-9,49,1,49-1,9,NPK
49-1-10,49,1,49-1,10,NPK
49-1-11,49,1,49-1,11,NPK
49-2-1,49,2,49-2,1,NPK
49-2-2,49,2,49-2,2,NPK
49-2-3,49,2,49-2,3,NPK
49-2-4,49,2,49-2,4,NPK
49-2-5,49,2,49-2,5,NPK
49-2-6,49,2,49-2,6,NPK
49-2-7,49,2,49-2,7,NPK
49-2-8,49,2,49-2,8,NPK
49-2-9,49,2,49-2,9,NPK
49-2-10,49,2,49-2,10,NPK
49-2-11,49,2,49-2,11,NPK
49-3-1,49,3,49-3,1,NPK
49-3-2,49,3,49-3,2,NPK
49-3-3,49,3,49-3,3,NPK
49-3-4,49,3,49-3,4,NPK
49-3-5,49,3,49-3,5,NPK
49-3-6,49,3,49-3,6,NPK
49-3-7,49,3,49-3,7,NPK
49-3-8,49,3,49-3,8,NPK
49-3-9,49,3,49-3,9,NPK
49-3-10,49,3,49-3,10,NPK
49-3-11,49,3,49-3,11,NPK
50-1-1,50,1,50-1,1,NPK
50-1-12,50,1,50-1,12,NPK
50-1-2,50,1,50-1,2,NPK
50-1-13,50,1,50-1,13,NPK
50-1-3,50,1,50-1,3,NPK
50-1-14,50,1,50-1,14,NPK
50-1-4,50,1,50-1,4,NPK
50-1-15,50,1,50-1,15,NPK
50-1-5,50,1,50-1,5,NPK
50-1-16,50,1,50-1,16,NPK
50-1-6,50,1,50-1,6,NPK
50-1-17,50,1,50-1,17,NPK
50-1-7,50,1,50-1,7,NPK
50-1-18,50,1,50-1,18,NPK
50-1-8,50,1,50-1,8,NPK
50-1-19,50,1,50-1,19,NPK
50-1-9,50,1,50-1,9,NPK
50-1-20,50,1,50-1,20,NPK
50-1-10,50,1,50-1,10,NPK
50-1-21,50,1,50-1,21,NPK
50-1-11,50,1,50-1,11,NPK
50-1-22,50,1,50-1,22,NPK
50-2-1,50,2,50-2,1,NPK
50-2-12,50,2,50-2,12,NPK
50-2-2,50,2,50-2,2,NPK
50-2-13,50,2,50-2,13,NPK
50-2-3,50,2,50-2,3,NPK
50-2-14,50,2,50-2,14,NPK
50-2-4,50,2,50-2,4,NPK
50-2-15,50,2,50-2,15,NPK
50-2-5,50,2,50-2,5,NPK
50-2-16,50,2,50-2,16,NPK
50-2-6,50,2,50-2,6,NPK
50-2-17,50,2,50-2,17,NPK
50-2-7,50,2,50-2,7,NPK
50-2-18,50,2,50-2,18,NPK
50-2-8,50,2,50-2,8,NPK
50-2-19,50,2,50-2,19,NPK
50-2-9,50,2,50-2,9,NPK
50-2-20,50,2,50-2,20,NPK
50-2-10,50,2,50-2,10,NPK
50-2-21,50,2,50-2,21,NPK
50-2-11,50,2,50-2,11,NPK
50-2-22,50,2,50-2,22,NPK
50-3-1,50,3,50-3,1,NPK
50-3-12,50,3,50-3,12,NPK
50-3-2,50,3,50-3,2,NPK
50-3-13,50,3,50-3,13,NPK
50-3-3,50,3,50-3,3,NPK
50-3-14,50,3,50-3,14,NPK
50-3-4,50,3,50-3,4,NPK
50-3-15,50,3,50-3,15,NPK
50-3-5,50,3,50-3,5,NPK
50-3-16,50,3,50-3,16,NPK
50-3-6,50,3,50-3,6,NPK
50-3-17,50,3,50-3,17,NPK
50-3-7,50,3,50-3,7,NPK
50-3-18,50,3,50-3,18,NPK
50-3-8,50,3,50-3,8,NPK
50-3-19,50,3,50-3,19,NPK
50-3-9,50,3,50-3,9,NPK
50-3-20,50,3,50-3,20,NPK
50-3-10,50,3,50-3,10,NPK
50-3-21,50,3,50-3,21,NPK
50-3-11,50,3,50-3,11,NPK
50-3-22,50,3,50-3,22,NPK
51-1-1,51,1,51-1,1,N
51-1-2,51,1,51-1,2,N
51-1-3,51,1,51-1,3,N
51-1-4,51,1,51-1,4,N
51-1-5,51,1,51-1,5,N
51-1-6,51,1,51-1,6,N
51-1-7,51,1,51-1,7,N
51-1-8,51,1,51-1,8,N
51-1-9,51,1,51-1,9,N
51-1-10,51,1,51-1,10,N
51-2-1,51,2,51-2,1,N
51-2-2,51,2,51-2,2,N
51-2-3,51,2,51-2,3,N
51-2-4,51,2,51-2,4,N
51-2-5,51,2,51-2,5,N
51-2-6,51,2,51-2,6,N
51-2-7,51,2,51-2,7,N
51-2-8,51,2,51-2,8,N
51-2-9,51,2,51-2,9,N
51-2-10,51,2,51-2,10,N
52-1-1,52,1,52-1,1,N
52-1-2,52,1,52-1,2,N
52-1-3,52,1,52-1,3,N
52-1-4,52,1,52-1,4,N
52-1-5,52,1,52-1,5,N
52-1-6,52,1,52-1,6,N
52-1-7,52,1,52-1,7,N
52-1-8,52,1,52-1,8,N
52-1-9,52,1,52-1,9,N
52-1-10,52,1,52-1,10,N
52-2-1,52,2,52-2,1,N
52-2-2,52,2,52-2,2,N
52-2-3,52,2,52-2,3,N
52-2-4,52,2,52-2,4,N
52-2-5,52,2,52-2,5,N
52-2-6,52,2,52-2,6,N
52-2-7,52,2,52-2,7,N
52-2-8,52,2,52-2,8,N
52-2-9,52,2,52-2,9,N
52-2-10,52,2,52-2,10,N
53-1-1,53,1,53-1,1,N
53-1-2,53,1,53-1,2,N
53-1-3,53,1,53-1,3,N
53-1-4,53,1,53-1,4,N
53-1-5,53,1,53-1,5,N
53-1-6,53,1,53-1,6,N
53-1-7,53,1,53-1,7,N
53-1-8,53,1,53-1,8,N
53-1-9,53,1,53-1,9,N
53-1-10,53,1,53-1,10,N
54-1-1,54,1,54-1,1,K
54-1-2,54,1,54-1,2,K
54-1-3,54,1,54-1,3,K
54-1-4,54,1,54-1,4,K
54-1-5,54,1,54-1,5,K
54-1-6,54,1,54-1,6,K
54-1-7,54,1,54-1,7,K
54-1-8,54,1,54-1,8,K
54-1-9,54,1,54-1,9,K
54-1-10,54,1,54-1,10,K
54-2-1,54,2,54-2,1,K
54-2-2,54,2,54-2,2,K
54-2-3,54,2,54-2,3,K
54-2-4,54,2,54-2,4,K
54-2-5,54,2,54-2,5,K
54-2-6,54,2,54-2,6,K
54-2-7,54,2,54-2,7,K
54-2-8,54,2,54-2,8,K
54-2-9,54,2,54-2,9,K
54-2-10,54,2,54-2,10,K
57-1-1,57,1,57-1,1,N
57-1-2,57,1,57-1,2,N
57-1-3,57,1,57-1,3,N
57-1-4,57,1,57-1,4,N
57-1-5,57,1,57-1,5,N
57-2-1,57,2,57-2,1,N
57-2-2,57,2,57-2,2,N
57-2-3,57,2,57-2,3,N
57-2-4,57,2,57-2,4,N
57-2-5,57,2,57-2,5,N
58-1-1,58,1,58-1,1,N
58-1-2,58,1,58-1,2,N
58-1-3,58,1,58-1,3,N
58-1-4,58,1,58-1,4,N
58-1-5,58,1,58-1,5,N
58-2-1,58,2,58-2,1,N
58-2-2,58,2,58-2,2,N
58-2-3,58,2,58-2,3,N
58-2-4,58,2,58-2,4,N
58-2-5,58,2,58-2,5,N
60-1-1,60,1,60-1,1,N
60-1-2,60,1,60-1,2,N
60-1-3,60,1,60-1,3,N
60-1-4,60,1,60-1,4,N
60-1-5,60,1,60-1,5,N
60-2-1,60,2,60-2,1,N
60-2-2,60,2,60-2,2,N
60-2-3,60,2,60-2,3,N
60-2-4,60,2,60-2,4,N
60-2-5,60,2,60-2,5,N
61-1-1,61,1,61-1,1,N
61-1-2,61,1,61-1,2,N
61-1-3,61,1,61-1,3,N
61-1-4,61,1,61-1,4,N
61-1-5,61,1,61-1,5,N
62-1-1,62,1,62-1,1,N
62-1-2,62,1,62-1,2,N
62-1-3,62,1,62-1,3,N
62-1-4,62,1,62-1,4,N
62-1-5,62,1,62-1,5,N
62-2-1,62,2,62-2,1,N
62-2-2,62,2,62-2,2,N
62-2-3,62,2,62-2,3,N
62-2-4,62,2,62-2,4,N
62-2-5,62,2,62-2,5,N
63-2-1,63,2,63-2,1,N
63-2-2,63,2,63-2,2,N
63-2-3,63,2,63-2,3,N
63-2-4,63,2,63-2,4,N
63-2-5,63,2,63-2,5,N
64-1-1,64,1,64-1,1,N
64-1-2,64,1,64-1,2,N
64-1-3,64,1,64-1,3,N
64-1-4,64,1,64-1,4,N
64-1-5,64,1,64-1,5,N
64-2-1,64,2,64-2,1,N
64-2-2,64,2,64-2,2,N
64-2-3,64,2,64-2,3,N
64-2-4,64,2,64-2,4,N
64-2-5,64,2,64-2,5,N
65-1-1,65,1,65-1,1,N
65-1-2,65,1,65-1,2,N
65-1-3,65,1,65-1,3,N
65-1-4,65,1,65-1,4,N
65-1-5,65,1,65-1,5,N
65-2-1,65,2,65-2,1,N
65-2-2,65,2,65-2,2,N
65-2-3,65,2,65-2,3,N
65-2-4,65,2,65-2,4,N
65-2-5,65,2,65-2,5,N
66-1-1,66,1,66-1,1,N
66-1-2,66,1,66-1,2,N
66-1-3,66,1,66-1,3,N
66-1-4,66,1,66-1,4,N
66-1-5,66,1,66-1,5,N
67-1-1,67,1,67-1,1,N
67-1-2,67,1,67-1,2,N
67-1-3,67,1,67-1,3,N
67-1-4,67,1,67-1,4,N
67-1-5,67,1,67-1,5,N
67-2-1,67,2,67-2,1,N
67-2-2,67,2,67-2,2,N
67-2-3,67,2,67-2,3,N
67-2-4,67,2,67-2,4,N
67-2-5,67,2,67-2,5,N
68-1-1,68,1,68-1,1,N
68-1-2,68,1,68-1,2,N
68-1-3,68,1,68-1,3,N
68-1-4,68,1,68-1,4,N
68-1-5,68,1,68-1,5,N
68-1-6,68,1,68-1,6,N
68-1-7,68,1,68-1,7,N
68-1-8,68,1,68-1,8,N
68-1-9,68,1,68-1,9,N
68-2-1,68,2,68-2,1,N
68-2-2,68,2,68-2,2,N
68-2-3,68,2,68-2,3,N
68-2-4,68,2,68-2,4,N
68-2-5,68,2,68-2,5,N
68-2-6,68,2,68-2,6,N
68-2-7,68,2,68-2,7,N
68-2-8,68,2,68-2,8,N
68-2-9,68,2,68-2,9,N
68-3-1,68,3,68-3,1,N
68-3-2,68,3,68-3,2,N
68-3-3,68,3,68-3,3,N
68-3-4,68,3,68-3,4,N
68-3-5,68,3,68-3,5,N
68-3-6,68,3,68-3,6,N
68-3-7,68,3,68-3,7,N
68-3-8,68,3,68-3,8,N
68-3-9,68,3,68-3,9,N
69-1-1,69,1,69-1,1,N
69-1-2,69,1,69-1,2,N
69-1-3,69,1,69-1,3,N
69-1-4,69,1,69-1,4,N
69-1-5,69,1,69-1,5,N
69-1-6,69,1,69-1,6,N
69-1-7,69,1,69-1,7,N
69-1-8,69,1,69-1,8,N
69-1-9,69,1,69-1,9,N
69-3-1,69,3,69-3,1,N
69-3-2,69,3,69-3,2,N
69-3-3,69,3,69-3,3,N
69-3-4,69,3,69-3,4,N
69-3-5,69,3,69-3,5,N
69-3-6,69,3,69-3,6,N
69-3-7,69,3,69-3,7,N
69-3-8,69,3,69-3,8,N
69-3-9,69,3,69-3,9,N
70-1-1,70,1,70-1,1,N
70-1-2,70,1,70-1,2,N
70-1-3,70,1,70-1,3,N
70-1-4,70,1,70-1,4,N
70-1-5,70,1,70-1,5,N
70-1-6,70,1,70-1,6,N
70-1-7,70,1,70-1,7,N
70-1-8,70,1,70-1,8,N
70-1-9,70,1,70-1,9,N
70-2-1,70,2,70-2,1,N
70-2-2,70,2,70-2,2,N
70-2-3,70,2,70-2,3,N
70-2-4,70,2,70-2,4,N
70-2-5,70,2,70-2,5,N
70-2-6,70,2,70-2,6,N
70-2-7,70,2,70-2,7,N
70-2-8,70,2,70-2,8,N
70-2-9,70,2,70-2,9,N
71-1-1,71,1,71-1,1,N
71-1-2,71,1,71-1,2,N
71-1-3,71,1,71-1,3,N
71-1-4,71,1,71-1,4,N
71-1-5,71,1,71-1,5,N
71-1-6,71,1,71-1,6,N
71-1-7,71,1,71-1,7,N
71-1-8,71,1,71-1,8,N
71-1-9,71,1,71-1,9,N
71-2-1,71,2,71-2,1,N
71-2-2,71,2,71-2,2,N
71-2-3,71,2,71-2,3,N
71-2-4,71,2,71-2,4,N
71-2-5,71,2,71-2,5,N
71-2-6,71,2,71-2,6,N
71-2-7,71,2,71-2,7,N
71-2-8,71,2,71-2,8,N
71-2-9,71,2,71-2,9,N
71-3-1,71,3,71-3,1,N
71-3-2,71,3,71-3,2,N
71-3-3,71,3,71-3,3,N
71-3-4,71,3,71-3,4,N
71-3-5,71,3,71-3,5,N
71-3-6,71,3,71-3,6,N
71-3-7,71,3,71-3,7,N
71-3-8,71,3,71-3,8,N
71-3-9,71,3,71-3,9,N
72-1-1,72,1,72-1,1,N
72-1-2,72,1,72-1,2,N
72-1-3,72,1,72-1,3,N
72-1-4,72,1,72-1,4,N
72-1-5,72,1,72-1,5,N
72-1-6,72,1,72-1,6,N
72-1-7,72,1,72-1,7,N
72-1-8,72,1,72-1,8,N
72-1-9,72,1,72-1,9,N
72-2-1,72,2,72-2,1,N
72-2-2,72,2,72-2,2,N
72-2-3,72,2,72-2,3,N
72-2-4,72,2,72-2,4,N
72-2-5,72,2,72-2,5,N
72-2-6,72,2,72-2,6,N
72-2-7,72,2,72-2,7,N
72-2-8,72,2,72-2,8,N
72-2-9,72,2,72-2,9,N
72-3-1,72,3,72-3,1,N
72-3-2,72,3,72-3,2,N
72-3-3,72,3,72-3,3,N
72-3-4,72,3,72-3,4,N
72-3-5,72,3,72-3,5,N
72-3-6,72,3,72-3,6,N
72-3-7,72,3,72-3,7,N
72-3-8,72,3,72-3,8,N
72-3-9,72,3,72-3,9,N
73-1-1,73,1,73-1,1,N
73-1-2,73,1,73-1,2,N
73-1-3,73,1,73-1,3,N
73-1-4,73,1,73-1,4,N
73-1-5,73,1,73-1,5,N
73-1-6,73,1,73-1,6,N
73-1-7,73,1,73-1,7,N
73-1-8,73,1,73-1,8,N
73-1-9,73,1,73-1,9,N
73-3-1,73,3,73-3,1,N
73-3-2,73,3,73-3,2,N
73-3-3,73,3,73-3,3,N
73-3-4,73,3,73-3,4,N
73-3-5,73,3,73-3,5,N
73-3-6,73,3,73-3,6,N
73-3-7,73,3,73-3,7,N
73-3-8,73,3,73-3,8,N
73-3-9,73,3,73-3,9,N
74-2-1,74,2,74-2,1,N
74-2-2,74,2,74-2,2,N
74-2-3,74,2,74-2,3,N
74-2-4,74,2,74-2,4,N
74-2-5,74,2,74-2,5,N
74-2-6,74,2,74-2,6,N
74-2-7,74,2,74-2,7,N
74-2-8,74,2,74-2,8,N
74-2-9,74,2,74-2,9,N
75-2-1,75,2,75-2,1,N
75-2-2,75,2,75-2,2,N
75-2-3,75,2,75-2,3,N
75-2-4,75,2,75-2,4,N
75-2-5,75,2,75-2,5,N
75-2-6,75,2,75-2,6,N
75-2-7,75,2,75-2,7,N
75-2-8,75,2,75-2,8,N
75-2-9,75,2,75-2,9,N
75-3-1,75,3,75-3,1,N
75-3-2,75,3,75-3,2,N
75-3-3,75,3,75-3,3,N
75-3-4,75,3,75-3,4,N
75-3-5,75,3,75-3,5,N
75-3-6,75,3,75-3,6,N
75-3-7,75,3,75-3,7,N
75-3-8,75,3,75-3,8,N
75-3-9,75,3,75-3,9,N
76-1-1,76,1,76-1,1,N
76-1-2,76,1,76-1,2,N
76-1-3,76,1,76-1,3,N
76-1-4,76,1,76-1,4,N
76-2-1,76,2,76-2,1,N
76-2-2,76,2,76-2,2,N
76-2-3,76,2,76-2,3,N
76-2-4,76,2,76-2,4,N
8701-1-1,8701,1,8701-1,1,N
8701-1-2,8701,1,8701-1,2,N
8701-3-2,8701,3,8701-3,2,N
8701-4-2,8701,4,8701-4,2,N
8701-5-2,8701,5,8701-5,2,N
8701-1-3,8701,1,8701-1,3,N
8701-3-3,8701,3,8701-3,3,N
8701-4-3,8701,4,8701-4,3,N
8701-5-3,8701,5,8701-5,3,N
8701-1-4,8701,1,8701-1,4,N
8701-3-4,8701,3,8701-3,4,N
8701-4-4,8701,4,8701-4,4,N
8701-5-4,8701,5,8701-5,4,N
8701-6-4,8701,6,8701-6,4,N
8701-1-5,8701,1,8701-1,5,N
8701-3-5,8701,3,8701-3,5,N
8701-4-5,8701,4,8701-4,5,N
8701-5-5,8701,5,8701-5,5,N
8701-6-5,8701,6,8701-6,5,N
8702-1-1,8702,1,8702-1,1,N
8702-1-2,8702,1,8702-1,2,N
8702-2-2,8702,2,8702-2,2,N
8702-5-2,8702,5,8702-5,2,N
8702-1-3,8702,1,8702-1,3,N
8702-2-3,8702,2,8702-2,3,N
8702-5-3,8702,5,8702-5,3,N
8702-1-4,8702,1,8702-1,4,N
8702-2-4,8702,2,8702-2,4,N
8702-5-4,8702,5,8702-5,4,N
8702-6-4,8702,6,8702-6,4,N
8702-1-5,8702,1,8702-1,5,N
8702-2-5,8702,2,8702-2,5,N
8702-5-5,8702,5,8702-5,5,N
8702-6-5,8702,6,8702-6,5,N
8703-2-2,8703,2,8703-2,2,N
8703-5-2,8703,5,8703-5,2,N
8703-2-3,8703,2,8703-2,3,N
8703-5-3,8703,5,8703-5,3,N
8703-2-4,8703,2,8703-2,4,N
8703-5-4,8703,5,8703-5,4,N
8703-6-4,8703,6,8703-6,4,N
8703-2-5,8703,2,8703-2,5,N
8703-5-5,8703,5,8703-5,5,N
8703-6-5,8703,6,8703-6,5,N
8704-1-1,8704,1,8704-1,1,N
8704-1-2,8704,1,8704-1,2,N
8704-2-2,8704,2,8704-2,2,N
8704-4-2,8704,4,8704-4,2,N
8704-5-2,8704,5,8704-5,2,N
8704-1-3,8704,1,8704-1,3,N
8704-2-3,8704,2,8704-2,3,N
8704-4-3,8704,4,8704-4,3,N
8704-5-3,8704,5,8704-5,3,N
8704-1-4,8704,1,8704-1,4,N
8704-2-4,8704,2,8704-2,4,N
8704-4-4,8704,4,8704-4,4,N
8704-5-4,8704,5,8704-5,4,N
8704-6-4,8704,6,8704-6,4,N
8704-1-5,8704,1,8704-1,5,N
8704-2-5,8704,2,8704-2,5,N
8704-4-5,8704,4,8704-4,5,N
8704-5-5,8704,5,8704-5,5,N
8704-6-5,8704,6,8704-6,5,N
8801-1-1,8801,1,8801-1,1,N
8801-1-2,8801,1,8801-1,2,N
8801-2-2,8801,2,8801-2,2,N
8801-4-2,8801,4,8801-4,2,N
8801-5-2,8801,5,8801-5,2,N
8801-1-3,8801,1,8801-1,3,N
8801-2-3,8801,2,8801-2,3,N
8801-4-3,8801,4,8801-4,3,N
8801-5-3,8801,5,8801-5,3,N
8801-1-4,8801,1,8801-1,4,N
8801-2-4,8801,2,8801-2,4,N
8801-4-4,8801,4,8801-4,4,N
8801-5-4,8801,5,8801-5,4,N
8801-6-4,8801,6,8801-6,4,N
8801-1-5,8801,1,8801-1,5,N
8801-2-5,8801,2,8801-2,5,N
8801-4-5,8801,4,8801-4,5,N
8801-5-5,8801,5,8801-5,5,N
8801-6-5,8801,6,8801-6,5,N
8802-1-1,8802,1,8802-1,1,N
8802-1-2,8802,1,8802-1,2,N
8802-2-2,8802,2,8802-2,2,N
8802-4-2,8802,4,8802-4,2,N
8802-5-2,8802,5,8802-5,2,N
8802-1-3,8802,1,8802-1,3,N
8802-2-3,8802,2,8802-2,3,N
8802-4-3,8802,4,8802-4,3,N
8802-5-3,8802,5,8802-5,3,N
8802-1-4,8802,1,8802-1,4,N
8802-2-4,8802,2,8802-2,4,N
8802-4-4,8802,4,8802-4,4,N
8802-5-4,8802,5,8802-5,4,N
8802-1-5,8802,1,8802-1,5,N
8802-2-5,8802,2,8802-2,5,N
8802-4-5,8802,4,8802-4,5,N
8802-5-5,8802,5,8802-5,5,N
8803-1-1,8803,1,8803-1,1,N
8803-1-2,8803,1,8803-1,2,N
8803-3-2,8803,3,8803-3,2,N
8803-1-3,8803,1,8803-1,3,N
8803-3-3,8803,3,8803-3,3,N
8803-1-4,8803,1,8803-1,4,N
8803-3-4,8803,3,8803-3,4,N
8803-6-4,8803,6,8803-6,4,N
8803-1-5,8803,1,8803-1,5,N
8803-3-5,8803,3,8803-3,5,N
8803-6-5,8803,6,8803-6,5,N
8804-1-1,8804,1,8804-1,1,N
8804-1-2,8804,1,8804-1,2,N
8804-3-2,8804,3,8804-3,2,N
8804-4-2,8804,4,8804-4,2,N
8804-1-3,8804,1,8804-1,3,N
8804-3-3,8804,3,8804-3,3,N
8804-4-3,8804,4,8804-4,3,N
8804-1-4,8804,1,8804-1,4,N
8804-3-4,8804,3,8804-3,4,N
8804-4-4,8804,4,8804-4,4,N
8804-1-5,8804,1,8804-1,5,N
8804-3-5,8804,3,8804-3,5,N
8804-4-5,8804,4,8804-4,5,N
8901-1-1,8901,1,8901-1,1,N
8901-1-2,8901,1,8901-1,2,N
8901-3-2,8901,3,8901-3,2,N
8901-4-2,8901,4,8901-4,2,N
8901-1-3,8901,1,8901-1,3,N
8901-3-3,8901,3,8901-3,3,N
8901-4-3,8901,4,8901-4,3,N
8901-1-4,8901,1,8901-1,4,N
8901-3-4,8901,3,8901-3,4,N
8901-4-4,8901,4,8901-4,4,N
8901-1-5,8901,1,8901-1,5,N
8901-3-5,8901,3,8901-3,5,N
8901-4-5,8901,4,8901-4,5,N
8902-1-1,8902,1,8902-1,1,N
8902-1-2,8902,1,8902-1,2,N
8902-3-2,8902,3,8902-3,2,N
8902-4-2,8902,4,8902-4,2,N
8902-5-2,8902,5,8902-5,2,N
8902-1-3,8902,1,8902-1,3,N
8902-3-3,8902,3,8902-3,3,N
8902-4-3,8902,4,8902-4,3,N
8902-5-3,8902,5,8902-5,3,N
8902-1-4,8902,1,8902-1,4,N
8902-3-4,8902,3,8902-3,4,N
8902-4-4,8902,4,8902-4,4,N
8902-5-4,8902,5,8902-5,4,N
8902-1-5,8902,1,8902-1,5,N
8902-3-5,8902,3,8902-3,5,N
8902-4-5,8902,4,8902-4,5,N
8902-5-5,8902,5,8902-5,5,N
8903-3-2,8903,3,8903-3,2,N
8903-5-2,8903,5,8903-5,2,N
8903-3-3,8903,3,8903-3,3,N
8903-5-3,8903,5,8903-5,3,N
8903-3-4,8903,3,8903-3,4,N
8903-5-4,8903,5,8903-5,4,N
8903-6-4,8903,6,8903-6,4,N
8903-3-5,8903,3,8903-3,5,N
8903-5-5,8903,5,8903-5,5,N
8903-6-5,8903,6,8903-6,5,N
8904-2-2,8904,2,8904-2,2,N
8904-5-2,8904,5,8904-5,2,N
8904-2-3,8904,2,8904-2,3,N
8904-5-3,8904,5,8904-5,3,N
8904-2-4,8904,2,8904-2,4,N
8904-5-4,8904,5,8904-5,4,N
8904-2-5,8904,2,8904-2,5,N
8904-5-5,8904,5,8904-5,5,N
9001-1-1,9001,1,9001-1,1,N
9001-2-2,9001,2,9001-2,2,N
9001-3-2,9001,3,9001-3,2,N
9001-4-2,9001,4,9001-4,2,N
9001-1-3,9001,1,9001-1,3,N
9001-2-3,9001,2,9001-2,3,N
9001-3-3,9001,3,9001-3,3,N
9001-1-4,9001,1,9001-1,4,N
9001-2-4,9001,2,9001-2,4,N
9001-3-4,9001,3,9001-3,4,N
9001-4-4,9001,4,9001-4,4,N
9001-3-5,9001,3,9001-3,5,N
9001-4-5,9001,4,9001-4,5,N
9002-1-1,9002,1,9002-1,1,N
9002-1-2,9002,1,9002-1,2,N
9002-2-2,9002,2,9002-2,2,N
9002-4-2,9002,4,9002-4,2,N
9002-5-2,9002,5,9002-5,2,N
9002-1-3,9002,1,9002-1,3,N
9002-2-3,9002,2,9002-2,3,N
9002-4-3,9002,4,9002-4,3,N
9002-5-3,9002,5,9002-5,3,N
9002-1-4,9002,1,9002-1,4,N
9002-2-4,9002,2,9002-2,4,N
9002-4-4,9002,4,9002-4,4,N
9002-5-4,9002,5,9002-5,4,N
9002-6-4,9002,6,9002-6,4,N
9002-1-5,9002,1,9002-1,5,N
9002-2-5,9002,2,9002-2,5,N
9002-4-5,9002,4,9002-4,5,N
9002-5-5,9002,5,9002-5,5,N
9002-6-5,9002,6,9002-6,5,N
9003-1-1,9003,1,9003-1,1,N
9003-1-2,9003,1,9003-1,2,N
9003-2-2,9003,2,9003-2,2,N
9003-3-2,9003,3,9003-3,2,N
9003-5-2,9003,5,9003-5,2,N
9003-1-3,9003,1,9003-1,3,N
9003-2-3,9003,2,9003-2,3,N
9003-3-3,9003,3,9003-3,3,N
9003-5-3,9003,5,9003-5,3,N
9003-1-4,9003,1,9003-1,4,N
9003-2-4,9003,2,9003-2,4,N
9003-3-4,9003,3,9003-3,4,N
9003-5-4,9003,5,9003-5,4,N
9003-1-5,9003,1,9003-1,5,N
9003-2-5,9003,2,9003-2,5,N
9003-3-5,9003,3,9003-3,5,N
9003-5-5,9003,5,9003-5,5,N
9004-2-2,9004,2,9004-2,2,N
9004-3-2,9004,3,9004-3,2,N
9004-5-2,9004,5,9004-5,2,N
9004-2-3,9004,2,9004-2,3,N
9004-3-3,9004,3,9004-3,3,N
9004-5-3,9004,5,9004-5,3,N
9004-2-4,9004,2,9004-2,4,N
9004-3-4,9004,3,9004-3,4,N
9004-5-4,9004,5,9004-5,4,N
9004-2-5,9004,2,9004-2,5,N
9004-3-5,9004,3,9004-3,5,N
9004-5-5,9004,5,9004-5,5,N
9101-1-1,9101,1,9101-1,1,N
9101-1-2,9101,1,9101-1,2,N
9101-3-2,9101,3,9101-3,2,N
9101-4-2,9101,4,9101-4,2,N
9101-5-2,9101,5,9101-5,2,N
9101-1-3,9101,1,9101-1,3,N
9101-3-3,9101,3,9101-3,3,N
9101-4-3,9101,4,9101-4,3,N
9101-5-3,9101,5,9101-5,3,N
9101-1-4,9101,1,9101-1,4,N
9101-3-4,9101,3,9101-3,4,N
9101-4-4,9101,4,9101-4,4,N
9101-5-4,9101,5,9101-5,4,N
9101-6-4,9101,6,9101-6,4,N
9101-1-5,9101,1,9101-1,5,N
9101-3-5,9101,3,9101-3,5,N
9101-4-5,9101,4,9101-4,5,N
9101-5-5,9101,5,9101-5,5,N
9101-6-5,9101,6,9101-6,5,N
9102-1-1,9102,1,9102-1,1,N
9102-1-2,9102,1,9102-1,2,N
9102-2-2,9102,2,9102-2,2,N
9102-3-2,9102,3,9102-3,2,N
9102-4-2,9102,4,9102-4,2,N
9102-5-2,9102,5,9102-5,2,N
9102-1-3,9102,1,9102-1,3,N
9102-2-3,9102,2,9102-2,3,N
9102-3-3,9102,3,9102-3,3,N
9102-4-3,9102,4,9102-4,3,N
9102-5-3,9102,5,9102-5,3,N
9102-1-4,9102,1,9102-1,4,N
9102-2-4,9102,2,9102-2,4,N
9102-3-4,9102,3,9102-3,4,N
9102-4-4,9102,4,9102-4,4,N
9102-5-4,9102,5,9102-5,4,N
9102-6-4,9102,6,9102-6,4,N
9102-1-5,9102,1,9102-1,5,N
9102-2-5,9102,2,9102-2,5,N
9102-3-5,9102,3,9102-3,5,N
9102-4-5,9102,4,9102-4,5,N
9102-5-5,9102,5,9102-5,5,N
9102-6-5,9102,6,9102-6,5,N
9103-1-1,9103,1,9103-1,1,N
9103-1-2,9103,1,9103-1,2,N
9103-4-2,9103,4,9103-4,2,N
9103-1-3,9103,1,9103-1,3,N
9103-4-3,9103,4,9103-4,3,N
9103-1-4,9103,1,9103-1,4,N
9103-4-4,9103,4,9103-4,4,N
9103-6-4,9103,6,9103-6,4,N
9103-1-5,9103,1,9103-1,5,N
9103-4-5,9103,4,9103-4,5,N
9103-6-5,9103,6,9103-6,5,N
9104-1-1,9104,1,9104-1,1,N
9104-1-2,9104,1,9104-1,2,N
9104-3-2,9104,3,9104-3,2,N
9104-4-2,9104,4,9104-4,2,N
9104-5-2,9104,5,9104-5,2,N
9104-1-3,9104,1,9104-1,3,N
9104-3-3,9104,3,9104-3,3,N
9104-4-3,9104,4,9104-4,3,N
9104-5-3,9104,5,9104-5,3,N
9104-1-4,9104,1,9104-1,4,N
9104-3-4,9104,3,9104-3,4,N
9104-4-4,9104,4,9104-4,4,N
9104-5-4,9104,5,9104-5,4,N
9104-6-4,9104,6,9104-6,4,N
9104-1-5,9104,1,9104-1,5,N
9104-3-5,9104,3,9104-3,5,N
9104-4-5,9104,4,9104-4,5,N
9104-5-5,9104,5,9104-5,5,N
9104-6-5,9104,6,9104-6,5,N
9201-1-1,9201,1,9201-1,1,N
9201-1-2,9201,1,9201-1,2,N
9201-2-2,9201,2,9201-2,2,N
9201-4-2,9201,4,9201-4,2,N
9201-5-2,9201,5,9201-5,2,N
9201-1-3,9201,1,9201-1,3,N
9201-2-3,9201,2,9201-2,3,N
9201-4-3,9201,4,9201-4,3,N
9201-5-3,9201,5,9201-5,3,N
9201-1-4,9201,1,9201-1,4,N
9201-2-4,9201,2,9201-2,4,N
9201-4-4,9201,4,9201-4,4,N
9201-5-4,9201,5,9201-5,4,N
9201-6-4,9201,6,9201-6,4,N
9201-1-5,9201,1,9201-1,5,N
9201-2-5,9201,2,9201-2,5,N
9201-4-5,9201,4,9201-4,5,N
9201-5-5,9201,5,9201-5,5,N
9201-6-5,9201,6,9201-6,5,N
9202-1-1,9202,1,9202-1,1,N
9202-1-2,9202,1,9202-1,2,N
9202-2-2,9202,2,9202-2,2,N
9202-3-2,9202,3,9202-3,2,N
9202-5-2,9202,5,9202-5,2,N
9202-1-3,9202,1,9202-1,3,N
9202-2-3,9202,2,9202-2,3,N
9202-3-3,9202,3,9202-3,3,N
9202-5-3,9202,5,9202-5,3,N
9202-1-4,9202,1,9202-1,4,N
9202-2-4,9202,2,9202-2,4,N
9202-3-4,9202,3,9202-3,4,N
9202-5-4,9202,5,9202-5,4,N
9202-1-5,9202,1,9202-1,5,N
9202-2-5,9202,2,9202-2,5,N
9202-3-5,9202,3,9202-3,5,N
9202-5-5,9202,5,9202-5,5,N
9203-2-2,9203,2,9203-2,2,N
9203-3-2,9203,3,9203-3,2,N
9203-4-2,9203,4,9203-4,2,N
9203-5-2,9203,5,9203-5,2,N
9203-2-3,9203,2,9203-2,3,N
9203-3-3,9203,3,9203-3,3,N
9203-4-3,9203,4,9203-4,3,N
9203-5-3,9203,5,9203-5,3,N
9203-2-4,9203,2,9203-2,4,N
9203-3-4,9203,3,9203-3,4,N
9203-4-4,9203,4,9203-4,4,N
9203-5-4,9203,5,9203-5,4,N
9203-6-4,9203,6,9203-6,4,N
9203-2-5,9203,2,9203-2,5,N
9203-3-5,9203,3,9203-3,5,N
9203-4-5,9203,4,9203-4,5,N
9203-5-5,9203,5,9203-5,5,N
9203-6-5,9203,6,9203-6,5,N
9204-2-2,9204,2,9204-2,2,N
9204-3-2,9204,3,9204-3,2,N
9204-4-2,9204,4,9204-4,2,N
9204-2-3,9204,2,9204-2,3,N
9204-3-3,9204,3,9204-3,3,N
9204-4-3,9204,4,9204-4,3,N
9204-2-4,9204,2,9204-2,4,N
9204-3-4,9204,3,9204-3,4,N
9204-4-4,9204,4,9204-4,4,N
9204-6-4,9204,6,9204-6,4,N
9204-2-5,9204,2,9204-2,5,N
9204-3-5,9204,3,9204-3,5,N
9204-4-5,9204,4,9204-4,5,N
9204-6-5,9204,6,9204-6,5,N
126-1-1,126,1,126-1,1,NPK
126-1-2,126,1,126-1,2,NPK
126-1-3,126,1,126-1,3,NPK
126-1-4,126,1,126-1,4,NPK
126-1-5,126,1,126-1,5,NPK
126-1-6,126,1,126-1,6,NPK
126-1-7,126,1,126-1,7,NPK
126-1-8,126,1,126-1,8,NPK
126-1-9,126,1,126-1,9,NPK
126-1-10,126,1,126-1,10,NPK
126-1-11,126,1,126-1,11,NPK
126-1-12,126,1,126-1,12,NPK
126-1-13,126,1,126-1,13,NPK
126-1-14,126,1,126-1,14,NPK
126-1-15,126,1,126-1,15,NPK
126-1-16,126,1,126-1,16,NPK
126-1-17,126,1,126-1,17,NPK
126-1-18,126,1,126-1,18,NPK
126-1-19,126,1,126-1,19,NPK
126-1-20,126,1,126-1,20,NPK
126-1-21,126,1,126-1,21,NPK
126-1-22,126,1,126-1,22,NPK
126-1-23,126,1,126-1,23,NPK
126-1-24,126,1,126-1,24,NPK
126-1-25,126,1,126-1,25,NPK
126-1-26,126,1,126-1,26,NPK
126-1-27,126,1,126-1,27,NPK
135-3-1,135,3,135-3,1,N
135-3-2,135,3,135-3,2,N
135-3-3,135,3,135-3,3,N
135-3-4,135,3,135-3,4,N
135-3-5,135,3,135-3,5,N
135-4-1,135,4,135-4,1,N
135-4-2,135,4,135-4,2,N
135-4-3,135,4,135-4,3,N
135-4-4,135,4,135-4,4,N
135-4-5,135,4,135-4,5,N
135-5-1,135,5,135-5,1,N
135-5-2,135,5,135-5,2,N
135-5-3,135,5,135-5,3,N
135-5-4,135,5,135-5,4,N
135-5-5,135,5,135-5,5,N
136-2-1,136,2,136-2,1,N
136-2-2,136,2,136-2,2,N
136-2-3,136,2,136-2,3,N
136-2-4,136,2,136-2,4,N
136-2-5,136,2,136-2,5,N
136-2-6,136,2,136-2,6,N
137-1-1,137,1,137-1,1,N
137-1-2,137,1,137-1,2,N
137-1-3,137,1,137-1,3,N
137-1-4,137,1,137-1,4,N
137-1-5,137,1,137-1,5,N
137-1-6,137,1,137-1,6,N
138-1-1,138,1,138-1,1,N
138-1-2,138,1,138-1,2,N
138-1-3,138,1,138-1,3,N
138-1-4,138,1,138-1,4,N
138-1-5,138,1,138-1,5,N
138-2-1,138,2,138-2,1,N
138-2-2,138,2,138-2,2,N
138-2-3,138,2,138-2,3,N
138-2-4,138,2,138-2,4,N
138-2-5,138,2,138-2,5,N
138-3-1,138,3,138-3,1,N
138-3-2,138,3,138-3,2,N
138-3-3,138,3,138-3,3,N
138-3-4,138,3,138-3,4,N
138-3-5,138,3,138-3,5,N
139-1-1,139,1,139-1,1,N
139-1-2,139,1,139-1,2,N
139-1-3,139,1,139-1,3,N
139-1-4,139,1,139-1,4,N
139-1-5,139,1,139-1,5,N
139-1-6,139,1,139-1,6,N
139-1-7,139,1,139-1,7,N
139-2-1,139,2,139-2,1,N
139-2-2,139,2,139-2,2,N
139-2-3,139,2,139-2,3,N
139-2-4,139,2,139-2,4,N
139-2-5,139,2,139-2,5,N
139-2-6,139,2,139-2,6,N
139-2-7,139,2,139-2,7,N
139-3-1,139,3,139-3,1,N
139-3-2,139,3,139-3,2,N
139-3-3,139,3,139-3,3,N
139-3-4,139,3,139-3,4,N
139-3-5,139,3,139-3,5,N
139-3-6,139,3,139-3,6,N
139-3-7,139,3,139-3,7,N
140-1-1,140,1,140-1,1,N
140-1-2,140,1,140-1,2,N
140-1-3,140,1,140-1,3,N
140-1-4,140,1,140-1,4,N
140-1-5,140,1,140-1,5,N
140-3-1,140,3,140-3,1,N
140-3-2,140,3,140-3,2,N
140-3-3,140,3,140-3,3,N
140-3-4,140,3,140-3,4,N
140-3-5,140,3,140-3,5,N
140-4-1,140,4,140-4,1,N
140-4-2,140,4,140-4,2,N
140-4-3,140,4,140-4,3,N
140-4-4,140,4,140-4,4,N
140-4-5,140,4,140-4,5,N
142-2-1,142,2,142-2,1,N
142-2-2,142,2,142-2,2,N
142-2-3,142,2,142-2,3,N
142-2-4,142,2,142-2,4,N
142-2-5,142,2,142-2,5,N
142-2-6,142,2,142-2,6,N
142-3-1,142,3,142-3,1,N
142-3-2,142,3,142-3,2,N
142-3-3,142,3,142-3,3,N
142-3-4,142,3,142-3,4,N
142-3-5,142,3,142-3,5,N
142-3-6,142,3,142-3,6,N
143-1-1,143,1,143-1,1,N
143-1-2,143,1,143-1,2,N
143-1-3,143,1,143-1,3,N
143-1-4,143,1,143-1,4,N
143-1-5,143,1,143-1,5,N
143-1-6,143,1,143-1,6,N
143-3-1,143,3,143-3,1,N
143-3-2,143,3,143-3,2,N
143-3-3,143,3,143-3,3,N
143-3-4,143,3,143-3,4,N
143-3-5,143,3,143-3,5,N
143-3-6,143,3,143-3,6,N
146-1-1,146,1,146-1,1,N
146-1-2,146,1,146-1,2,N
146-1-3,146,1,146-1,3,N
146-1-4,146,1,146-1,4,N
146-1-5,146,1,146-1,5,N
146-1-6,146,1,146-1,6,N
146-2-1,146,2,146-2,1,N
146-2-2,146,2,146-2,2,N
146-2-4,146,2,146-2,4,N
150-1-1,150,1,150-1,1,N
150-1-2,150,1,150-1,2,N
150-1-3,150,1,150-1,3,N
150-1-4,150,1,150-1,4,N
150-1-5,150,1,150-1,5,N
150-1-6,150,1,150-1,6,N
150-3-1,150,3,150-3,1,N
150-3-2,150,3,150-3,2,N
150-3-3,150,3,150-3,3,N
150-3-4,150,3,150-3,4,N
150-3-5,150,3,150-3,5,N
150-3-6,150,3,150-3,6,N
151-1-1,151,1,151-1,1,N
151-1-2,151,1,151-1,2,N
151-1-3,151,1,151-1,3,N
151-1-4,151,1,151-1,4,N
151-2-1,151,2,151-2,1,N
151-2-2,151,2,151-2,2,N
151-2-3,151,2,151-2,3,N
151-2-4,151,2,151-2,4,N
151-2-5,151,2,151-2,5,N
152-1-1,152,1,152-1,1,N
152-1-2,152,1,152-1,2,N
152-1-3,152,1,152-1,3,N
152-1-4,152,1,152-1,4,N
152-1-5,152,1,152-1,5,N
152-2-1,152,2,152-2,1,N
152-2-3,152,2,152-2,3,N
152-2-4,152,2,152-2,4,N
152-2-5,152,2,152-2,5,N
152-3-1,152,3,152-3,1,N
152-3-2,152,3,152-3,2,N
152-3-3,152,3,152-3,3,N
152-3-4,152,3,152-3,4,N
152-3-5,152,3,152-3,5,N
153-1-1,153,1,153-1,1,N
153-1-2,153,1,153-1,2,N
153-1-3,153,1,153-1,3,N
153-1-4,153,1,153-1,4,N
153-1-5,153,1,153-1,5,N
153-4-1,153,4,153-4,1,N
153-4-2,153,4,153-4,2,N
153-4-3,153,4,153-4,3,N
153-4-5,153,4,153-4,5,N
154-1-1,154,1,154-1,1,N
154-1-2,154,1,154-1,2,N
154-1-3,154,1,154-1,3,N
154-1-4,154,1,154-1,4,N
154-1-5,154,1,154-1,5,N
154-3-1,154,3,154-3,1,N
154-3-2,154,3,154-3,2,N
154-3-3,154,3,154-3,3,N
154-3-4,154,3,154-3,4,N
154-3-5,154,3,154-3,5,N
154-4-1,154,4,154-4,1,N
154-4-2,154,4,154-4,2,N
154-4-3,154,4,154-4,3,N
154-4-4,154,4,154-4,4,N
154-4-5,154,4,154-4,5,N
155-1-1,155,1,155-1,1,N
155-1-2,155,1,155-1,2,N
155-1-3,155,1,155-1,3,N
155-1-4,155,1,155-1,4,N
155-1-5,155,1,155-1,5,N
159-1-1,159,1,159-1,1,N
159-1-2,159,1,159-1,2,N
159-1-3,159,1,159-1,3,N
159-1-4,159,1,159-1,4,N
159-1-5,159,1,159-1,5,N
159-1-6,159,1,159-1,6,N
159-2-1,159,2,159-2,1,N
159-2-2,159,2,159-2,2,N
159-2-3,159,2,159-2,3,N
159-2-4,159,2,159-2,4,N
159-2-5,159,2,159-2,5,N
159-2-6,159,2,159-2,6,N
161-1-1,161,1,161-1,1,N
161-1-2,161,1,161-1,2,N
161-1-3,161,1,161-1,3,N
161-1-4,161,1,161-1,4,N
161-1-5,161,1,161-1,5,N
161-1-6,161,1,161-1,6,N
161-3-1,161,3,161-3,1,N
161-3-2,161,3,161-3,2,N
161-3-3,161,3,161-3,3,N
161-3-4,161,3,161-3,4,N
161-3-5,161,3,161-3,5,N
161-3-6,161,3,161-3,6,N
162-1-1,162,1,162-1,1,N
162-1-2,162,1,162-1,2,N
162-1-3,162,1,162-1,3,N
162-1-4,162,1,162-1,4,N
162-1-5,162,1,162-1,5,N
162-1-6,162,1,162-1,6,N
162-2-1,162,2,162-2,1,N
162-2-2,162,2,162-2,2,N
162-2-3,162,2,162-2,3,N
162-2-4,162,2,162-2,4,N
162-2-5,162,2,162-2,5,N
162-2-6,162,2,162-2,6,N
162-3-1,162,3,162-3,1,N
162-3-2,162,3,162-3,2,N
162-3-3,162,3,162-3,3,N
162-3-4,162,3,162-3,4,N
162-3-5,162,3,162-3,5,N
162-3-6,162,3,162-3,6,N
191-3-6,191,3,191-3,6,N
191-3-1,191,3,191-3,1,N
191-3-2,191,3,191-3,2,N
191-3-3,191,3,191-3,3,N
191-3-4,191,3,191-3,4,N
191-3-5,191,3,191-3,5,N
191-4-6,191,4,191-4,6,N
191-4-1,191,4,191-4,1,N
191-4-2,191,4,191-4,2,N
191-4-3,191,4,191-4,3,N
191-4-4,191,4,191-4,4,N
191-4-5,191,4,191-4,5,N
192-3-6,192,3,192-3,6,N
192-3-1,192,3,192-3,1,N
192-3-2,192,3,192-3,2,N
192-3-3,192,3,192-3,3,N
192-3-4,192,3,192-3,4,N
192-3-5,192,3,192-3,5,N
193-1-6,193,1,193-1,6,N
193-1-1,193,1,193-1,1,N
193-1-2,193,1,193-1,2,N
193-1-3,193,1,193-1,3,N
193-1-4,193,1,193-1,4,N
193-1-5,193,1,193-1,5,N
193-2-6,193,2,193-2,6,N
193-2-1,193,2,193-2,1,N
193-2-2,193,2,193-2,2,N
193-2-3,193,2,193-2,3,N
193-2-4,193,2,193-2,4,N
193-2-5,193,2,193-2,5,N
193-3-6,193,3,193-3,6,N
193-3-1,193,3,193-3,1,N
193-3-2,193,3,193-3,2,N
193-3-3,193,3,193-3,3,N
193-3-4,193,3,193-3,4,N
193-3-5,193,3,193-3,5,N
193-4-6,193,4,193-4,6,N
193-4-1,193,4,193-4,1,N
193-4-2,193,4,193-4,2,N
193-4-3,193,4,193-4,3,N
193-4-4,193,4,193-4,4,N
193-4-5,193,4,193-4,5,N
194-1-1,194,1,194-1,1,P
194-1-2,194,1,194-1,2,P
194-1-3,194,1,194-1,3,P
194-1-4,194,1,194-1,4,P
194-1-5,194,1,194-1,5,P
194-4-1,194,4,194-4,1,P
194-4-2,194,4,194-4,2,P
194-4-3,194,4,194-4,3,P
194-4-4,194,4,194-4,4,P
194-4-5,194,4,194-4,5,P
194-5-1,194,5,194-5,1,P
194-5-2,194,5,194-5,2,P
194-5-3,194,5,194-5,3,P
194-5-4,194,5,194-5,4,P
194-5-5,194,5,194-5,5,P
194-6-1,194,6,194-6,1,P
194-6-2,194,6,194-6,2,P
194-6-3,194,6,194-6,3,P
194-6-4,194,6,194-6,4,P
194-6-5,194,6,194-6,5,P
195-1-1,195,1,195-1,1,P
195-1-2,195,1,195-1,2,P
195-1-3,195,1,195-1,3,P
195-1-4,195,1,195-1,4,P
195-1-5,195,1,195-1,5,P
195-2-1,195,2,195-2,1,P
195-2-2,195,2,195-2,2,P
195-2-3,195,2,195-2,3,P
195-2-4,195,2,195-2,4,P
195-2-5,195,2,195-2,5,P
195-3-1,195,3,195-3,1,P
195-3-2,195,3,195-3,2,P
195-3-3,195,3,195-3,3,P
195-3-4,195,3,195-3,4,P
195-3-5,195,3,195-3,5,P
195-4-1,195,4,195-4,1,P
195-4-2,195,4,195-4,2,P
195-4-3,195,4,195-4,3,P
195-4-4,195,4,195-4,4,P
195-4-5,195,4,195-4,5,P
195-5-1,195,5,195-5,1,P
195-5-2,195,5,195-5,2,P
195-5-3,195,5,195-5,3,P
195-5-4,195,5,195-5,4,P
195-5-5,195,5,195-5,5,P
195-6-1,195,6,195-6,1,P
195-6-2,195,6,195-6,2,P
195-6-3,195,6,195-6,3,P
195-6-4,195,6,195-6,4,P
195-6-5,195,6,195-6,5,P
196-1-1,196,1,196-1,1,P
196-1-2,196,1,196-1,2,P
196-1-3,196,1,196-1,3,P
196-1-4,196,1,196-1,4,P
196-1-5,196,1,196-1,5,P
196-1-6,196,1,196-1,6,P
196-4-1,196,4,196-4,1,P
196-4-2,196,4,196-4,2,P
196-4-3,196,4,196-4,3,P
196-4-4,196,4,196-4,4,P
196-4-5,196,4,196-4,5,P
196-4-6,196,4,196-4,6,P
196-6-1,196,6,196-6,1,P
196-6-2,196,6,196-6,2,P
196-6-3,196,6,196-6,3,P
196-6-4,196,6,196-6,4,P
196-6-5,196,6,196-6,5,P
196-6-6,196,6,196-6,6,P
197-1-1,197,1,197-1,1,P
197-1-2,197,1,197-1,2,P
197-1-3,197,1,197-1,3,P
197-1-4,197,1,197-1,4,P
197-2-1,197,2,197-2,1,P
197-2-2,197,2,197-2,2,P
197-2-3,197,2,197-2,3,P
197-2-4,197,2,197-2,4,P
197-3-1,197,3,197-3,1,P
197-3-2,197,3,197-3,2,P
197-3-3,197,3,197-3,3,P
197-3-4,197,3,197-3,4,P
197-4-1,197,4,197-4,1,P
197-4-2,197,4,197-4,2,P
197-4-3,197,4,197-4,3,P
197-4-4,197,4,197-4,4,P
199-1-1,199,1,199-1,1,P
199-1-2,199,1,199-1,2,P
199-1-3,199,1,199-1,3,P
199-1-4,199,1,199-1,4,P
199-2-1,199,2,199-2,1,P
199-2-2,199,2,199-2,2,P
199-2-3,199,2,199-2,3,P
199-2-4,199,2,199-2,4,P
199-3-1,199,3,199-3,1,P
199-3-2,199,3,199-3,2,P
199-3-3,199,3,199-3,3,P
199-3-4,199,3,199-3,4,P
199-4-1,199,4,199-4,1,P
199-4-2,199,4,199-4,2,P
199-4-3,199,4,199-4,3,P
199-4-4,199,4,199-4,4,P
199-5-1,199,5,199-5,1,P
199-5-2,199,5,199-5,2,P
199-5-3,199,5,199-5,3,P
199-5-4,199,5,199-5,4,P
199-6-1,199,6,199-6,1,P
199-6-2,199,6,199-6,2,P
199-6-3,199,6,199-6,3,P
199-6-4,199,6,199-6,4,P
200-1-1,200,1,200-1,1,P
200-1-2,200,1,200-1,2,P
200-1-3,200,1,200-1,3,P
200-1-4,200,1,200-1,4,P
200-2-1,200,2,200-2,1,P
200-2-2,200,2,200-2,2,P
200-2-3,200,2,200-2,3,P
200-2-4,200,2,200-2,4,P
200-3-1,200,3,200-3,1,P
200-3-2,200,3,200-3,2,P
200-3-3,200,3,200-3,3,P
200-3-4,200,3,200-3,4,P
200-4-1,200,4,200-4,1,P
200-4-2,200,4,200-4,2,P
200-4-3,200,4,200-4,3,P
200-4-4,200,4,200-4,4,P
200-5-1,200,5,200-5,1,P
200-5-2,200,5,200-5,2,P
200-5-3,200,5,200-5,3,P
200-5-4,200,5,200-5,4,P
200-6-1,200,6,200-6,1,P
200-6-2,200,6,200-6,2,P
200-6-3,200,6,200-6,3,P
200-6-4,200,6,200-6,4,P
201-2-1,201,2,201-2,1,P
201-2-2,201,2,201-2,2,P
201-2-3,201,2,201-2,3,P
201-2-4,201,2,201-2,4,P
201-2-5,201,2,201-2,5,P
201-2-6,201,2,201-2,6,P
201-3-1,201,3,201-3,1,P
201-3-2,201,3,201-3,2,P
201-3-3,201,3,201-3,3,P
201-3-4,201,3,201-3,4,P
201-3-5,201,3,201-3,5,P
201-3-6,201,3,201-3,6,P
202-1-1,202,1,202-1,1,P
202-1-2,202,1,202-1,2,P
202-1-3,202,1,202-1,3,P
202-1-4,202,1,202-1,4,P
202-1-5,202,1,202-1,5,P
202-1-6,202,1,202-1,6,P
202-2-1,202,2,202-2,1,P
202-2-2,202,2,202-2,2,P
202-2-3,202,2,202-2,3,P
202-2-4,202,2,202-2,4,P
202-2-5,202,2,202-2,5,P
202-2-6,202,2,202-2,6,P
202-3-1,202,3,202-3,1,P
202-3-2,202,3,202-3,2,P
202-3-3,202,3,202-3,3,P
202-3-4,202,3,202-3,4,P
202-3-5,202,3,202-3,5,P
202-3-6,202,3,202-3,6,P
205-1-1,205,1,205-1,1,P
205-1-2,205,1,205-1,2,P
205-1-3,205,1,205-1,3,P
205-1-4,205,1,205-1,4,P
205-2-2,205,2,205-2,2,P
205-2-3,205,2,205-2,3,P
205-2-4,205,2,205-2,4,P
206-1-1,206,1,206-1,1,P
206-1-2,206,1,206-1,2,P
206-1-3,206,1,206-1,3,P
206-1-4,206,1,206-1,4,P
206-2-2,206,2,206-2,2,P
206-2-3,206,2,206-2,3,P
206-2-4,206,2,206-2,4,P
207-1-1,207,1,207-1,1,P
207-1-2,207,1,207-1,2,P
207-1-3,207,1,207-1,3,P
207-1-4,207,1,207-1,4,P
208-1-1,208,1,208-1,1,P
208-1-2,208,1,208-1,2,P
208-1-3,208,1,208-1,3,P
208-1-4,208,1,208-1,4,P
208-3-2,208,3,208-3,2,P
208-3-3,208,3,208-3,3,P
208-3-4,208,3,208-3,4,P
209-4-1,209,4,209-4,1,P
209-4-2,209,4,209-4,2,P
209-4-3,209,4,209-4,3,P
209-4-4,209,4,209-4,4,P
209-6-2,209,6,209-6,2,P
209-6-3,209,6,209-6,3,P
209-6-4,209,6,209-6,4,P
236-1-1,236,1,236-1,1,P
236-1-2,236,1,236-1,2,P
236-1-3,236,1,236-1,3,P
236-1-4,236,1,236-1,4,P
236-1-5,236,1,236-1,5,P
236-1-6,236,1,236-1,6,P
236-1-7,236,1,236-1,7,P
236-1-8,236,1,236-1,8,P
236-1-9,236,1,236-1,9,P
236-1-10,236,1,236-1,10,P
236-1-11,236,1,236-1,11,P
236-3-1,236,3,236-3,1,P
236-3-2,236,3,236-3,2,P
236-3-3,236,3,236-3,3,P
236-3-4,236,3,236-3,4,P
236-3-5,236,3,236-3,5,P
236-3-6,236,3,236-3,6,P
236-3-7,236,3,236-3,7,P
236-3-8,236,3,236-3,8,P
236-3-9,236,3,236-3,9,P
236-3-10,236,3,236-3,10,P
236-3-11,236,3,236-3,11,P
236-4-1,236,4,236-4,1,P
236-4-2,236,4,236-4,2,P
236-4-3,236,4,236-4,3,P
236-4-4,236,4,236-4,4,P
236-4-5,236,4,236-4,5,P
236-4-6,236,4,236-4,6,P
236-4-7,236,4,236-4,7,P
236-4-8,236,4,236-4,8,P
236-4-9,236,4,236-4,9,P
236-4-10,236,4,236-4,10,P
236-4-11,236,4,236-4,11,P
237-1-1,237,1,237-1,1,P
237-1-2,237,1,237-1,2,P
237-1-3,237,1,237-1,3,P
237-1-4,237,1,237-1,4,P
237-1-5,237,1,237-1,5,P
237-1-6,237,1,237-1,6,P
237-2-1,237,2,237-2,1,P
237-2-2,237,2,237-2,2,P
237-2-3,237,2,237-2,3,P
237-2-4,237,2,237-2,4,P
237-2-5,237,2,237-2,5,P
237-2-6,237,2,237-2,6,P
237-3-1,237,3,237-3,1,P
237-3-2,237,3,237-3,2,P
237-3-3,237,3,237-3,3,P
237-3-4,237,3,237-3,4,P
237-3-5,237,3,237-3,5,P
237-3-6,237,3,237-3,6,P
239-2-1,239,2,239-2,1,P
239-2-2,239,2,239-2,2,P
239-2-3,239,2,239-2,3,P
239-2-4,239,2,239-2,4,P
239-2-5,239,2,239-2,5,P
239-2-6,239,2,239-2,6,P
239-2-7,239,2,239-2,7,P
239-2-8,239,2,239-2,8,P
239-2-9,239,2,239-2,9,P
239-2-10,239,2,239-2,10,P
239-3-1,239,3,239-3,1,P
239-3-2,239,3,239-3,2,P
239-3-3,239,3,239-3,3,P
239-3-4,239,3,239-3,4,P
239-3-5,239,3,239-3,5,P
239-3-6,239,3,239-3,6,P
239-3-7,239,3,239-3,7,P
239-3-8,239,3,239-3,8,P
239-3-9,239,3,239-3,9,P
239-3-10,239,3,239-3,10,P
240-2-1,240,2,240-2,1,P
240-2-2,240,2,240-2,2,P
240-2-3,240,2,240-2,3,P
240-2-4,240,2,240-2,4,P
240-2-5,240,2,240-2,5,P
240-2-6,240,2,240-2,6,P
240-2-7,240,2,240-2,7,P
240-2-8,240,2,240-2,8,P
240-2-9,240,2,240-2,9,P
240-2-10,240,2,240-2,10,P
240-3-1,240,3,240-3,1,P
240-3-2,240,3,240-3,2,P
240-3-3,240,3,240-3,3,P
240-3-4,240,3,240-3,4,P
240-3-5,240,3,240-3,5,P
240-3-6,240,3,240-3,6,P
240-3-7,240,3,240-3,7,P
240-3-8,240,3,240-3,8,P
240-3-9,240,3,240-3,9,P
240-3-10,240,3,240-3,10,P
241-2-1,241,2,241-2,1,P
241-2-2,241,2,241-2,2,P
241-2-3,241,2,241-2,3,P
241-2-4,241,2,241-2,4,P
241-2-5,241,2,241-2,5,P
241-2-6,241,2,241-2,6,P
241-2-7,241,2,241-2,7,P
241-2-8,241,2,241-2,8,P
241-2-9,241,2,241-2,9,P
241-2-10,241,2,241-2,10,P
243-1-1,243,1,243-1,1,P
243-1-2,243,1,243-1,2,P
243-1-3,243,1,243-1,3,P
243-1-4,243,1,243-1,4,P
243-1-5,243,1,243-1,5,P
243-1-6,243,1,243-1,6,P
243-1-7,243,1,243-1,7,P
243-1-8,243,1,243-1,8,P
243-1-9,243,1,243-1,9,P
243-1-10,243,1,243-1,10,P
243-2-1,243,2,243-2,1,P
243-2-2,243,2,243-2,2,P
243-2-3,243,2,243-2,3,P
243-2-4,243,2,243-2,4,P
243-2-5,243,2,243-2,5,P
243-2-6,243,2,243-2,6,P
243-2-7,243,2,243-2,7,P
243-2-8,243,2,243-2,8,P
243-2-9,243,2,243-2,9,P
243-2-10,243,2,243-2,10,P
243-3-1,243,3,243-3,1,P
243-3-2,243,3,243-3,2,P
243-3-3,243,3,243-3,3,P
243-3-4,243,3,243-3,4,P
243-3-5,243,3,243-3,5,P
243-3-6,243,3,243-3,6,P
243-3-7,243,3,243-3,7,P
243-3-8,243,3,243-3,8,P
243-3-9,243,3,243-3,9,P
243-3-10,243,3,243-3,10,P
244-2-1,244,2,244-2,1,P
244-2-2,244,2,244-2,2,P
244-2-3,244,2,244-2,3,P
244-2-4,244,2,244-2,4,P
244-2-5,244,2,244-2,5,P
244-2-6,244,2,244-2,6,P
244-2-7,244,2,244-2,7,P
244-2-8,244,2,244-2,8,P
244-2-9,244,2,244-2,9,P
244-2-10,244,2,244-2,10,P
245-2-1,245,2,245-2,1,P
245-2-2,245,2,245-2,2,P
245-2-3,245,2,245-2,3,P
245-2-4,245,2,245-2,4,P
245-2-5,245,2,245-2,5,P
245-2-6,245,2,245-2,6,P
245-2-7,245,2,245-2,7,P
245-2-8,245,2,245-2,8,P
245-2-9,245,2,245-2,9,P
245-2-10,245,2,245-2,10,P
245-3-1,245,3,245-3,1,P
245-3-2,245,3,245-3,2,P
245-3-3,245,3,245-3,3,P
245-3-4,245,3,245-3,4,P
245-3-5,245,3,245-3,5,P
245-3-6,245,3,245-3,6,P
245-3-7,245,3,245-3,7,P
245-3-8,245,3,245-3,8,P
245-3-9,245,3,245-3,9,P
245-3-10,245,3,245-3,10,P
246-1-1,246,1,246-1,1,P
246-1-2,246,1,246-1,2,P
246-1-3,246,1,246-1,3,P
246-1-4,246,1,246-1,4,P
246-1-5,246,1,246-1,5,P
246-1-6,246,1,246-1,6,P
246-1-7,246,1,246-1,7,P
246-1-8,246,1,246-1,8,P
246-1-9,246,1,246-1,9,P
246-2-1,246,2,246-2,1,P
246-2-2,246,2,246-2,2,P
246-2-3,246,2,246-2,3,P
246-2-4,246,2,246-2,4,P
246-2-5,246,2,246-2,5,P
246-2-6,246,2,246-2,6,P
246-2-7,246,2,246-2,7,P
246-2-8,246,2,246-2,8,P
246-2-9,246,2,246-2,9,P
247-1-1,247,1,247-1,1,P
247-1-2,247,1,247-1,2,P
247-1-3,247,1,247-1,3,P
247-1-4,247,1,247-1,4,P
247-1-5,247,1,247-1,5,P
247-1-6,247,1,247-1,6,P
247-1-7,247,1,247-1,7,P
247-1-8,247,1,247-1,8,P
247-1-9,247,1,247-1,9,P
247-2-1,247,2,247-2,1,P
247-2-2,247,2,247-2,2,P
247-2-3,247,2,247-2,3,P
247-2-4,247,2,247-2,4,P
247-2-5,247,2,247-2,5,P
247-2-6,247,2,247-2,6,P
247-2-7,247,2,247-2,7,P
247-2-8,247,2,247-2,8,P
247-2-9,247,2,247-2,9,P
247-3-1,247,3,247-3,1,P
247-3-2,247,3,247-3,2,P
247-3-3,247,3,247-3,3,P
247-3-4,247,3,247-3,4,P
247-3-5,247,3,247-3,5,P
247-3-6,247,3,247-3,6,P
247-3-7,247,3,247-3,7,P
247-3-8,247,3,247-3,8,P
247-3-9,247,3,247-3,9,P
248-1-1,248,1,248-1,1,P
248-1-2,248,1,248-1,2,P
248-1-3,248,1,248-1,3,P
248-1-4,248,1,248-1,4,P
248-1-5,248,1,248-1,5,P
248-1-6,248,1,248-1,6,P
248-1-7,248,1,248-1,7,P
248-1-8,248,1,248-1,8,P
248-1-9,248,1,248-1,9,P
248-1-10,248,1,248-1,10,P
248-1-11,248,1,248-1,11,P
248-2-1,248,2,248-2,1,P
248-2-2,248,2,248-2,2,P
248-2-3,248,2,248-2,3,P
248-2-4,248,2,248-2,4,P
248-2-5,248,2,248-2,5,P
248-2-6,248,2,248-2,6,P
248-2-7,248,2,248-2,7,P
248-2-8,248,2,248-2,8,P
248-2-9,248,2,248-2,9,P
248-2-10,248,2,248-2,10,P
248-2-11,248,2,248-2,11,P
248-3-1,248,3,248-3,1,P
248-3-2,248,3,248-3,2,P
248-3-3,248,3,248-3,3,P
248-3-4,248,3,248-3,4,P
248-3-5,248,3,248-3,5,P
248-3-6,248,3,248-3,6,P
248-3-7,248,3,248-3,7,P
248-3-8,248,3,248-3,8,P
248-3-9,248,3,248-3,9,P
248-3-10,248,3,248-3,10,P
248-3-11,248,3,248-3,11,P
250-1-1,250,1,250-1,1,P
250-1-2,250,1,250-1,2,P
250-1-3,250,1,250-1,3,P
250-1-4,250,1,250-1,4,P
250-1-5,250,1,250-1,5,P
250-1-6,250,1,250-1,6,P
250-1-7,250,1,250-1,7,P
250-1-8,250,1,250-1,8,P
250-1-9,250,1,250-1,9,P
250-1-10,250,1,250-1,10,P
250-1-11,250,1,250-1,11,P
250-2-1,250,2,250-2,1,P
250-2-2,250,2,250-2,2,P
250-2-3,250,2,250-2,3,P
250-2-4,250,2,250-2,4,P
250-2-5,250,2,250-2,5,P
250-2-6,250,2,250-2,6,P
250-2-7,250,2,250-2,7,P
250-2-8,250,2,250-2,8,P
250-2-9,250,2,250-2,9,P
250-2-10,250,2,250-2,10,P
250-2-11,250,2,250-2,11,P
250-3-1,250,3,250-3,1,P
250-3-2,250,3,250-3,2,P
250-3-3,250,3,250-3,3,P
250-3-4,250,3,250-3,4,P
250-3-5,250,3,250-3,5,P
250-3-6,250,3,250-3,6,P
250-3-7,250,3,250-3,7,P
250-3-8,250,3,250-3,8,P
250-3-9,250,3,250-3,9,P
250-3-10,250,3,250-3,10,P
250-3-11,250,3,250-3,11,P
251-1-1,251,1,251-1,1,P
251-1-2,251,1,251-1,2,P
251-1-3,251,1,251-1,3,P
251-1-4,251,1,251-1,4,P
251-1-5,251,1,251-1,5,P
251-1-6,251,1,251-1,6,P
251-1-7,251,1,251-1,7,P
251-1-8,251,1,251-1,8,P
251-1-9,251,1,251-1,9,P
251-1-10,251,1,251-1,10,P
251-1-11,251,1,251-1,11,P
251-2-1,251,2,251-2,1,P
251-2-2,251,2,251-2,2,P
251-2-3,251,2,251-2,3,P
251-2-4,251,2,251-2,4,P
251-2-5,251,2,251-2,5,P
251-2-6,251,2,251-2,6,P
251-2-7,251,2,251-2,7,P
251-2-8,251,2,251-2,8,P
251-2-9,251,2,251-2,9,P
251-2-10,251,2,251-2,10,P
251-2-11,251,2,251-2,11,P
253-1-1,253,1,253-1,1,P
253-1-2,253,1,253-1,2,P
253-1-3,253,1,253-1,3,P
253-1-4,253,1,253-1,4,P
253-1-5,253,1,253-1,5,P
253-1-6,253,1,253-1,6,P
253-1-7,253,1,253-1,7,P
253-1-8,253,1,253-1,8,P
253-1-9,253,1,253-1,9,P
253-2-1,253,2,253-2,1,P
253-2-2,253,2,253-2,2,P
253-2-3,253,2,253-2,3,P
253-2-4,253,2,253-2,4,P
253-2-5,253,2,253-2,5,P
253-2-6,253,2,253-2,6,P
253-2-7,253,2,253-2,7,P
253-2-8,253,2,253-2,8,P
253-2-9,253,2,253-2,9,P
253-3-1,253,3,253-3,1,P
253-3-2,253,3,253-3,2,P
253-3-3,253,3,253-3,3,P
253-3-4,253,3,253-3,4,P
253-3-5,253,3,253-3,5,P
253-3-6,253,3,253-3,6,P
253-3-7,253,3,253-3,7,P
253-3-8,253,3,253-3,8,P
253-3-9,253,3,253-3,9,P
255-3-1,255,3,255-3,1,P
255-3-2,255,3,255-3,2,P
255-3-3,255,3,255-3,3,P
255-3-4,255,3,255-3,4,P
255-3-5,255,3,255-3,5,P
255-3-6,255,3,255-3,6,P
256-1-1,256,1,256-1,1,P
256-1-2,256,1,256-1,2,P
256-1-3,256,1,256-1,3,P
256-1-4,256,1,256-1,4,P
256-1-5,256,1,256-1,5,P
256-1-6,256,1,256-1,6,P
256-2-1,256,2,256-2,1,P
256-2-2,256,2,256-2,2,P
256-2-3,256,2,256-2,3,P
256-2-4,256,2,256-2,4,P
256-2-5,256,2,256-2,5,P
256-2-6,256,2,256-2,6,P
256-3-1,256,3,256-3,1,P
256-3-2,256,3,256-3,2,P
256-3-3,256,3,256-3,3,P
256-3-4,256,3,256-3,4,P
256-3-5,256,3,256-3,5,P
256-3-6,256,3,256-3,6,P
257-1-1,257,1,257-1,1,P
257-1-2,257,1,257-1,2,P
257-1-3,257,1,257-1,3,P
257-1-4,257,1,257-1,4,P
257-2-1,257,2,257-2,1,P
257-2-2,257,2,257-2,2,P
257-2-3,257,2,257-2,3,P
257-2-4,257,2,257-2,4,P
257-3-1,257,3,257-3,1,P
257-3-2,257,3,257-3,2,P
257-3-3,257,3,257-3,3,P
257-3-4,257,3,257-3,4,P
258-1-1,258,1,258-1,1,P
258-1-2,258,1,258-1,2,P
258-1-3,258,1,258-1,3,P
258-1-4,258,1,258-1,4,P
258-3-1,258,3,258-3,1,P
258-3-2,258,3,258-3,2,P
258-3-3,258,3,258-3,3,P
258-3-4,258,3,258-3,4,P
259-1-1,259,1,259-1,1,P
259-1-2,259,1,259-1,2,P
259-1-3,259,1,259-1,3,P
259-1-4,259,1,259-1,4,P
259-2-1,259,2,259-2,1,P
259-2-2,259,2,259-2,2,P
259-2-3,259,2,259-2,3,P
259-2-4,259,2,259-2,4,P
260-1-1,260,1,260-1,1,P
260-1-2,260,1,260-1,2,P
260-1-3,260,1,260-1,3,P
260-1-4,260,1,260-1,4,P
260-2-1,260,2,260-2,1,P
260-2-2,260,2,260-2,2,P
260-2-3,260,2,260-2,3,P
260-2-4,260,2,260-2,4,P
261-1-1,261,1,261-1,1,P
261-1-2,261,1,261-1,2,P
261-1-3,261,1,261-1,3,P
261-1-4,261,1,261-1,4,P
261-2-1,261,2,261-2,1,P
261-2-2,261,2,261-2,2,P
261-2-3,261,2,261-2,3,P
261-2-4,261,2,261-2,4,P
262-1-1,262,1,262-1,1,P
262-1-2,262,1,262-1,2,P
262-1-3,262,1,262-1,3,P
262-1-4,262,1,262-1,4,P
262-2-1,262,2,262-2,1,P
262-2-2,262,2,262-2,2,P
262-2-3,262,2,262-2,3,P
262-2-4,262,2,262-2,4,P
263-2-1,263,2,263-2,1,P
263-2-2,263,2,263-2,2,P
263-2-3,263,2,263-2,3,P
263-2-4,263,2,263-2,4,P
263-3-1,263,3,263-3,1,P
263-3-2,263,3,263-3,2,P
263-3-3,263,3,263-3,3,P
263-3-4,263,3,263-3,4,P
264-1-1,264,1,264-1,1,P
264-1-2,264,1,264-1,2,P
264-1-3,264,1,264-1,3,P
264-1-4,264,1,264-1,4,P
264-3-1,264,3,264-3,1,P
264-3-2,264,3,264-3,2,P
264-3-3,264,3,264-3,3,P
264-3-4,264,3,264-3,4,P
265-1-1,265,1,265-1,1,P
265-1-2,265,1,265-1,2,P
265-1-3,265,1,265-1,3,P
265-1-4,265,1,265-1,4,P
265-3-1,265,3,265-3,1,P
265-3-2,265,3,265-3,2,P
265-3-3,265,3,265-3,3,P
265-3-4,265,3,265-3,4,P
267-1-1,267,1,267-1,1,P
267-1-2,267,1,267-1,2,P
267-1-3,267,1,267-1,3,P
267-1-4,267,1,267-1,4,P
267-1-5,267,1,267-1,5,P
267-2-1,267,2,267-2,1,P
267-2-2,267,2,267-2,2,P
267-2-3,267,2,267-2,3,P
267-2-4,267,2,267-2,4,P
267-2-5,267,2,267-2,5,P
267-3-1,267,3,267-3,1,P
267-3-2,267,3,267-3,2,P
267-3-3,267,3,267-3,3,P
267-3-4,267,3,267-3,4,P
267-3-5,267,3,267-3,5,P
268-2-1,268,2,268-2,1,P
268-2-2,268,2,268-2,2,P
268-2-3,268,2,268-2,3,P
268-2-4,268,2,268-2,4,P
268-2-5,268,2,268-2,5,P
268-3-1,268,3,268-3,1,P
268-3-2,268,3,268-3,2,P
268-3-3,268,3,268-3,3,P
268-3-4,268,3,268-3,4,P
268-3-5,268,3,268-3,5,P
272-2-1,272,2,272-2,1,P
272-2-2,272,2,272-2,2,P
272-2-3,272,2,272-2,3,P
272-2-4,272,2,272-2,4,P
272-3-1,272,3,272-3,1,P
272-3-2,272,3,272-3,2,P
272-3-3,272,3,272-3,3,P
272-3-4,272,3,272-3,4,P
274-1-1,274,1,274-1,1,P
274-1-2,274,1,274-1,2,P
274-1-3,274,1,274-1,3,P
274-1-4,274,1,274-1,4,P
274-1-5,274,1,274-1,5,P
274-2-1,274,2,274-2,1,P
274-2-2,274,2,274-2,2,P
274-2-3,274,2,274-2,3,P
274-2-4,274,2,274-2,4,P
274-2-5,274,2,274-2,5,P
274-3-1,274,3,274-3,1,P
274-3-2,274,3,274-3,2,P
274-3-3,274,3,274-3,3,P
274-3-4,274,3,274-3,4,P
274-3-5,274,3,274-3,5,P
284-1-1,284,1,284-1,1,P
284-1-2,284,1,284-1,2,P
284-1-3,284,1,284-1,3,P
284-1-4,284,1,284-1,4,P
284-1-5,284,1,284-1,5,P
284-2-1,284,2,284-2,1,P
284-2-2,284,2,284-2,2,P
284-2-3,284,2,284-2,3,P
284-2-4,284,2,284-2,4,P
284-2-5,284,2,284-2,5,P
286-2-1,286,2,286-2,1,NPK
286-2-2,286,2,286-2,2,NPK
286-2-3,286,2,286-2,3,NPK
286-2-4,286,2,286-2,4,NPK
286-2-5,286,2,286-2,5,NPK
286-2-6,286,2,286-2,6,NPK
286-2-7,286,2,286-2,7,NPK
286-2-8,286,2,286-2,8,NPK
286-2-9,286,2,286-2,9,NPK
286-2-10,286,2,286-2,10,NPK
286-2-11,286,2,286-2,11,NPK
286-2-12,286,2,286-2,12,NPK
286-2-13,286,2,286-2,13,NPK
286-2-14,286,2,286-2,14,NPK
287-2-1,287,2,287-2,1,NPK
287-2-2,287,2,287-2,2,NPK
287-2-3,287,2,287-2,3,NPK
287-2-4,287,2,287-2,4,NPK
287-2-5,287,2,287-2,5,NPK
287-2-6,287,2,287-2,6,NPK
287-2-7,287,2,287-2,7,NPK
287-2-8,287,2,287-2,8,NPK
287-2-9,287,2,287-2,9,NPK
287-2-10,287,2,287-2,10,NPK
287-2-11,287,2,287-2,11,NPK
287-2-12,287,2,287-2,12,NPK
287-2-13,287,2,287-2,13,NPK
287-2-14,287,2,287-2,14,NPK
292-1-1,292,1,292-1,1,P
292-1-2,292,1,292-1,2,P
292-1-3,292,1,292-1,3,P
292-1-4,292,1,292-1,4,P
292-1-5,292,1,292-1,5,P
292-1-6,292,1,292-1,6,P
292-2-1,292,2,292-2,1,P
292-2-2,292,2,292-2,2,P
292-2-3,292,2,292-2,3,P
292-2-4,292,2,292-2,4,P
292-2-5,292,2,292-2,5,P
292-2-6,292,2,292-2,6,P
292-4-1,292,4,292-4,1,P
292-4-2,292,4,292-4,2,P
292-4-3,292,4,292-4,3,P
292-4-4,292,4,292-4,4,P
292-4-5,292,4,292-4,5,P
292-4-6,292,4,292-4,6,P
293-1-1,293,1,293-1,1,P
293-1-2,293,1,293-1,2,P
293-1-3,293,1,293-1,3,P
293-1-4,293,1,293-1,4,P
293-1-5,293,1,293-1,5,P
293-1-6,293,1,293-1,6,P
293-2-1,293,2,293-2,1,P
293-2-2,293,2,293-2,2,P
293-2-3,293,2,293-2,3,P
293-2-4,293,2,293-2,4,P
293-2-5,293,2,293-2,5,P
293-2-6,293,2,293-2,6,P
293-3-3,293,3,293-3,3,P
293-3-4,293,3,293-3,4,P
293-3-5,293,3,293-3,5,P
293-3-6,293,3,293-3,6,P
293-4-1,293,4,293-4,1,P
293-4-2,293,4,293-4,2,P
293-4-3,293,4,293-4,3,P
293-4-4,293,4,293-4,4,P
293-4-5,293,4,293-4,5,P
293-4-6,293,4,293-4,6,P
305-1-1,305,1,305-1,1,K
305-1-2,305,1,305-1,2,K
305-1-3,305,1,305-1,3,K
305-1-4,305,1,305-1,4,K
305-1-5,305,1,305-1,5,K
305-1-6,305,1,305-1,6,K
305-1-7,305,1,305-1,7,K
305-1-8,305,1,305-1,8,K
305-2-1,305,2,305-2,1,K
305-2-2,305,2,305-2,2,K
305-2-3,305,2,305-2,3,K
305-2-4,305,2,305-2,4,K
305-2-5,305,2,305-2,5,K
305-2-6,305,2,305-2,6,K
305-2-7,305,2,305-2,7,K
305-2-8,305,2,305-2,8,K
305-3-1,305,3,305-3,1,K
305-3-2,305,3,305-3,2,K
305-3-4,305,3,305-3,4,K
305-3-5,305,3,305-3,5,K
305-3-7,305,3,305-3,7,K
305-3-8,305,3,305-3,8,K
306-4-1,306,4,306-4,1,K
306-4-2,306,4,306-4,2,K
306-4-3,306,4,306-4,3,K
306-4-4,306,4,306-4,4,K
307-1-1,307,1,307-1,1,K
307-1-2,307,1,307-1,2,K
307-1-3,307,1,307-1,3,K
307-1-4,307,1,307-1,4,K
307-2-1,307,2,307-2,1,K
307-2-2,307,2,307-2,2,K
307-2-3,307,2,307-2,3,K
307-2-4,307,2,307-2,4,K
307-3-1,307,3,307-3,1,K
307-3-2,307,3,307-3,2,K
307-3-3,307,3,307-3,3,K
307-3-4,307,3,307-3,4,K
307-4-1,307,4,307-4,1,K
307-4-2,307,4,307-4,2,K
307-4-3,307,4,307-4,3,K
307-4-4,307,4,307-4,4,K
308-1-1,308,1,308-1,1,P
308-1-2,308,1,308-1,2,P
308-1-3,308,1,308-1,3,P
308-1-4,308,1,308-1,4,P
308-3-1,308,3,308-3,1,P
308-3-2,308,3,308-3,2,P
308-3-3,308,3,308-3,3,P
308-3-4,308,3,308-3,4,P
309-3-1,309,3,309-3,1,P
309-3-2,309,3,309-3,2,P
309-3-3,309,3,309-3,3,P
309-3-4,309,3,309-3,4,P
309-4-1,309,4,309-4,1,P
309-4-2,309,4,309-4,2,P
309-4-3,309,4,309-4,3,P
309-4-4,309,4,309-4,4,P
310-1-1,310,1,310-1,1,P
310-1-2,310,1,310-1,2,P
310-1-3,310,1,310-1,3,P
310-1-4,310,1,310-1,4,P
310-2-1,310,2,310-2,1,P
310-2-2,310,2,310-2,2,P
310-2-3,310,2,310-2,3,P
310-2-4,310,2,310-2,4,P
310-4-1,310,4,310-4,1,P
310-4-2,310,4,310-4,2,P
310-4-3,310,4,310-4,3,P
310-4-4,310,4,310-4,4,P
311-1-1,311,1,311-1,1,P
311-1-2,311,1,311-1,2,P
311-1-3,311,1,311-1,3,P
311-1-4,311,1,311-1,4,P
311-4-1,311,4,311-4,1,P
311-4-2,311,4,311-4,2,P
311-4-3,311,4,311-4,3,P
311-4-4,311,4,311-4,4,P
317-1-1,317,1,317-1,1,K
317-1-2,317,1,317-1,2,K
317-1-3,317,1,317-1,3,K
317-1-4,317,1,317-1,4,K
317-1-5,317,1,317-1,5,K
317-1-6,317,1,317-1,6,K
317-1-7,317,1,317-1,7,K
317-1-8,317,1,317-1,8,K
317-2-1,317,2,317-2,1,K
317-2-2,317,2,317-2,2,K
317-2-3,317,2,317-2,3,K
317-2-4,317,2,317-2,4,K
317-2-5,317,2,317-2,5,K
317-2-6,317,2,317-2,6,K
317-2-7,317,2,317-2,7,K
317-2-8,317,2,317-2,8,K
317-3-1,317,3,317-3,1,K
317-3-2,317,3,317-3,2,K
317-3-3,317,3,317-3,3,K
317-3-4,317,3,317-3,4,K
317-3-5,317,3,317-3,5,K
317-3-6,317,3,317-3,6,K
317-3-7,317,3,317-3,7,K
317-3-8,317,3,317-3,8,K
318-1-1,318,1,318-1,1,K
318-1-2,318,1,318-1,2,K
318-1-3,318,1,318-1,3,K
318-1-4,318,1,318-1,4,K
318-1-5,318,1,318-1,5,K
318-1-6,318,1,318-1,6,K
318-1-7,318,1,318-1,7,K
318-1-8,318,1,318-1,8,K
318-2-1,318,2,318-2,1,K
318-2-2,318,2,318-2,2,K
318-2-3,318,2,318-2,3,K
318-2-4,318,2,318-2,4,K
318-2-5,318,2,318-2,5,K
318-2-6,318,2,318-2,6,K
318-2-7,318,2,318-2,7,K
318-2-8,318,2,318-2,8,K
318-3-1,318,3,318-3,1,K
318-3-2,318,3,318-3,2,K
318-3-3,318,3,318-3,3,K
318-3-4,318,3,318-3,4,K
318-3-5,318,3,318-3,5,K
318-3-6,318,3,318-3,6,K
318-3-7,318,3,318-3,7,K
318-3-8,318,3,318-3,8,K
319-1-1,319,1,319-1,1,K
319-1-2,319,1,319-1,2,K
319-1-3,319,1,319-1,3,K
319-1-4,319,1,319-1,4,K
319-1-5,319,1,319-1,5,K
319-1-6,319,1,319-1,6,K
319-2-1,319,2,319-2,1,K
319-2-2,319,2,319-2,2,K
319-2-3,319,2,319-2,3,K
319-2-4,319,2,319-2,4,K
319-2-5,319,2,319-2,5,K
319-2-6,319,2,319-2,6,K
319-3-1,319,3,319-3,1,K
319-3-2,319,3,319-3,2,K
319-3-3,319,3,319-3,3,K
319-3-4,319,3,319-3,4,K
319-3-5,319,3,319-3,5,K
319-3-6,319,3,319-3,6,K
320-2-1,320,2,320-2,1,K
320-2-2,320,2,320-2,2,K
320-2-3,320,2,320-2,3,K
320-2-4,320,2,320-2,4,K
320-2-5,320,2,320-2,5,K
320-2-6,320,2,320-2,6,K
321-1-1,321,1,321-1,1,K
321-1-2,321,1,321-1,2,K
321-1-3,321,1,321-1,3,K
321-1-4,321,1,321-1,4,K
321-1-5,321,1,321-1,5,K
321-1-6,321,1,321-1,6,K
321-1-7,321,1,321-1,7,K
321-1-8,321,1,321-1,8,K
321-2-1,321,2,321-2,1,K
321-2-2,321,2,321-2,2,K
321-2-3,321,2,321-2,3,K
321-2-4,321,2,321-2,4,K
321-2-5,321,2,321-2,5,K
321-2-6,321,2,321-2,6,K
321-2-7,321,2,321-2,7,K
321-2-8,321,2,321-2,8,K
321-3-1,321,3,321-3,1,K
321-3-2,321,3,321-3,2,K
321-3-3,321,3,321-3,3,K
321-3-4,321,3,321-3,4,K
321-3-5,321,3,321-3,5,K
321-3-6,321,3,321-3,6,K
321-3-7,321,3,321-3,7,K
321-3-8,321,3,321-3,8,K
322-1-1,322,1,322-1,1,K
322-1-2,322,1,322-1,2,K
322-1-3,322,1,322-1,3,K
322-1-4,322,1,322-1,4,K
322-1-5,322,1,322-1,5,K
322-1-6,322,1,322-1,6,K
322-1-7,322,1,322-1,7,K
322-1-8,322,1,322-1,8,K
322-3-1,322,3,322-3,1,K
322-3-2,322,3,322-3,2,K
322-3-3,322,3,322-3,3,K
322-3-4,322,3,322-3,4,K
322-3-5,322,3,322-3,5,K
322-3-6,322,3,322-3,6,K
322-3-7,322,3,322-3,7,K
322-3-8,322,3,322-3,8,K
323-1-1,323,1,323-1,1,K
323-1-2,323,1,323-1,2,K
323-1-3,323,1,323-1,3,K
323-1-4,323,1,323-1,4,K
323-1-5,323,1,323-1,5,K
323-1-6,323,1,323-1,6,K
323-1-7,323,1,323-1,7,K
323-1-8,323,1,323-1,8,K
323-2-1,323,2,323-2,1,K
323-2-2,323,2,323-2,2,K
323-2-3,323,2,323-2,3,K
323-2-4,323,2,323-2,4,K
323-2-5,323,2,323-2,5,K
323-2-6,323,2,323-2,6,K
323-2-7,323,2,323-2,7,K
323-2-8,323,2,323-2,8,K
323-3-1,323,3,323-3,1,K
323-3-2,323,3,323-3,2,K
323-3-3,323,3,323-3,3,K
323-3-4,323,3,323-3,4,K
323-3-5,323,3,323-3,5,K
323-3-6,323,3,323-3,6,K
323-3-7,323,3,323-3,7,K
323-3-8,323,3,323-3,8,K
324-1-1,324,1,324-1,1,K
324-1-2,324,1,324-1,2,K
324-1-3,324,1,324-1,3,K
324-1-4,324,1,324-1,4,K
324-1-5,324,1,324-1,5,K
324-1-6,324,1,324-1,6,K
324-1-7,324,1,324-1,7,K
324-1-8,324,1,324-1,8,K
324-2-1,324,2,324-2,1,K
324-2-2,324,2,324-2,2,K
324-2-3,324,2,324-2,3,K
324-2-4,324,2,324-2,4,K
324-2-5,324,2,324-2,5,K
324-2-6,324,2,324-2,6,K
324-2-7,324,2,324-2,7,K
324-2-8,324,2,324-2,8,K
324-3-1,324,3,324-3,1,K
324-3-2,324,3,324-3,2,K
324-3-3,324,3,324-3,3,K
324-3-4,324,3,324-3,4,K
324-3-5,324,3,324-3,5,K
324-3-6,324,3,324-3,6,K
324-3-7,324,3,324-3,7,K
324-3-8,324,3,324-3,8,K
326-1-1,326,1,326-1,1,K
326-1-2,326,1,326-1,2,K
326-1-3,326,1,326-1,3,K
326-1-4,326,1,326-1,4,K
326-1-5,326,1,326-1,5,K
326-1-6,326,1,326-1,6,K
326-3-1,326,3,326-3,1,K
326-3-2,326,3,326-3,2,K
326-3-3,326,3,326-3,3,K
326-3-4,326,3,326-3,4,K
326-3-5,326,3,326-3,5,K
326-3-6,326,3,326-3,6,K
327-1-1,327,1,327-1,1,K
327-1-2,327,1,327-1,2,K
327-1-3,327,1,327-1,3,K
327-1-4,327,1,327-1,4,K
327-1-5,327,1,327-1,5,K
327-1-6,327,1,327-1,6,K
327-1-7,327,1,327-1,7,K
327-1-8,327,1,327-1,8,K
328-1-1,328,1,328-1,1,K
328-1-2,328,1,328-1,2,K
328-1-3,328,1,328-1,3,K
328-1-4,328,1,328-1,4,K
328-1-5,328,1,328-1,5,K
328-1-6,328,1,328-1,6,K
328-1-7,328,1,328-1,7,K
328-1-8,328,1,328-1,8,K
328-2-1,328,2,328-2,1,K
328-2-2,328,2,328-2,2,K
328-2-3,328,2,328-2,3,K
328-2-4,328,2,328-2,4,K
328-2-5,328,2,328-2,5,K
328-2-6,328,2,328-2,6,K
328-2-7,328,2,328-2,7,K
328-2-8,328,2,328-2,8,K
328-3-1,328,3,328-3,1,K
328-3-2,328,3,328-3,2,K
328-3-3,328,3,328-3,3,K
328-3-4,328,3,328-3,4,K
328-3-5,328,3,328-3,5,K
328-3-6,328,3,328-3,6,K
328-3-7,328,3,328-3,7,K
328-3-8,328,3,328-3,8,K
330-1-1,330,1,330-1,1,K
330-1-2,330,1,330-1,2,K
330-1-3,330,1,330-1,3,K
330-1-4,330,1,330-1,4,K
330-1-5,330,1,330-1,5,K
330-1-6,330,1,330-1,6,K
330-1-7,330,1,330-1,7,K
330-1-8,330,1,330-1,8,K
330-3-1,330,3,330-3,1,K
330-3-2,330,3,330-3,2,K
330-3-3,330,3,330-3,3,K
330-3-4,330,3,330-3,4,K
330-3-5,330,3,330-3,5,K
330-3-6,330,3,330-3,6,K
330-3-7,330,3,330-3,7,K
330-3-8,330,3,330-3,8,K
332-1-1,332,1,332-1,1,K
332-1-2,332,1,332-1,2,K
332-1-3,332,1,332-1,3,K
332-1-4,332,1,332-1,4,K
332-1-6,332,1,332-1,6,K
332-2-1,332,2,332-2,1,K
332-2-2,332,2,332-2,2,K
332-2-3,332,2,332-2,3,K
332-2-4,332,2,332-2,4,K
332-2-5,332,2,332-2,5,K
332-2-6,332,2,332-2,6,K
333-1-1,333,1,333-1,1,K
333-1-2,333,1,333-1,2,K
333-1-3,333,1,333-1,3,K
333-1-4,333,1,333-1,4,K
333-1-5,333,1,333-1,5,K
334-1-1,334,1,334-1,1,
334-1-2,334,1,334-1,2,
334-1-3,334,1,334-1,3,
334-1-4,334,1,334-1,4,
334-1-5,334,1,334-1,5,
334-1-6,334,1,334-1,6,
334-2-1,334,2,334-2,1,
334-2-2,334,2,334-2,2,
334-2-3,334,2,334-2,3,
334-2-4,334,2,334-2,4,
334-2-5,334,2,334-2,5,
334-2-6,334,2,334-2,6,
339-1-1,339,1,339-1,1,N
339-1-2,339,1,339-1,2,N
339-1-3,339,1,339-1,3,N
339-1-4,339,1,339-1,4,N
339-1-5,339,1,339-1,5,N
339-1-6,339,1,339-1,6,N
339-2-1,339,2,339-2,1,N
339-2-2,339,2,339-2,2,N
339-2-3,339,2,339-2,3,N
339-2-4,339,2,339-2,4,N
339-2-5,339,2,339-2,5,N
339-2-6,339,2,339-2,6,N
340-1-1,340,1,340-1,1,N
340-1-2,340,1,340-1,2,N
340-1-3,340,1,340-1,3,N
340-1-4,340,1,340-1,4,N
340-1-5,340,1,340-1,5,N
340-1-6,340,1,340-1,6,N
340-2-1,340,2,340-2,1,N
340-2-2,340,2,340-2,2,N
340-2-3,340,2,340-2,3,N
340-2-4,340,2,340-2,4,N
340-2-5,340,2,340-2,5,N
340-2-6,340,2,340-2,6,N
341-2-1,341,2,341-2,1,N
341-2-2,341,2,341-2,2,N
341-2-3,341,2,341-2,3,N
341-2-4,341,2,341-2,4,N
341-2-5,341,2,341-2,5,N
341-2-6,341,2,341-2,6,N
342-1-1,342,1,342-1,1,N
342-1-2,342,1,342-1,2,N
342-1-3,342,1,342-1,3,N
342-1-4,342,1,342-1,4,N
342-1-5,342,1,342-1,5,N
342-1-6,342,1,342-1,6,N
342-2-1,342,2,342-2,1,N
342-2-2,342,2,342-2,2,N
342-2-3,342,2,342-2,3,N
342-2-4,342,2,342-2,4,N
342-2-5,342,2,342-2,5,N
342-2-6,342,2,342-2,6,N
342-3-1,342,3,342-3,1,N
342-3-2,342,3,342-3,2,N
342-3-3,342,3,342-3,3,N
342-3-4,342,3,342-3,4,N
342-3-5,342,3,342-3,5,N
342-3-6,342,3,342-3,6,N
343-1-1,343,1,343-1,1,N
343-1-2,343,1,343-1,2,N
343-1-3,343,1,343-1,3,N
343-1-4,343,1,343-1,4,N
343-2-1,343,2,343-2,1,N
343-2-2,343,2,343-2,2,N
343-2-3,343,2,343-2,3,N
343-2-4,343,2,343-2,4,N
344-2-1,344,2,344-2,1,K
344-2-2,344,2,344-2,2,K
344-2-3,344,2,344-2,3,K
344-2-4,344,2,344-2,4,K
344-2-5,344,2,344-2,5,K
344-2-6,344,2,344-2,6,K
344-2-7,344,2,344-2,7,K
344-2-8,344,2,344-2,8,K
344-3-1,344,3,344-3,1,K
344-3-2,344,3,344-3,2,K
344-3-3,344,3,344-3,3,K
344-3-4,344,3,344-3,4,K
344-3-5,344,3,344-3,5,K
344-3-6,344,3,344-3,6,K
344-3-7,344,3,344-3,7,K
344-3-8,344,3,344-3,8,K
345-1-1,345,1,345-1,1,K
345-1-2,345,1,345-1,2,K
345-1-3,345,1,345-1,3,K
345-1-4,345,1,345-1,4,K
345-1-5,345,1,345-1,5,K
345-1-6,345,1,345-1,6,K
345-1-7,345,1,345-1,7,K
345-1-8,345,1,345-1,8,K
345-2-1,345,2,345-2,1,K
345-2-2,345,2,345-2,2,K
345-2-3,345,2,345-2,3,K
345-2-4,345,2,345-2,4,K
345-2-5,345,2,345-2,5,K
345-2-6,345,2,345-2,6,K
345-2-7,345,2,345-2,7,K
345-2-8,345,2,345-2,8,K
345-3-1,345,3,345-3,1,K
345-3-2,345,3,345-3,2,K
345-3-3,345,3,345-3,3,K
345-3-4,345,3,345-3,4,K
345-3-5,345,3,345-3,5,K
345-3-6,345,3,345-3,6,K
345-3-7,345,3,345-3,7,K
345-3-8,345,3,345-3,8,K
350-1-1,350,1,350-1,1,K
350-1-2,350,1,350-1,2,K
350-1-3,350,1,350-1,3,K
350-1-4,350,1,350-1,4,K
350-1-5,350,1,350-1,5,K
350-1-6,350,1,350-1,6,K
350-1-7,350,1,350-1,7,K
350-1-8,350,1,350-1,8,K
350-2-1,350,2,350-2,1,K
350-2-2,350,2,350-2,2,K
350-2-3,350,2,350-2,3,K
350-2-4,350,2,350-2,4,K
350-2-5,350,2,350-2,5,K
350-2-6,350,2,350-2,6,K
350-2-7,350,2,350-2,7,K
350-2-8,350,2,350-2,8,K
350-3-1,350,3,350-3,1,K
350-3-2,350,3,350-3,2,K
350-3-3,350,3,350-3,3,K
350-3-4,350,3,350-3,4,K
350-3-5,350,3,350-3,5,K
350-3-6,350,3,350-3,6,K
350-3-7,350,3,350-3,7,K
350-3-8,350,3,350-3,8,K
351-1-1,351,1,351-1,1,K
351-1-2,351,1,351-1,2,K
351-1-3,351,1,351-1,3,K
351-1-4,351,1,351-1,4,K
351-1-5,351,1,351-1,5,K
351-1-6,351,1,351-1,6,K
351-1-7,351,1,351-1,7,K
351-1-8,351,1,351-1,8,K
351-2-1,351,2,351-2,1,K
351-2-2,351,2,351-2,2,K
351-2-3,351,2,351-2,3,K
351-2-4,351,2,351-2,4,K
351-2-5,351,2,351-2,5,K
351-2-6,351,2,351-2,6,K
351-2-7,351,2,351-2,7,K
351-2-8,351,2,351-2,8,K
352-1-1,352,1,352-1,1,K
352-1-2,352,1,352-1,2,K
352-1-3,352,1,352-1,3,K
352-1-4,352,1,352-1,4,K
352-1-5,352,1,352-1,5,K
352-1-6,352,1,352-1,6,K
352-1-7,352,1,352-1,7,K
352-1-8,352,1,352-1,8,K
352-2-1,352,2,352-2,1,K
352-2-2,352,2,352-2,2,K
352-2-3,352,2,352-2,3,K
352-2-4,352,2,352-2,4,K
352-2-5,352,2,352-2,5,K
352-2-6,352,2,352-2,6,K
352-2-7,352,2,352-2,7,K
352-2-8,352,2,352-2,8,K
352-3-1,352,3,352-3,1,K
352-3-2,352,3,352-3,2,K
352-3-3,352,3,352-3,3,K
352-3-4,352,3,352-3,4,K
352-3-5,352,3,352-3,5,K
352-3-6,352,3,352-3,6,K
352-3-7,352,3,352-3,7,K
352-3-8,352,3,352-3,8,K
353-1-1,353,1,353-1,1,N
353-1-2,353,1,353-1,2,N
353-1-3,353,1,353-1,3,N
353-1-4,353,1,353-1,4,N
353-1-5,353,1,353-1,5,N
353-2-1,353,2,353-2,1,N
353-2-2,353,2,353-2,2,N
353-2-3,353,2,353-2,3,N
353-2-4,353,2,353-2,4,N
353-2-5,353,2,353-2,5,N
353-3-1,353,3,353-3,1,N
353-3-2,353,3,353-3,2,N
353-3-3,353,3,353-3,3,N
353-3-4,353,3,353-3,4,N
353-3-5,353,3,353-3,5,N
353-4-1,353,4,353-4,1,N
353-4-2,353,4,353-4,2,N
353-4-3,353,4,353-4,3,N
353-4-4,353,4,353-4,4,N
353-4-5,353,4,353-4,5,N
354-1-1,354,1,354-1,1,K
354-1-2,354,1,354-1,2,K
354-1-3,354,1,354-1,3,K
354-1-4,354,1,354-1,4,K
354-1-5,354,1,354-1,5,K
354-1-6,354,1,354-1,6,K
354-1-7,354,1,354-1,7,K
354-1-8,354,1,354-1,8,K
354-2-1,354,2,354-2,1,K
354-2-2,354,2,354-2,2,K
354-2-3,354,2,354-2,3,K
354-2-4,354,2,354-2,4,K
354-2-5,354,2,354-2,5,K
354-2-6,354,2,354-2,6,K
354-2-7,354,2,354-2,7,K
354-2-8,354,2,354-2,8,K
354-3-1,354,3,354-3,1,K
354-3-2,354,3,354-3,2,K
354-3-3,354,3,354-3,3,K
354-3-4,354,3,354-3,4,K
354-3-5,354,3,354-3,5,K
354-3-6,354,3,354-3,6,K
354-3-7,354,3,354-3,7,K
354-3-8,354,3,354-3,8,K
355-1-1,355,1,355-1,1,K
355-1-2,355,1,355-1,2,K
355-1-3,355,1,355-1,3,K
355-1-4,355,1,355-1,4,K
355-1-5,355,1,355-1,5,K
355-1-6,355,1,355-1,6,K
355-1-7,355,1,355-1,7,K
355-1-8,355,1,355-1,8,K
355-3-1,355,3,355-3,1,K
355-3-2,355,3,355-3,2,K
355-3-3,355,3,355-3,3,K
355-3-4,355,3,355-3,4,K
355-3-5,355,3,355-3,5,K
355-3-6,355,3,355-3,6,K
355-3-7,355,3,355-3,7,K
355-3-8,355,3,355-3,8,K
356-1-1,356,1,356-1,1,N
356-1-2,356,1,356-1,2,N
356-1-3,356,1,356-1,3,N
356-1-4,356,1,356-1,4,N
356-1-5,356,1,356-1,5,N
356-1-6,356,1,356-1,6,N
356-2-1,356,2,356-2,1,N
356-2-2,356,2,356-2,2,N
356-2-3,356,2,356-2,3,N
356-2-4,356,2,356-2,4,N
356-2-5,356,2,356-2,5,N
356-2-6,356,2,356-2,6,N
357-1-1,357,1,357-1,1,N
357-1-2,357,1,357-1,2,N
357-1-3,357,1,357-1,3,N
357-1-4,357,1,357-1,4,N
357-1-5,357,1,357-1,5,N
357-1-6,357,1,357-1,6,N
357-2-1,357,2,357-2,1,N
357-2-2,357,2,357-2,2,N
357-2-3,357,2,357-2,3,N
357-2-4,357,2,357-2,4,N
357-2-5,357,2,357-2,5,N
357-2-6,357,2,357-2,6,N
357-3-1,357,3,357-3,1,N
357-3-2,357,3,357-3,2,N
357-3-3,357,3,357-3,3,N
357-3-4,357,3,357-3,4,N
357-3-5,357,3,357-3,5,N
357-3-6,357,3,357-3,6,N
358-1-1,358,1,358-1,1,N
358-1-2,358,1,358-1,2,N
358-1-3,358,1,358-1,3,N
358-1-4,358,1,358-1,4,N
358-1-5,358,1,358-1,5,N
358-1-6,358,1,358-1,6,N
358-2-1,358,2,358-2,1,N
358-2-2,358,2,358-2,2,N
358-2-3,358,2,358-2,3,N
358-2-4,358,2,358-2,4,N
358-2-5,358,2,358-2,5,N
358-2-6,358,2,358-2,6,N
358-3-1,358,3,358-3,1,N
358-3-2,358,3,358-3,2,N
358-3-3,358,3,358-3,3,N
358-3-4,358,3,358-3,4,N
358-3-5,358,3,358-3,5,N
358-3-6,358,3,358-3,6,N
358-4-1,358,4,358-4,1,N
358-4-2,358,4,358-4,2,N
358-4-3,358,4,358-4,3,N
358-4-4,358,4,358-4,4,N
358-4-5,358,4,358-4,5,N
358-4-6,358,4,358-4,6,N
359-1-1,359,1,359-1,1,N
359-1-2,359,1,359-1,2,N
359-1-3,359,1,359-1,3,N
359-1-4,359,1,359-1,4,N
359-1-5,359,1,359-1,5,N
359-2-1,359,2,359-2,1,N
359-2-2,359,2,359-2,2,N
359-2-3,359,2,359-2,3,N
359-2-4,359,2,359-2,4,N
359-2-5,359,2,359-2,5,N
359-4-1,359,4,359-4,1,N
359-4-2,359,4,359-4,2,N
359-4-3,359,4,359-4,3,N
359-4-4,359,4,359-4,4,N
359-4-5,359,4,359-4,5,N
360-1-1,360,1,360-1,1,N
360-1-2,360,1,360-1,2,N
360-1-3,360,1,360-1,3,N
360-1-4,360,1,360-1,4,N
360-1-5,360,1,360-1,5,N
361-1-1,361,1,361-1,1,N
361-1-2,361,1,361-1,2,N
361-1-3,361,1,361-1,3,N
361-1-4,361,1,361-1,4,N
361-1-5,361,1,361-1,5,N
362-2-1,362,2,362-2,1,N
362-2-2,362,2,362-2,2,N
362-2-3,362,2,362-2,3,N
362-2-4,362,2,362-2,4,N
362-2-5,362,2,362-2,5,N
362-3-1,362,3,362-3,1,N
362-3-2,362,3,362-3,2,N
362-3-3,362,3,362-3,3,N
362-3-4,362,3,362-3,4,N
362-3-5,362,3,362-3,5,N
363-3-1,363,3,363-3,1,N
363-3-2,363,3,363-3,2,N
363-3-3,363,3,363-3,3,N
363-3-4,363,3,363-3,4,N
363-3-5,363,3,363-3,5,N
364-4-1,364,4,364-4,1,N
364-4-2,364,4,364-4,2,N
364-4-3,364,4,364-4,3,N
364-4-4,364,4,364-4,4,N
364-4-5,364,4,364-4,5,N
366-1-1,366,1,366-1,1,N
366-1-2,366,1,366-1,2,N
366-1-3,366,1,366-1,3,N
366-1-4,366,1,366-1,4,N
366-1-5,366,1,366-1,5,N
366-2-1,366,2,366-2,1,N
366-2-2,366,2,366-2,2,N
366-2-3,366,2,366-2,3,N
366-2-4,366,2,366-2,4,N
366-2-5,366,2,366-2,5,N
366-4-1,366,4,366-4,1,N
366-4-2,366,4,366-4,2,N
366-4-3,366,4,366-4,3,N
366-4-4,366,4,366-4,4,N
366-4-5,366,4,366-4,5,N
367-3-1,367,3,367-3,1,N
367-3-2,367,3,367-3,2,N
367-3-3,367,3,367-3,3,N
367-3-4,367,3,367-3,4,N
367-3-5,367,3,367-3,5,N
367-4-1,367,4,367-4,1,N
367-4-2,367,4,367-4,2,N
367-4-3,367,4,367-4,3,N
367-4-4,367,4,367-4,4,N
367-4-5,367,4,367-4,5,N
368-1-1,368,1,368-1,1,N
368-1-2,368,1,368-1,2,N
368-1-3,368,1,368-1,3,N
368-1-4,368,1,368-1,4,N
368-1-5,368,1,368-1,5,N
368-2-1,368,2,368-2,1,N
368-2-2,368,2,368-2,2,N
368-2-3,368,2,368-2,3,N
368-2-4,368,2,368-2,4,N
368-2-5,368,2,368-2,5,N
368-4-1,368,4,368-4,1,N
368-4-2,368,4,368-4,2,N
368-4-3,368,4,368-4,3,N
368-4-4,368,4,368-4,4,N
368-4-5,368,4,368-4,5,N
369-1-1,369,1,369-1,1,N
369-1-2,369,1,369-1,2,N
369-1-3,369,1,369-1,3,N
369-1-4,369,1,369-1,4,N
369-1-5,369,1,369-1,5,N
369-3-1,369,3,369-3,1,N
369-3-2,369,3,369-3,2,N
369-3-3,369,3,369-3,3,N
369-3-4,369,3,369-3,4,N
369-3-5,369,3,369-3,5,N
369-4-1,369,4,369-4,1,N
369-4-2,369,4,369-4,2,N
369-4-3,369,4,369-4,3,N
369-4-4,369,4,369-4,4,N
369-4-5,369,4,369-4,5,N
370-1-1,370,1,370-1,1,N
370-1-2,370,1,370-1,2,N
370-1-3,370,1,370-1,3,N
370-1-4,370,1,370-1,4,N
370-1-5,370,1,370-1,5,N
370-2-1,370,2,370-2,1,N
370-2-2,370,2,370-2,2,N
370-2-3,370,2,370-2,3,N
370-2-4,370,2,370-2,4,N
370-2-5,370,2,370-2,5,N
371-3-1,371,3,371-3,1,N
371-3-2,371,3,371-3,2,N
371-3-3,371,3,371-3,3,N
371-3-4,371,3,371-3,4,N
371-3-5,371,3,371-3,5,N
371-4-1,371,4,371-4,1,N
371-4-2,371,4,371-4,2,N
371-4-3,371,4,371-4,3,N
371-4-4,371,4,371-4,4,N
371-4-5,371,4,371-4,5,N
372-3-1,372,3,372-3,1,N
372-3-2,372,3,372-3,2,N
372-3-3,372,3,372-3,3,N
372-3-4,372,3,372-3,4,N
372-3-5,372,3,372-3,5,N
372-4-1,372,4,372-4,1,N
372-4-2,372,4,372-4,2,N
372-4-3,372,4,372-4,3,N
372-4-4,372,4,372-4,4,N
372-4-5,372,4,372-4,5,N
374-1-1,374,1,374-1,1,N
374-1-2,374,1,374-1,2,N
374-1-3,374,1,374-1,3,N
374-1-4,374,1,374-1,4,N
374-1-5,374,1,374-1,5,N
374-2-1,374,2,374-2,1,N
374-2-2,374,2,374-2,2,N
374-2-3,374,2,374-2,3,N
374-2-4,374,2,374-2,4,N
374-2-5,374,2,374-2,5,N
374-3-1,374,3,374-3,1,N
374-3-2,374,3,374-3,2,N
374-3-3,374,3,374-3,3,N
374-3-4,374,3,374-3,4,N
374-3-5,374,3,374-3,5,N
376-1-1,376,1,376-1,1,N
376-1-2,376,1,376-1,2,N
376-1-3,376,1,376-1,3,N
376-1-4,376,1,376-1,4,N
376-1-5,376,1,376-1,5,N
376-2-1,376,2,376-2,1,N
376-2-2,376,2,376-2,2,N
376-2-3,376,2,376-2,3,N
376-2-4,376,2,376-2,4,N
376-2-5,376,2,376-2,5,N
376-4-1,376,4,376-4,1,N
376-4-2,376,4,376-4,2,N
376-4-3,376,4,376-4,3,N
376-4-4,376,4,376-4,4,N
376-4-5,376,4,376-4,5,N
378-1-1,378,1,378-1,1,N
378-1-2,378,1,378-1,2,N
378-1-3,378,1,378-1,3,N
378-1-4,378,1,378-1,4,N
378-1-5,378,1,378-1,5,N
378-2-1,378,2,378-2,1,N
378-2-2,378,2,378-2,2,N
378-2-3,378,2,378-2,3,N
378-2-4,378,2,378-2,4,N
378-2-5,378,2,378-2,5,N
378-3-1,378,3,378-3,1,N
378-3-2,378,3,378-3,2,N
378-3-3,378,3,378-3,3,N
378-3-4,378,3,378-3,4,N
378-3-5,378,3,378-3,5,N
379-1-1,379,1,379-1,1,N
379-1-2,379,1,379-1,2,N
379-1-3,379,1,379-1,3,N
379-1-4,379,1,379-1,4,N
379-1-5,379,1,379-1,5,N
379-2-1,379,2,379-2,1,N
379-2-2,379,2,379-2,2,N
379-2-3,379,2,379-2,3,N
379-2-4,379,2,379-2,4,N
379-2-5,379,2,379-2,5,N
379-3-1,379,3,379-3,1,N
379-3-2,379,3,379-3,2,N
379-3-3,379,3,379-3,3,N
379-3-4,379,3,379-3,4,N
379-3-5,379,3,379-3,5,N
379-4-1,379,4,379-4,1,N
379-4-2,379,4,379-4,2,N
379-4-3,379,4,379-4,3,N
379-4-4,379,4,379-4,4,N
379-4-5,379,4,379-4,5,N
380-2-1,380,2,380-2,1,N
380-2-2,380,2,380-2,2,N
380-2-3,380,2,380-2,3,N
380-2-4,380,2,380-2,4,N
380-2-5,380,2,380-2,5,N
380-3-1,380,3,380-3,1,N
380-3-2,380,3,380-3,2,N
380-3-3,380,3,380-3,3,N
380-3-4,380,3,380-3,4,N
380-3-5,380,3,380-3,5,N
380-4-1,380,4,380-4,1,N
380-4-2,380,4,380-4,2,N
380-4-3,380,4,380-4,3,N
380-4-4,380,4,380-4,4,N
380-4-5,380,4,380-4,5,N
383-2-1,383,2,383-2,1,N
383-2-1,383,2,383-2,1,N
383-2-2,383,2,383-2,2,N
383-2-2,383,2,383-2,2,N
383-2-3,383,2,383-2,3,N
383-2-3,383,2,383-2,3,N
383-2-4,383,2,383-2,4,N
383-2-4,383,2,383-2,4,N
383-2-5,383,2,383-2,5,N
383-2-5,383,2,383-2,5,N
383-4-1,383,4,383-4,1,N
383-4-1,383,4,383-4,1,N
383-4-2,383,4,383-4,2,N
383-4-2,383,4,383-4,2,N
383-4-3,383,4,383-4,3,N
383-4-3,383,4,383-4,3,N
383-4-4,383,4,383-4,4,N
383-4-4,383,4,383-4,4,N
383-4-5,383,4,383-4,5,N
383-4-5,383,4,383-4,5,N
384-1-1,384,1,384-1,1,N
384-1-1,384,1,384-1,1,N
384-1-2,384,1,384-1,2,N
384-1-2,384,1,384-1,2,N
384-1-3,384,1,384-1,3,N
384-1-3,384,1,384-1,3,N
384-1-4,384,1,384-1,4,N
384-1-4,384,1,384-1,4,N
384-1-5,384,1,384-1,5,N
384-1-5,384,1,384-1,5,N
384-4-1,384,4,384-4,1,N
384-4-1,384,4,384-4,1,N
384-4-2,384,4,384-4,2,N
384-4-2,384,4,384-4,2,N
384-4-3,384,4,384-4,3,N
384-4-3,384,4,384-4,3,N
384-4-4,384,4,384-4,4,N
384-4-4,384,4,384-4,4,N
384-4-5,384,4,384-4,5,N
384-4-5,384,4,384-4,5,N
385-1-1,385,1,385-1,1,N
385-1-1,385,1,385-1,1,N
385-1-2,385,1,385-1,2,N
385-1-2,385,1,385-1,2,N
385-1-3,385,1,385-1,3,N
385-1-3,385,1,385-1,3,N
385-1-4,385,1,385-1,4,N
385-1-4,385,1,385-1,4,N
385-1-5,385,1,385-1,5,N
385-1-5,385,1,385-1,5,N
385-2-1,385,2,385-2,1,N
385-2-1,385,2,385-2,1,N
385-2-2,385,2,385-2,2,N
385-2-2,385,2,385-2,2,N
385-2-3,385,2,385-2,3,N
385-2-3,385,2,385-2,3,N
385-2-4,385,2,385-2,4,N
385-2-4,385,2,385-2,4,N
385-2-5,385,2,385-2,5,N
385-2-5,385,2,385-2,5,N
385-3-1,385,3,385-3,1,N
385-3-1,385,3,385-3,1,N
385-3-2,385,3,385-3,2,N
385-3-2,385,3,385-3,2,N
385-3-3,385,3,385-3,3,N
385-3-3,385,3,385-3,3,N
385-3-4,385,3,385-3,4,N
385-3-4,385,3,385-3,4,N
385-3-5,385,3,385-3,5,N
385-3-5,385,3,385-3,5,N
385-4-1,385,4,385-4,1,N
385-4-1,385,4,385-4,1,N
385-4-2,385,4,385-4,2,N
385-4-2,385,4,385-4,2,N
385-4-3,385,4,385-4,3,N
385-4-3,385,4,385-4,3,N
385-4-4,385,4,385-4,4,N
385-4-4,385,4,385-4,4,N
385-4-5,385,4,385-4,5,N
385-4-5,385,4,385-4,5,N
386-1-1,386,1,386-1,1,N
386-1-1,386,1,386-1,1,N
386-1-2,386,1,386-1,2,N
386-1-2,386,1,386-1,2,N
386-1-3,386,1,386-1,3,N
386-1-3,386,1,386-1,3,N
386-1-4,386,1,386-1,4,N
386-1-4,386,1,386-1,4,N
386-1-5,386,1,386-1,5,N
386-1-5,386,1,386-1,5,N
386-2-1,386,2,386-2,1,N
386-2-1,386,2,386-2,1,N
386-2-2,386,2,386-2,2,N
386-2-2,386,2,386-2,2,N
386-2-3,386,2,386-2,3,N
386-2-3,386,2,386-2,3,N
386-2-4,386,2,386-2,4,N
386-2-4,386,2,386-2,4,N
386-2-5,386,2,386-2,5,N
386-2-5,386,2,386-2,5,N
386-3-1,386,3,386-3,1,N
386-3-1,386,3,386-3,1,N
386-3-2,386,3,386-3,2,N
386-3-2,386,3,386-3,2,N
386-3-3,386,3,386-3,3,N
386-3-3,386,3,386-3,3,N
386-3-4,386,3,386-3,4,N
386-3-4,386,3,386-3,4,N
386-3-5,386,3,386-3,5,N
386-3-5,386,3,386-3,5,N
386-4-1,386,4,386-4,1,N
386-4-1,386,4,386-4,1,N
386-4-2,386,4,386-4,2,N
386-4-2,386,4,386-4,2,N
386-4-3,386,4,386-4,3,N
386-4-3,386,4,386-4,3,N
386-4-4,386,4,386-4,4,N
386-4-4,386,4,386-4,4,N
386-4-5,386,4,386-4,5,N
386-4-5,386,4,386-4,5,N
387-1-1,387,1,387-1,1,N
387-1-1,387,1,387-1,1,N
387-1-2,387,1,387-1,2,N
387-1-2,387,1,387-1,2,N
387-1-3,387,1,387-1,3,N
387-1-3,387,1,387-1,3,N
387-1-4,387,1,387-1,4,N
387-1-4,387,1,387-1,4,N
387-1-5,387,1,387-1,5,N
387-1-5,387,1,387-1,5,N
387-2-1,387,2,387-2,1,N
387-2-1,387,2,387-2,1,N
387-2-2,387,2,387-2,2,N
387-2-2,387,2,387-2,2,N
387-2-3,387,2,387-2,3,N
387-2-3,387,2,387-2,3,N
387-2-4,387,2,387-2,4,N
387-2-4,387,2,387-2,4,N
387-2-5,387,2,387-2,5,N
387-2-5,387,2,387-2,5,N
387-4-1,387,4,387-4,1,N
387-4-1,387,4,387-4,1,N
387-4-2,387,4,387-4,2,N
387-4-2,387,4,387-4,2,N
387-4-3,387,4,387-4,3,N
387-4-3,387,4,387-4,3,N
387-4-4,387,4,387-4,4,N
387-4-4,387,4,387-4,4,N
387-4-5,387,4,387-4,5,N
387-4-5,387,4,387-4,5,N
389-1-1,389,1,389-1,1,N
389-1-1,389,1,389-1,1,N
389-1-2,389,1,389-1,2,N
389-1-2,389,1,389-1,2,N
389-1-3,389,1,389-1,3,N
389-1-3,389,1,389-1,3,N
389-1-4,389,1,389-1,4,N
389-1-4,389,1,389-1,4,N
389-1-5,389,1,389-1,5,N
389-1-5,389,1,389-1,5,N
389-3-1,389,3,389-3,1,N
389-3-1,389,3,389-3,1,N
389-3-2,389,3,389-3,2,N
389-3-2,389,3,389-3,2,N
389-3-3,389,3,389-3,3,N
389-3-3,389,3,389-3,3,N
389-3-4,389,3,389-3,4,N
389-3-4,389,3,389-3,4,N
389-3-5,389,3,389-3,5,N
389-3-5,389,3,389-3,5,N
389-4-1,389,4,389-4,1,N
389-4-1,389,4,389-4,1,N
389-4-2,389,4,389-4,2,N
389-4-2,389,4,389-4,2,N
389-4-3,389,4,389-4,3,N
389-4-3,389,4,389-4,3,N
389-4-4,389,4,389-4,4,N
389-4-4,389,4,389-4,4,N
389-4-5,389,4,389-4,5,N
389-4-5,389,4,389-4,5,N
390-1-1,390,1,390-1,1,N
390-1-1,390,1,390-1,1,N
390-1-2,390,1,390-1,2,N
390-1-2,390,1,390-1,2,N
390-1-3,390,1,390-1,3,N
390-1-3,390,1,390-1,3,N
390-1-4,390,1,390-1,4,N
390-1-4,390,1,390-1,4,N
390-1-5,390,1,390-1,5,N
390-1-5,390,1,390-1,5,N
390-2-1,390,2,390-2,1,N
390-2-1,390,2,390-2,1,N
390-2-2,390,2,390-2,2,N
390-2-2,390,2,390-2,2,N
390-2-3,390,2,390-2,3,N
390-2-3,390,2,390-2,3,N
390-2-4,390,2,390-2,4,N
390-2-4,390,2,390-2,4,N
390-2-5,390,2,390-2,5,N
390-2-5,390,2,390-2,5,N
391-1-1,391,1,391-1,1,N
391-1-2,391,1,391-1,2,N
391-1-3,391,1,391-1,3,N
391-1-4,391,1,391-1,4,N
391-1-5,391,1,391-1,5,N
391-2-1,391,2,391-2,1,N
391-2-2,391,2,391-2,2,N
391-2-3,391,2,391-2,3,N
391-2-4,391,2,391-2,4,N
391-2-5,391,2,391-2,5,N
391-3-1,391,3,391-3,1,N
391-3-2,391,3,391-3,2,N
391-3-3,391,3,391-3,3,N
391-3-4,391,3,391-3,4,N
391-3-5,391,3,391-3,5,N
392-1-1,392,1,392-1,1,N
392-1-2,392,1,392-1,2,N
392-1-3,392,1,392-1,3,N
392-1-4,392,1,392-1,4,N
392-1-5,392,1,392-1,5,N
392-2-1,392,2,392-2,1,N
392-2-2,392,2,392-2,2,N
392-2-3,392,2,392-2,3,N
392-2-4,392,2,392-2,4,N
392-2-5,392,2,392-2,5,N
392-3-1,392,3,392-3,1,N
392-3-2,392,3,392-3,2,N
392-3-3,392,3,392-3,3,N
392-3-4,392,3,392-3,4,N
392-3-5,392,3,392-3,5,N
393-2-1,393,2,393-2,1,K
393-2-2,393,2,393-2,2,K
393-2-3,393,2,393-2,3,K
393-2-4,393,2,393-2,4,K
393-2-5,393,2,393-2,5,K
393-2-6,393,2,393-2,6,K
393-2-7,393,2,393-2,7,K
393-2-8,393,2,393-2,8,K
393-3-1,393,3,393-3,1,K
393-3-2,393,3,393-3,2,K
393-3-3,393,3,393-3,3,K
393-3-4,393,3,393-3,4,K
393-3-5,393,3,393-3,5,K
393-3-6,393,3,393-3,6,K
393-3-7,393,3,393-3,7,K
393-3-8,393,3,393-3,8,K
394-1-1,394,1,394-1,1,K
394-1-2,394,1,394-1,2,K
394-1-3,394,1,394-1,3,K
394-1-4,394,1,394-1,4,K
394-1-5,394,1,394-1,5,K
394-1-6,394,1,394-1,6,K
394-1-7,394,1,394-1,7,K
394-1-8,394,1,394-1,8,K
394-2-1,394,2,394-2,1,K
394-2-2,394,2,394-2,2,K
394-2-3,394,2,394-2,3,K
394-2-4,394,2,394-2,4,K
394-2-5,394,2,394-2,5,K
394-2-6,394,2,394-2,6,K
394-2-7,394,2,394-2,7,K
394-2-8,394,2,394-2,8,K
394-3-1,394,3,394-3,1,K
394-3-2,394,3,394-3,2,K
394-3-3,394,3,394-3,3,K
394-3-4,394,3,394-3,4,K
394-3-5,394,3,394-3,5,K
394-3-6,394,3,394-3,6,K
394-3-7,394,3,394-3,7,K
394-3-8,394,3,394-3,8,K
395-1-1,395,1,395-1,1,N
395-1-2,395,1,395-1,2,N
395-1-3,395,1,395-1,3,N
395-1-4,395,1,395-1,4,N
395-1-5,395,1,395-1,5,N
395-3-1,395,3,395-3,1,N
395-3-2,395,3,395-3,2,N
395-3-3,395,3,395-3,3,N
395-3-4,395,3,395-3,4,N
395-3-5,395,3,395-3,5,N
396-2-1,396,2,396-2,1,N
396-2-2,396,2,396-2,2,N
396-2-3,396,2,396-2,3,N
396-2-4,396,2,396-2,4,N
396-2-5,396,2,396-2,5,N
396-3-1,396,3,396-3,1,N
396-3-2,396,3,396-3,2,N
396-3-3,396,3,396-3,3,N
396-3-4,396,3,396-3,4,N
396-3-5,396,3,396-3,5,N
397-1-1,397,1,397-1,1,K
397-1-2,397,1,397-1,2,K
397-1-3,397,1,397-1,3,K
397-1-4,397,1,397-1,4,K
397-1-5,397,1,397-1,5,K
397-1-6,397,1,397-1,6,K
397-1-7,397,1,397-1,7,K
397-1-8,397,1,397-1,8,K
398-1-1,398,1,398-1,1,K
398-1-2,398,1,398-1,2,K
398-1-3,398,1,398-1,3,K
398-1-4,398,1,398-1,4,K
398-1-5,398,1,398-1,5,K
398-1-6,398,1,398-1,6,K
398-1-7,398,1,398-1,7,K
398-1-8,398,1,398-1,8,K
399-1-1,399,1,399-1,1,N
399-1-2,399,1,399-1,2,N
399-1-3,399,1,399-1,3,N
399-1-4,399,1,399-1,4,N
399-1-5,399,1,399-1,5,N
399-1-6,399,1,399-1,6,N
399-2-1,399,2,399-2,1,N
399-2-2,399,2,399-2,2,N
399-2-3,399,2,399-2,3,N
399-2-4,399,2,399-2,4,N
399-2-5,399,2,399-2,5,N
399-2-6,399,2,399-2,6,N
399-3-1,399,3,399-3,1,N
399-3-2,399,3,399-3,2,N
399-3-3,399,3,399-3,3,N
399-3-4,399,3,399-3,4,N
399-3-5,399,3,399-3,5,N
399-3-6,399,3,399-3,6,N
400-1-1,400,1,400-1,1,N
400-1-2,400,1,400-1,2,N
400-1-3,400,1,400-1,3,N
400-1-4,400,1,400-1,4,N
400-1-5,400,1,400-1,5,N
400-1-6,400,1,400-1,6,N
400-3-1,400,3,400-3,1,N
400-3-2,400,3,400-3,2,N
400-3-3,400,3,400-3,3,N
400-3-4,400,3,400-3,4,N
400-3-5,400,3,400-3,5,N
400-3-6,400,3,400-3,6,N
401-1-1,401,1,401-1,1,K
401-1-2,401,1,401-1,2,K
401-1-3,401,1,401-1,3,K
401-1-4,401,1,401-1,4,K
401-1-5,401,1,401-1,5,K
401-1-6,401,1,401-1,6,K
401-2-1,401,2,401-2,1,K
401-2-2,401,2,401-2,2,K
401-2-3,401,2,401-2,3,K
401-2-4,401,2,401-2,4,K
401-2-5,401,2,401-2,5,K
401-2-6,401,2,401-2,6,K
401-3-1,401,3,401-3,1,K
401-3-2,401,3,401-3,2,K
401-3-3,401,3,401-3,3,K
401-3-4,401,3,401-3,4,K
401-3-5,401,3,401-3,5,K
401-3-6,401,3,401-3,6,K
402-1-1,402,1,402-1,1,K
402-1-2,402,1,402-1,2,K
402-1-3,402,1,402-1,3,K
402-1-4,402,1,402-1,4,K
402-1-5,402,1,402-1,5,K
402-1-6,402,1,402-1,6,K
402-3-1,402,3,402-3,1,K
402-3-2,402,3,402-3,2,K
402-3-3,402,3,402-3,3,K
402-3-4,402,3,402-3,4,K
402-3-5,402,3,402-3,5,K
402-3-6,402,3,402-3,6,K
403-2-1,403,2,403-2,1,K
403-2-2,403,2,403-2,2,K
403-2-3,403,2,403-2,3,K
403-2-4,403,2,403-2,4,K
403-2-5,403,2,403-2,5,K
403-2-6,403,2,403-2,6,K
403-2-7,403,2,403-2,7,K
403-2-8,403,2,403-2,8,K
403-3-1,403,3,403-3,1,K
403-3-2,403,3,403-3,2,K
403-3-3,403,3,403-3,3,K
403-3-4,403,3,403-3,4,K
403-3-5,403,3,403-3,5,K
403-3-6,403,3,403-3,6,K
403-3-7,403,3,403-3,7,K
403-3-8,403,3,403-3,8,K
404-1-1,404,1,404-1,1,N
404-1-2,404,1,404-1,2,N
404-1-3,404,1,404-1,3,N
404-1-4,404,1,404-1,4,N
404-1-5,404,1,404-1,5,N
404-2-1,404,2,404-2,1,N
404-2-2,404,2,404-2,2,N
404-2-3,404,2,404-2,3,N
404-2-4,404,2,404-2,4,N
404-2-5,404,2,404-2,5,N
404-3-1,404,3,404-3,1,N
404-3-2,404,3,404-3,2,N
404-3-3,404,3,404-3,3,N
404-3-4,404,3,404-3,4,N
404-3-5,404,3,404-3,5,N
404-4-1,404,4,404-4,1,N
404-4-2,404,4,404-4,2,N
404-4-3,404,4,404-4,3,N
404-4-4,404,4,404-4,4,N
404-4-5,404,4,404-4,5,N
405-3-1,405,3,405-3,1,N
405-3-2,405,3,405-3,2,N
405-3-3,405,3,405-3,3,N
405-3-4,405,3,405-3,4,N
405-3-5,405,3,405-3,5,N
405-4-1,405,4,405-4,1,N
405-4-2,405,4,405-4,2,N
405-4-3,405,4,405-4,3,N
405-4-4,405,4,405-4,4,N
405-4-5,405,4,405-4,5,N
406-2-1,406,2,406-2,1,K
406-2-2,406,2,406-2,2,K
406-2-3,406,2,406-2,3,K
406-2-4,406,2,406-2,4,K
406-2-5,406,2,406-2,5,K
406-2-6,406,2,406-2,6,K
407-1-1,407,1,407-1,1,K
407-1-2,407,1,407-1,2,K
407-1-3,407,1,407-1,3,K
407-1-4,407,1,407-1,4,K
407-1-5,407,1,407-1,5,K
407-1-6,407,1,407-1,6,K
407-2-1,407,2,407-2,1,K
407-2-2,407,2,407-2,2,K
407-2-3,407,2,407-2,3,K
407-2-4,407,2,407-2,4,K
407-2-5,407,2,407-2,5,K
407-2-6,407,2,407-2,6,K
407-3-1,407,3,407-3,1,K
407-3-2,407,3,407-3,2,K
407-3-3,407,3,407-3,3,K
407-3-4,407,3,407-3,4,K
407-3-5,407,3,407-3,5,K
407-3-6,407,3,407-3,6,K
408-2-1,408,2,408-2,1,P
408-2-2,408,2,408-2,2,P
408-2-3,408,2,408-2,3,P
408-2-4,408,2,408-2,4,P
408-2-5,408,2,408-2,5,P
408-2-6,408,2,408-2,6,P
408-2-7,408,2,408-2,7,P
408-2-8,408,2,408-2,8,P
408-2-9,408,2,408-2,9,P
408-2-10,408,2,408-2,10,P
408-3-1,408,3,408-3,1,P
408-3-2,408,3,408-3,2,P
408-3-3,408,3,408-3,3,P
408-3-4,408,3,408-3,4,P
408-3-5,408,3,408-3,5,P
408-3-6,408,3,408-3,6,P
408-3-7,408,3,408-3,7,P
408-3-8,408,3,408-3,8,P
408-3-9,408,3,408-3,9,P
408-3-10,408,3,408-3,10,P
409-2-1,409,2,409-2,1,P
409-2-2,409,2,409-2,2,P
409-2-3,409,2,409-2,3,P
409-2-4,409,2,409-2,4,P
409-2-5,409,2,409-2,5,P
409-2-6,409,2,409-2,6,P
409-2-7,409,2,409-2,7,P
409-2-8,409,2,409-2,8,P
409-2-9,409,2,409-2,9,P
409-2-10,409,2,409-2,10,P
409-3-1,409,3,409-3,1,P
409-3-2,409,3,409-3,2,P
409-3-3,409,3,409-3,3,P
409-3-4,409,3,409-3,4,P
409-3-5,409,3,409-3,5,P
409-3-6,409,3,409-3,6,P
409-3-7,409,3,409-3,7,P
409-3-8,409,3,409-3,8,P
409-3-9,409,3,409-3,9,P
409-3-10,409,3,409-3,10,P
410-1-1,410,1,410-1,1,P
410-1-2,410,1,410-1,2,P
410-1-3,410,1,410-1,3,P
410-1-4,410,1,410-1,4,P
410-1-5,410,1,410-1,5,P
410-1-6,410,1,410-1,6,P
410-1-7,410,1,410-1,7,P
410-1-8,410,1,410-1,8,P
410-1-9,410,1,410-1,9,P
410-1-10,410,1,410-1,10,P
410-3-1,410,3,410-3,1,P
410-3-2,410,3,410-3,2,P
410-3-3,410,3,410-3,3,P
410-3-4,410,3,410-3,4,P
410-3-5,410,3,410-3,5,P
410-3-6,410,3,410-3,6,P
410-3-7,410,3,410-3,7,P
410-3-8,410,3,410-3,8,P
410-3-9,410,3,410-3,9,P
410-3-10,410,3,410-3,10,P
412-1-1,412,1,412-1,1,P
412-1-2,412,1,412-1,2,P
412-1-3,412,1,412-1,3,P
412-1-4,412,1,412-1,4,P
412-1-5,412,1,412-1,5,P
412-1-6,412,1,412-1,6,P
412-1-7,412,1,412-1,7,P
412-1-8,412,1,412-1,8,P
412-1-9,412,1,412-1,9,P
413-1-1,413,1,413-1,1,P
413-1-2,413,1,413-1,2,P
413-1-3,413,1,413-1,3,P
413-1-4,413,1,413-1,4,P
413-1-5,413,1,413-1,5,P
413-1-6,413,1,413-1,6,P
413-1-7,413,1,413-1,7,P
413-1-8,413,1,413-1,8,P
413-1-9,413,1,413-1,9,P
413-2-1,413,2,413-2,1,P
413-2-2,413,2,413-2,2,P
413-2-3,413,2,413-2,3,P
413-2-4,413,2,413-2,4,P
413-2-5,413,2,413-2,5,P
413-2-6,413,2,413-2,6,P
413-2-7,413,2,413-2,7,P
413-2-8,413,2,413-2,8,P
413-2-9,413,2,413-2,9,P
413-3-1,413,3,413-3,1,P
413-3-2,413,3,413-3,2,P
413-3-3,413,3,413-3,3,P
413-3-4,413,3,413-3,4,P
413-3-5,413,3,413-3,5,P
413-3-6,413,3,413-3,6,P
413-3-7,413,3,413-3,7,P
413-3-8,413,3,413-3,8,P
413-3-9,413,3,413-3,9,P
414-1-1,414,1,414-1,1,P
414-1-2,414,1,414-1,2,P
414-1-3,414,1,414-1,3,P
414-1-4,414,1,414-1,4,P
414-1-5,414,1,414-1,5,P
414-1-6,414,1,414-1,6,P
414-1-7,414,1,414-1,7,P
414-1-8,414,1,414-1,8,P
414-1-9,414,1,414-1,9,P
414-2-1,414,2,414-2,1,P
414-2-2,414,2,414-2,2,P
414-2-3,414,2,414-2,3,P
414-2-4,414,2,414-2,4,P
414-2-5,414,2,414-2,5,P
414-2-6,414,2,414-2,6,P
414-2-7,414,2,414-2,7,P
414-2-8,414,2,414-2,8,P
414-2-9,414,2,414-2,9,P
414-3-1,414,3,414-3,1,P
414-3-2,414,3,414-3,2,P
414-3-3,414,3,414-3,3,P
414-3-4,414,3,414-3,4,P
414-3-5,414,3,414-3,5,P
414-3-6,414,3,414-3,6,P
414-3-7,414,3,414-3,7,P
414-3-8,414,3,414-3,8,P
414-3-9,414,3,414-3,9,P
15002-2-1,15002,2,15002-2,1,N
15002-2-2,15002,2,15002-2,2,N
15002-2-3,15002,2,15002-2,3,N
15002-2-4,15002,2,15002-2,4,N
15003-1-1,15003,1,15003-1,1,N
15003-1-2,15003,1,15003-1,2,N
15003-1-3,15003,1,15003-1,3,N
15005-1-1,15005,1,15005-1,1,N
15005-1-2,15005,1,15005-1,2,N
15005-1-3,15005,1,15005-1,3,N
15005-1-4,15005,1,15005-1,4,N
15006-2-1,15006,2,15006-2,1,N
15006-2-2,15006,2,15006-2,2,N
15006-2-3,15006,2,15006-2,3,N
15006-2-4,15006,2,15006-2,4,N
15007-1-2,15007,1,15007-1,2,N
15007-1-3,15007,1,15007-1,3,N
15007-1-4,15007,1,15007-1,4,N
15007-1-5,15007,1,15007-1,5,N
15007-1-6,15007,1,15007-1,6,N
15007-3-1,15007,3,15007-3,1,N
15007-3-2,15007,3,15007-3,2,N
15007-3-3,15007,3,15007-3,3,N
15007-3-4,15007,3,15007-3,4,N
15007-3-5,15007,3,15007-3,5,N
15007-3-6,15007,3,15007-3,6,N
15008-2-1,15008,2,15008-2,1,N
15008-2-2,15008,2,15008-2,2,N
15008-2-3,15008,2,15008-2,3,N
15008-2-4,15008,2,15008-2,4,N
15008-2-5,15008,2,15008-2,5,N
15008-2-6,15008,2,15008-2,6,N
15008-3-1,15008,3,15008-3,1,N
15008-3-2,15008,3,15008-3,2,N
15008-3-3,15008,3,15008-3,3,N
15008-3-4,15008,3,15008-3,4,N
15008-3-5,15008,3,15008-3,5,N
15008-3-6,15008,3,15008-3,6,N
15009-1-1,15009,1,15009-1,1,N
15009-1-2,15009,1,15009-1,2,N
15009-1-3,15009,1,15009-1,3,N
15009-1-4,15009,1,15009-1,4,N
15009-1-5,15009,1,15009-1,5,N
15009-1-6,15009,1,15009-1,6,N
15009-3-2,15009,3,15009-3,2,N
15009-3-3,15009,3,15009-3,3,N
15009-3-4,15009,3,15009-3,4,N
15009-3-5,15009,3,15009-3,5,N
15009-3-6,15009,3,15009-3,6,N
15010-1-1,15010,1,15010-1,1,P
15010-1-2,15010,1,15010-1,2,P
15010-1-3,15010,1,15010-1,3,P
15010-1-4,15010,1,15010-1,4,P
15010-1-5,15010,1,15010-1,5,P
15010-1-6,15010,1,15010-1,6,P
15010-2-1,15010,2,15010-2,1,P
15010-2-2,15010,2,15010-2,2,P
15010-2-3,15010,2,15010-2,3,P
15010-2-4,15010,2,15010-2,4,P
15010-2-5,15010,2,15010-2,5,P
15010-2-6,15010,2,15010-2,6,P
15010-3-1,15010,3,15010-3,1,P
15010-3-2,15010,3,15010-3,2,P
15010-3-3,15010,3,15010-3,3,P
15010-3-4,15010,3,15010-3,4,P
15010-3-5,15010,3,15010-3,5,P
15010-3-6,15010,3,15010-3,6,P
15011-1-1,15011,1,15011-1,1,K
15011-1-2,15011,1,15011-1,2,K
15011-1-3,15011,1,15011-1,3,K
15011-1-4,15011,1,15011-1,4,K
15011-1-5,15011,1,15011-1,5,K
15011-1-6,15011,1,15011-1,6,K
15011-3-1,15011,3,15011-3,1,K
15011-3-2,15011,3,15011-3,2,K
15011-3-3,15011,3,15011-3,3,K
15011-3-4,15011,3,15011-3,4,K
15011-3-5,15011,3,15011-3,5,K
15011-3-6,15011,3,15011-3,6,K
15012-1-1,15012,1,15012-1,1,N
15012-1-2,15012,1,15012-1,2,N
15012-1-3,15012,1,15012-1,3,N
15012-1-4,15012,1,15012-1,4,N
15012-1-5,15012,1,15012-1,5,N
15012-2-1,15012,2,15012-2,1,N
15012-2-2,15012,2,15012-2,2,N
15012-2-3,15012,2,15012-2,3,N
15012-2-4,15012,2,15012-2,4,N
15012-2-5,15012,2,15012-2,5,N
15012-3-1,15012,3,15012-3,1,N
15012-3-2,15012,3,15012-3,2,N
15012-3-3,15012,3,15012-3,3,N
15012-3-4,15012,3,15012-3,4,N
15012-3-5,15012,3,15012-3,5,N
15013-3-1,15013,3,15013-3,1,K
15013-3-2,15013,3,15013-3,2,K
15013-3-3,15013,3,15013-3,3,K
15013-3-4,15013,3,15013-3,4,K
15013-3-5,15013,3,15013-3,5,K
15014-1-1,15014,1,15014-1,1,N
15014-1-2,15014,1,15014-1,2,N
15014-1-3,15014,1,15014-1,3,N
15014-1-4,15014,1,15014-1,4,N
15014-1-5,15014,1,15014-1,5,N
15014-1-6,15014,1,15014-1,6,N
15014-2-1,15014,2,15014-2,1,N
15014-2-2,15014,2,15014-2,2,N
15014-2-3,15014,2,15014-2,3,N
15014-2-4,15014,2,15014-2,4,N
15014-2-5,15014,2,15014-2,5,N
15014-2-6,15014,2,15014-2,6,N
15014-3-1,15014,3,15014-3,1,N
15014-3-2,15014,3,15014-3,2,N
15014-3-3,15014,3,15014-3,3,N
15014-3-4,15014,3,15014-3,4,N
15014-3-5,15014,3,15014-3,5,N
15014-3-6,15014,3,15014-3,6,N
15015-1-1,15015,1,15015-1,1,N
15015-1-2,15015,1,15015-1,2,N
15015-1-3,15015,1,15015-1,3,N
15015-1-4,15015,1,15015-1,4,N
15015-1-5,15015,1,15015-1,5,N
15015-1-6,15015,1,15015-1,6,N
15015-2-1,15015,2,15015-2,1,N
15015-2-2,15015,2,15015-2,2,N
15015-2-3,15015,2,15015-2,3,N
15015-2-4,15015,2,15015-2,4,N
15015-2-5,15015,2,15015-2,5,N
15015-2-6,15015,2,15015-2,6,N
15015-3-1,15015,3,15015-3,1,N
15015-3-2,15015,3,15015-3,2,N
15015-3-3,15015,3,15015-3,3,N
15015-3-4,15015,3,15015-3,4,N
15015-3-5,15015,3,15015-3,5,N
15015-3-6,15015,3,15015-3,6,N
15016-1-1,15016,1,15016-1,1,K
15016-1-2,15016,1,15016-1,2,K
15016-1-3,15016,1,15016-1,3,K
15016-1-4,15016,1,15016-1,4,K
15016-1-5,15016,1,15016-1,5,K
15016-1-6,15016,1,15016-1,6,K
15016-1-7,15016,1,15016-1,7,K
15016-1-8,15016,1,15016-1,8,K
15016-2-1,15016,2,15016-2,1,K
15016-2-2,15016,2,15016-2,2,K
15016-2-3,15016,2,15016-2,3,K
15016-2-4,15016,2,15016-2,4,K
15016-2-5,15016,2,15016-2,5,K
15016-2-6,15016,2,15016-2,6,K
15016-2-7,15016,2,15016-2,7,K
15016-2-8,15016,2,15016-2,8,K
15016-3-1,15016,3,15016-3,1,K
15016-3-2,15016,3,15016-3,2,K
15016-3-3,15016,3,15016-3,3,K
15016-3-4,15016,3,15016-3,4,K
15016-3-5,15016,3,15016-3,5,K
15016-3-6,15016,3,15016-3,6,K
15016-3-7,15016,3,15016-3,7,K
15016-3-8,15016,3,15016-3,8,K
15017-1-1,15017,1,15017-1,1,P
15017-1-2,15017,1,15017-1,2,P
15017-1-3,15017,1,15017-1,3,P
15017-1-4,15017,1,15017-1,4,P
15017-1-5,15017,1,15017-1,5,P
15017-1-6,15017,1,15017-1,6,P
15017-2-1,15017,2,15017-2,1,P
15017-2-2,15017,2,15017-2,2,P
15017-2-3,15017,2,15017-2,3,P
15017-2-4,15017,2,15017-2,4,P
15017-2-5,15017,2,15017-2,5,P
15017-2-6,15017,2,15017-2,6,P
15019-1-1,15019,1,15019-1,1,K
15019-1-2,15019,1,15019-1,2,K
15019-1-3,15019,1,15019-1,3,K
15019-1-4,15019,1,15019-1,4,K
15019-1-5,15019,1,15019-1,5,K
15019-1-6,15019,1,15019-1,6,K
15019-2-1,15019,2,15019-2,1,K
15019-2-2,15019,2,15019-2,2,K
15019-2-3,15019,2,15019-2,3,K
15019-2-4,15019,2,15019-2,4,K
15019-2-5,15019,2,15019-2,5,K
15019-2-6,15019,2,15019-2,6,K
15024-1-1,15024,1,15024-1,1,K
15024-1-2,15024,1,15024-1,2,K
15024-1-3,15024,1,15024-1,3,K
15024-1-4,15024,1,15024-1,4,K
15024-1-5,15024,1,15024-1,5,K
15024-2-1,15024,2,15024-2,1,K
15024-2-2,15024,2,15024-2,2,K
15024-2-3,15024,2,15024-2,3,K
15024-2-4,15024,2,15024-2,4,K
15024-2-5,15024,2,15024-2,5,K
15025-1-1,15025,1,15025-1,1,K
15025-1-2,15025,1,15025-1,2,K
15025-1-3,15025,1,15025-1,3,K
15025-1-4,15025,1,15025-1,4,K
15025-1-5,15025,1,15025-1,5,K
15025-1-6,15025,1,15025-1,6,K
15025-3-1,15025,3,15025-3,1,K
15025-3-2,15025,3,15025-3,2,K
15025-3-3,15025,3,15025-3,3,K
15025-3-4,15025,3,15025-3,4,K
15025-3-5,15025,3,15025-3,5,K
15025-3-6,15025,3,15025-3,6,K
15027-2-1,15027,2,15027-2,1,K
15027-2-2,15027,2,15027-2,2,K
15027-2-3,15027,2,15027-2,3,K
15027-2-4,15027,2,15027-2,4,K
15027-2-5,15027,2,15027-2,5,K
15027-2-6,15027,2,15027-2,6,K
15028-1-1,15028,1,15028-1,1,K
15028-1-2,15028,1,15028-1,2,K
15028-1-3,15028,1,15028-1,3,K
15028-1-4,15028,1,15028-1,4,K
15028-1-5,15028,1,15028-1,5,K
15028-1-6,15028,1,15028-1,6,K
15028-2-1,15028,2,15028-2,1,K
15028-2-2,15028,2,15028-2,2,K
15028-2-3,15028,2,15028-2,3,K
15028-2-4,15028,2,15028-2,4,K
15028-2-5,15028,2,15028-2,5,K
15028-2-6,15028,2,15028-2,6,K
15028-3-1,15028,3,15028-3,1,K
15028-3-2,15028,3,15028-3,2,K
15028-3-3,15028,3,15028-3,3,K
15028-3-4,15028,3,15028-3,4,K
15028-3-5,15028,3,15028-3,5,K
15028-3-6,15028,3,15028-3,6,K
