,NtotDose,PtotDose,KtotDose,P,yield_knn,yield_rf,yield_nn,yield_gp,cost,gp_revenue,gp_benefit
0,0.49275591500460486,0.0,0.5859255507375557,0.0,25.533287964418818,23.785508997044225,13.776612159884028,29.121426673085924,0.0,7280.356668271481,7280.356668271481
1,0.49275591500460486,1.0,0.5859255507375557,0.436,25.534600466170918,23.785508997044225,13.767710128630902,29.115188928723196,1.1,7278.797232180799,7277.697232180799
2,0.49275591500460486,2.0,0.5859255507375557,0.872,26.674981541961355,23.785508997044225,13.75898307068396,29.10905140681849,2.2,7277.262851704622,7275.0628517046225
3,0.49275591500460486,3.0,0.5859255507375557,1.308,26.675492012055727,23.785508997044225,13.750434787446888,29.103012566255344,3.3000000000000003,7275.753141563836,7272.453141563836
4,0.49275591500460486,4.0,0.5859255507375557,1.744,26.676003626975053,23.785508997044225,13.742069098946796,29.097070865078678,4.4,7274.267716269669,7269.8677162696695
5,0.49275591500460486,5.0,0.5859255507375557,2.18,26.67651630688406,23.785508997044225,13.733889844965805,29.09122476201057,5.5,7272.8061905026425,7267.3061905026425
6,0.49275591500460486,6.0,0.5859255507375557,2.616,26.67702997159467,23.785508997044225,13.725900886169665,29.085472717966137,6.6000000000000005,7271.368179491535,7264.768179491534
7,0.49275591500460486,7.0,0.5859255507375557,3.052,26.797965071026397,23.785508997044225,13.718106105227129,29.079813197569838,7.700000000000001,7269.9532993924595,7262.25329939246
8,0.49275591500460486,8.0,0.5859255507375557,3.488,26.798926280664546,23.785508997044225,13.710509407913886,29.074244670669753,8.8,7268.561167667438,7259.761167667438
9,0.49275591500460486,9.0,0.5859255507375557,3.924,26.799890432953305,23.785508997044225,13.703114724194116,29.068765613849486,9.9,7267.191403462371,7257.291403462372
10,0.49275591500460486,10.0,0.5859255507375557,4.36,26.800857425975863,23.785508997044225,13.695926009272814,29.06337451193602,11.0,7265.843627984004,7254.843627984004
11,0.49275591500460486,11.0,0.5859255507375557,4.796,27.3537590951301,23.785508997044225,13.688947244611832,29.058069859502652,12.100000000000001,7264.517464875663,7252.4174648756625
12,0.49275591500460486,12.0,0.5859255507375557,5.232,28.50549783552362,23.785508997044225,13.682182438902256,29.05285016236549,13.200000000000001,7263.212540591373,7250.012540591373
13,0.49275591500460486,13.0,0.5859255507375557,5.668,28.50510269748221,23.785508997044225,13.675635628985468,29.047713939072743,14.3,7261.928484768186,7247.628484768185
14,0.49275591500460486,14.0,0.5859255507375557,6.104,28.504706211906853,23.785508997044225,13.669310880715344,29.042659722385103,15.400000000000002,7260.664930596276,7245.264930596276
15,0.49275591500460486,15.0,0.5859255507375557,6.54,28.50430835035479,23.785508997044225,13.66321228975351,29.037686060746452,16.5,7259.421515186613,7242.921515186613
16,0.49275591500460486,16.0,0.5859255507375557,6.976,28.50390908507874,23.785508997044225,13.657343982289614,29.032791519743526,17.6,7258.197879935881,7240.597879935881
17,0.49275591500460486,17.0,0.5859255507375557,7.412,28.503508389063263,23.785508997044225,13.651710115678476,29.027974683553282,18.700000000000003,7256.993670888321,7238.293670888321
18,0.49275591500460486,18.0,0.5859255507375557,7.848,28.64126328901187,23.785508997044225,13.646314878985685,29.023234156377054,19.8,7255.808539094263,7236.008539094263
19,0.49275591500460486,19.0,0.5859255507375557,8.284,28.64216454133365,23.785508997044225,13.641162493433082,29.018568563860146,20.900000000000002,7254.642140965037,7233.742140965037
20,0.49275591500460486,20.0,0.5859255507375557,8.72,28.330004980810635,23.785508997044225,13.636257212735792,29.01397655449548,22.0,7253.49413862387,7231.49413862387
21,0.49275591500460486,21.0,0.5859255507375557,9.156,28.330794623729663,23.785508997044225,13.631603323321798,29.009456801010643,23.1,7252.36420025266,7229.26420025266
22,0.49275591500460486,22.0,0.5859255507375557,9.592,28.378900016927624,23.785508997044225,13.62720514442562,29.00500800173712,24.200000000000003,7251.2520004342805,7227.052000434281
23,0.49275591500460486,23.0,0.5859255507375557,10.028,28.379814134830745,23.785508997044225,13.623067028047195,29.000628881959795,25.3,7250.1572204899485,7224.857220489948
24,0.49275591500460486,24.0,0.5859255507375557,10.464,28.773991560482727,23.785508997044225,13.61919335876707,28.9963181952469,26.400000000000002,7249.079548811725,7222.679548811725
25,0.49275591500460486,25.0,0.5859255507375557,10.9,28.776356134176254,23.785508997044225,13.61558855340926,28.99207472475818,27.500000000000004,7248.018681189545,7220.518681189545
26,0.49275591500460486,26.0,0.5859255507375557,11.336,28.81069325610735,23.785508997044225,13.61225706054288,28.987897284530845,28.6,7246.974321132711,7218.374321132711
27,0.49275591500460486,27.0,0.5859255507375557,11.772,28.81430427935705,23.785508997044225,13.60920335981374,28.983784720741973,29.700000000000003,7245.946180185493,7216.246180185493
28,0.49275591500460486,28.0,0.5859255507375557,12.208,28.817924684796328,23.785508997044225,13.606431961097403,28.979735912946285,30.800000000000004,7244.933978236571,7214.133978236571
29,0.49275591500460486,29.0,0.5859255507375557,12.644,28.821554157612532,23.785508997044225,13.603947403464879,28.975749775288456,31.900000000000002,7243.937443822114,7212.037443822114
30,0.49275591500460486,30.0,0.5859255507375557,13.08,27.322313193166885,23.785508997044225,13.601754253952585,28.971825257688618,33.0,7242.956314422155,7209.956314422155
31,0.49275591500460486,31.0,0.5859255507375557,13.516,27.326126890153226,23.785508997044225,13.599857106128347,28.967961347000468,34.1,7241.990336750117,7207.890336750117
32,0.49275591500460486,32.0,0.5859255507375557,13.952,27.329949169797096,23.785508997044225,13.598260578445018,28.964157068140604,35.2,7241.039267035151,7205.839267035151
33,0.49275591500460486,33.0,0.5859255507375557,14.388,27.333779696757645,23.785508997044225,13.59696931237401,28.960411485188285,36.300000000000004,7240.102871297071,7203.802871297071
34,0.49275591500460486,34.0,0.5859255507375557,14.824,27.337618133454647,23.785508997044225,13.595987970310876,28.95672370245479,37.400000000000006,7239.180925613698,7201.780925613698
35,0.49275591500460486,35.0,0.5859255507375557,15.26,27.341464140158905,23.785508997044225,13.595321233245567,28.95309286552118,38.5,7238.273216380296,7199.773216380296
36,0.49275591500460486,36.0,0.5859255507375557,15.696,27.345317375083656,23.785508997044225,13.594973798190143,28.949518162243876,39.6,7237.379540560969,7197.779540560969
37,0.49275591500460486,37.0,0.5859255507375557,16.132,27.349177494477004,23.785508997044225,13.594950375357232,28.945998823727003,40.7,7236.49970593175,7195.79970593175
38,0.49275591500460486,38.0,0.5859255507375557,16.568,28.162207839146966,23.785508997044225,13.595255685082694,28.942534125260554,41.800000000000004,7235.6335313151385,7193.833531315138
39,0.49275591500460486,39.0,0.5859255507375557,17.004,28.166610868781454,23.785508997044225,13.595894454486618,28.939123387223734,42.900000000000006,7234.780846805934,7191.880846805934
40,0.49275591500460486,40.0,0.5859255507375557,17.44,28.171019622669604,23.785508997044225,13.596871413866854,28.93576597595285,44.0,7233.941493988213,7189.941493988213
41,0.49275591500460486,41.0,0.5859255507375557,17.876,28.175433701563904,23.785508997044225,13.598191292820186,28.932461304572378,45.1,7233.1153261430945,7188.015326143094
42,0.49275591500460486,42.0,0.5859255507375557,18.312,28.179852704975776,23.785508997044225,13.599858816086645,28.929208833789165,46.2,7232.302208447291,7186.102208447292
43,0.49275591500460486,43.0,0.5859255507375557,18.748,28.184276231288884,23.785508997044225,13.601878699112675,28.926008072648614,47.300000000000004,7231.502018162153,7184.202018162153
44,0.49275591500460486,44.0,0.5859255507375557,19.184,28.188703877872868,23.785508997044225,13.604255643330102,28.92285857925201,48.400000000000006,7230.714644813002,7182.314644813003
45,0.49275591500460486,45.0,0.5859255507375557,19.62,28.19313524119744,23.785508997044225,13.60699433114807,28.91975996143556,49.50000000000001,7229.93999035889,7180.43999035889
46,0.49275591500460486,46.0,0.5859255507375557,20.056,27.89861900192361,23.785508997044225,13.610099420655857,28.91671187740811,50.6,7229.1779693520275,7178.577969352027
47,0.49275591500460486,47.0,0.5859255507375557,20.492,27.90349311438109,23.785508997044225,13.613575540035448,28.91371403634983,51.7,7228.428509087457,7176.7285090874575
48,0.49275591500460486,48.0,0.5859255507375557,20.928,27.908368473816292,23.785508997044225,13.617427281683266,28.910766198969146,52.800000000000004,7227.691549742286,7174.891549742286
49,0.49275591500460486,49.0,0.5859255507375557,21.364,27.91324463344046,23.785508997044225,13.621659196041428,28.907868178018013,53.900000000000006,7226.967044504503,7173.067044504503
50,0.49275591500460486,50.0,0.5859255507375557,21.8,27.918121146546042,23.785508997044225,13.62627578513981,28.90501983876593,55.00000000000001,7226.254959691482,7171.254959691482
51,0.49275591500460486,51.0,0.5859255507375557,22.236,27.922997566632365,23.769204649218135,13.631281495851024,28.90222109943053,56.1,7225.555274857633,7169.4552748576325
52,0.49275591500460486,52.0,0.5859255507375557,22.672,27.927873447531,23.769204649218135,13.636680712861395,28.899471931566048,57.2,7224.867982891512,7167.667982891512
53,0.49275591500460486,53.0,0.5859255507375557,23.108,27.93274834353067,23.769204649218135,13.64247775136214,28.89677236040789,58.300000000000004,7224.193090101972,7165.893090101972
54,0.49275591500460486,54.0,0.5859255507375557,23.544,28.85004092557601,23.769204649218135,13.648676849465755,28.894122465173975,59.400000000000006,7223.530616293494,7164.130616293494
55,0.49275591500460486,55.0,0.5859255507375557,23.98,29.693561242370354,23.769204649218135,13.655282160354133,28.891522379321795,60.50000000000001,7222.880594830449,7162.380594830449
56,0.49275591500460486,56.0,0.5859255507375557,24.416,29.694270272852563,23.769204649218135,13.662297744165507,28.888972290761217,61.60000000000001,7222.243072690304,7160.643072690304
57,0.49275591500460486,57.0,0.5859255507375557,24.852,29.694979544948204,23.769204649218135,13.669727559629045,28.88647244202301,62.7,7221.618110505752,7158.918110505752
58,0.49275591500460486,58.0,0.5859255507375557,25.288,29.69568899989448,23.769204649218135,13.67757545545668,28.884023130382516,63.800000000000004,7221.005782595629,7157.205782595629
59,0.49275591500460486,59.0,0.5859255507375557,25.724,29.751003537557477,23.769204649218135,13.685845161503224,28.88162470793776,64.9,7220.40617698444,7155.506176984441
60,0.49275591500460486,60.0,0.5859255507375557,26.16,29.751748940208376,23.769204649218135,13.694540279707134,28.87927758164374,66.0,7219.819395410936,7153.819395410936
61,0.49275591500460486,61.0,0.5859255507375557,26.596,29.752494489268404,23.773264677370307,13.703664274825321,28.876982213300362,67.10000000000001,7219.24555332509,7152.14555332509
62,0.49275591500460486,62.0,0.5859255507375557,27.032,29.75324012514404,23.773264677370307,13.713220464977049,28.87473911949566,68.2,7218.684779873915,7150.484779873916
63,0.49275591500460486,63.0,0.5859255507375557,27.468,29.753985788654063,23.773264677370307,13.723212012013036,28.87254887150366,69.30000000000001,7218.137217875915,7148.837217875915
64,0.49275591500460486,64.0,0.5859255507375557,27.904,29.75473142104474,23.773264677370307,13.733641911727315,28.870412095136786,70.4,7217.603023784196,7147.203023784196
65,0.49275591500460486,65.0,0.5859255507375557,28.34,29.755476964004608,23.773264677370307,13.744512983930829,28.86832947055339,71.5,7217.082367638348,7145.582367638348
66,0.49275591500460486,66.0,0.5859255507375557,28.776,29.75622235967884,23.773264677370307,13.75582786240706,28.866301732019267,72.60000000000001,7216.575433004817,7143.975433004816
67,0.49275591500460486,67.0,0.5859255507375557,29.212,29.756967550683136,23.773264677370307,13.767588984771212,28.864329667625267,73.7,7216.082416906317,7142.382416906317
68,0.49275591500460486,68.0,0.5859255507375557,29.648,29.75771248011723,23.773264677370307,13.779798582256024,28.862414118958764,74.80000000000001,7215.603529739691,7140.803529739691
69,0.49275591500460486,69.0,0.5859255507375557,30.084,29.826835651070876,23.773264677370307,13.792458669448528,28.860555980731277,75.9,7215.13899518282,7139.23899518282
70,0.49275591500460486,70.0,0.5859255507375557,30.52,29.82743377040891,23.773264677370307,13.805571034003318,28.85875620036115,77.0,7214.689050090287,7137.689050090287
71,0.49275591500460486,71.0,0.5859255507375557,30.956,29.828030963675154,23.773264677370307,13.819137226359235,28.857015777511805,78.10000000000001,7214.2539443779515,7136.153944377951
72,0.49275591500460486,72.0,0.5859255507375557,31.392,29.8286271896846,23.773264677370307,13.833158549487738,28.855335763586446,79.2,7213.833940896611,7134.633940896611
73,0.49275591500460486,73.0,0.5859255507375557,31.828,29.829222407999456,23.773264677370307,13.847636048701947,28.853717261178772,80.30000000000001,7213.429315294693,7133.129315294693
74,0.49275591500460486,74.0,0.5859255507375557,32.264,29.59652280424321,23.773264677370307,13.86257050155723,28.85216142348026,81.4,7213.0403558700655,7131.640355870066
75,0.49275591500460486,75.0,0.5859255507375557,32.7,29.596439341406032,23.773264677370307,13.877962407874517,28.850669453645047,82.5,7212.667363411261,7130.167363411261
76,0.49275591500460486,76.0,0.5859255507375557,33.136,29.596356444963583,23.828619612261612,13.893811979918997,28.849242604111804,83.60000000000001,7212.310651027951,7128.710651027951
77,0.49275591500460486,77.0,0.5859255507375557,33.572,29.59627413139306,23.828619612261612,13.910119132767537,28.847882175884056,84.7,7211.970543971014,7127.270543971014
78,0.49275591500460486,78.0,0.5859255507375557,34.008,29.596192417229513,23.828619612261612,13.926883474899096,28.846589517768287,85.80000000000001,7211.647379442072,7125.8473794420715
79,0.49275591500460486,79.0,0.5859255507375557,34.444,29.59611131905948,23.828619612261612,13.944104299042994,28.845366025572204,86.9,7211.341506393051,7124.441506393051
80,0.49275591500460486,80.0,0.5859255507375557,34.88,29.59603085351451,23.828619612261612,13.96178057332061,28.84421314126126,88.0,7211.053285315315,7123.053285315315
81,0.49275591500460486,81.0,0.5859255507375557,35.316,29.59595103726449,23.828619612261612,13.979910932716368,28.84313235207649,89.10000000000001,7210.783088019123,7121.683088019123
82,0.49275591500460486,82.0,0.5859255507375557,35.752,29.5958718870109,23.828619612261612,13.99849367091451,28.8421251896123,90.2,7210.531297403075,7120.331297403075
83,0.49275591500460486,83.0,0.5859255507375557,36.188,29.595793419479826,23.828619612261612,14.017526732537938,28.841193228856497,91.30000000000001,7210.298307214124,7118.998307214124
84,0.49275591500460486,84.0,0.5859255507375557,36.624,29.595715651414913,23.828619612261612,14.037007705825875,28.840338087191903,92.4,7210.084521797976,7117.684521797976
85,0.49275591500460486,85.0,0.5859255507375557,37.06,29.595638599570126,23.828619612261612,14.056933815786664,28.839561423361037,93.50000000000001,7209.890355840259,7116.390355840259
86,0.49275591500460486,86.0,0.5859255507375557,37.496,29.595562280702413,23.828619612261612,14.077301917861838,28.838864936394756,94.60000000000001,7209.716234098689,7115.116234098688
87,0.49275591500460486,87.0,0.5859255507375557,37.932,29.595486711564206,23.828619612261612,14.098108492137353,28.83825036450472,95.7,7209.56259112618,7113.862591126181
88,0.49275591500460486,88.0,0.5859255507375557,38.368,29.595411908895823,23.828619612261612,14.119349638136743,28.83771948394167,96.80000000000001,7209.429870985417,7112.629870985417
89,0.49275591500460486,89.0,0.5859255507375557,38.804,29.595337889417742,23.828619612261612,14.141021070230728,28.837274107819642,97.9,7209.31852695491,7111.418526954911
90,0.49275591500460486,90.0,0.5859255507375557,39.24,29.595264669822736,23.828619612261612,14.163118113696395,28.836916084906687,99.00000000000001,7209.229021226672,7110.229021226672
91,0.49275591500460486,91.0,0.5859255507375557,39.676,29.595192266767928,23.828619612261612,14.185635701458015,28.836647298384197,100.10000000000001,7209.161824596049,7109.061824596049
92,0.49275591500460486,92.0,0.5859255507375557,40.112,29.595120696866733,23.828619612261612,14.208568371540188,28.83646966457451,101.2,7209.117416143627,7107.917416143628
93,0.49275591500460486,93.0,0.5859255507375557,40.548,29.595049976680677,23.828619612261612,14.23191026526235,28.836385131638234,102.30000000000001,7209.096282909559,7106.796282909559
94,0.49275591500460486,94.0,0.5859255507375557,40.984,29.594980122711153,23.828619612261612,14.255655126202026,28.83639567824218,103.4,7209.098919560545,7105.698919560546
95,0.49275591500460486,95.0,0.5859255507375557,41.42,29.594911151391067,23.828619612261612,14.279796299952036,28.836503312199312,104.50000000000001,7209.125828049828,7104.625828049828
96,0.49275591500460486,96.0,0.5859255507375557,41.856,29.594843079076412,23.828619612261612,14.304326734695003,28.83671006908121,105.60000000000001,7209.177517270303,7103.577517270302
97,0.49275591500460486,97.0,0.5859255507375557,42.292,29.594775922037776,23.828619612261612,14.329238982615834,28.83701801080379,106.7,7209.254502700947,7102.5545027009475
98,0.49275591500460486,98.0,0.5859255507375557,42.728,29.59470969645175,23.828619612261612,14.35452520217055,28.837429224188448,107.80000000000001,7209.357306047112,7101.5573060471115
99,0.49275591500460486,99.0,0.5859255507375557,43.164,29.594644418392317,23.828619612261612,14.380177161227198,28.837945819498746,108.9,7209.486454874686,7100.586454874687
100,0.49275591500460486,100.0,0.5859255507375557,43.6,29.594580103822146,23.828619612261612,14.406186241091401,28.83856992895401,110.00000000000001,7209.642482238502,7099.642482238502
101,0.49275591500460486,101.0,0.5859255507375557,44.036,29.59451676858388,23.828619612261612,14.432543441426596,28.83930370522061,111.10000000000001,7209.825926305152,7098.725926305152
102,0.49275591500460486,102.0,0.5859255507375557,44.472,29.594454428391355,23.828619612261612,14.459239386075389,28.840149319883395,112.2,7210.037329970849,7097.837329970849
103,0.49275591500460486,103.0,0.5859255507375557,44.908,29.59439309882079,23.828619612261612,14.486264329785634,28.841108961896133,113.30000000000001,7210.2772404740335,7096.977240474033
104,0.49275591500460486,104.0,0.5859255507375557,45.344,29.594332795301987,23.828619612261612,14.513608165841074,28.842184836014518,114.4,7210.546209003629,7096.146209003629
105,0.49275591500460486,105.0,0.5859255507375557,45.78,29.59427353310947,23.828619612261612,14.541260434593323,28.84337916121091,115.50000000000001,7210.844790302727,7095.344790302727
106,0.49275591500460486,106.0,0.5859255507375557,46.216,29.59421532735364,23.828619612261612,14.569210332888137,28.844694169073566,116.60000000000001,7211.173542268391,7094.573542268391
107,0.49275591500460486,107.0,0.5859255507375557,46.652,29.594158192971967,23.828619612261612,14.597446724375562,28.846132102190666,117.7,7211.5330255476665,7093.833025547667
108,0.49275591500460486,108.0,0.5859255507375557,47.088,29.594102144720114,23.828619612261612,14.625958150689819,28.847695212520204,118.80000000000001,7211.923803130051,7093.123803130051
109,0.49275591500460486,109.0,0.5859255507375557,47.524,29.594047197163153,23.828619612261612,14.654732843481142,28.849385759747605,119.9,7212.346439936901,7092.446439936902
110,0.49275591500460486,110.0,0.5859255507375557,47.96,29.593993364666787,23.828619612261612,14.683758737278428,28.851206009632037,121.00000000000001,7212.80150240801,7091.80150240801
111,0.49275591500460486,111.0,0.5859255507375557,48.396,29.593940661388594,23.754140355413785,14.71302348315761,28.853158232342473,122.10000000000001,7213.289558085618,7091.189558085618
112,0.49275591500460486,112.0,0.5859255507375557,48.832,29.59388910126934,23.754140355413785,14.742514463187401,28.855244700784784,123.20000000000002,7213.811175196196,7090.611175196196
113,0.49275591500460486,113.0,0.5859255507375557,49.268,29.593838698024335,23.77142341128335,14.772218805620675,28.85746768892133,124.30000000000001,7214.366922230332,7090.066922230332
114,0.49275591500460486,114.0,0.5859255507375557,49.704,29.59378946513488,23.77142341128335,14.802123400796098,28.859829470083994,125.4,7214.957367520999,7089.557367520999
115,0.49275591500460486,115.0,0.5859255507375557,50.14,29.59374141583973,23.77142341128335,14.832214917711745,28.86233231528207,126.50000000000001,7215.583078820518,7089.083078820518
116,0.49275591500460486,116.0,0.5859255507375557,50.576,29.59369456312672,23.77142341128335,14.862479821229222,28.86497849150654,127.60000000000001,7216.244622876635,7088.6446228766345
117,0.49275591500460486,117.0,0.5859255507375557,51.012,29.59364891972444,23.77142341128335,14.89290438986382,28.867770260031467,128.70000000000002,7216.9425650078665,7088.242565007867
118,0.49275591500460486,118.0,0.5859255507375557,51.448,29.593604498093995,23.77142341128335,14.923474734113714,28.870709874713587,129.8,7217.6774686783965,7087.877468678396
119,0.49275591500460486,119.0,0.5859255507375557,51.884,29.593561310420927,23.77142341128335,14.954176815278572,28.873799580292527,130.9,7218.449895073131,7087.549895073132
120,0.49275591500460486,120.0,0.5859255507375557,52.32,29.593519368607232,23.77142341128335,14.984996464715628,28.877041610691755,132.0,7219.260402672939,7087.260402672939
121,0.49275591500460486,121.0,0.5859255507375557,52.756,29.593478684263502,23.77142341128335,15.015919403479362,28.880438187321758,133.10000000000002,7220.109546830439,7087.009546830439
122,0.49275591500460486,122.0,0.5859255507375557,53.192,29.59343926870122,23.77142341128335,15.046931262288979,28.88399151738683,134.20000000000002,7220.997879346707,7086.797879346707
123,0.49275591500460486,123.0,0.5859255507375557,53.628,29.593401132925216,23.77142341128335,15.078017601766533,28.887703792196866,135.3,7221.9259480492165,7086.625948049216
124,0.49275591500460486,124.0,0.5859255507375557,54.064,29.593364287626244,23.77142341128335,15.109163932887036,28.89157718548553,136.4,7222.894296371383,7086.494296371383
125,0.49275591500460486,125.0,0.5859255507375557,54.5,29.59332874317377,23.77142341128335,15.14035573758127,28.895613851734787,137.5,7223.903462933697,7086.403462933697
126,0.49275591500460486,126.0,0.5859255507375557,54.936,29.59329450960891,23.77142341128335,15.17157848943107,28.899815924508715,138.60000000000002,7224.953981127179,7086.3539811271785
127,0.49275591500460486,127.0,0.5859255507375557,55.372,29.593261596637557,23.77142341128335,15.202817674396666,28.904185514796914,139.70000000000002,7226.046378699229,7086.346378699229
128,0.49275591500460486,128.0,0.5859255507375557,55.808,29.593230013623714,23.77142341128335,15.234058811515425,28.90872470936863,140.8,7227.181177342158,7086.381177342158
129,0.49275591500460486,129.0,0.5859255507375557,56.244,29.593199769583016,23.77142341128335,15.265287473511883,28.91343556913895,141.9,7228.3588922847375,7086.458892284738
130,0.49275591500460486,130.0,0.5859255507375557,56.68,29.593170873176472,23.77142341128335,15.29648930725919,28.918320127548654,143.0,7229.580031887163,7086.580031887163
131,0.49275591500460486,131.0,0.5859255507375557,57.116,29.593143332704415,23.77142341128335,15.327650054033004,28.923380388958066,144.10000000000002,7230.845097239517,7086.745097239516
132,0.49275591500460486,132.0,0.5859255507375557,57.552,29.59311715610068,23.77142341128335,15.358755569500225,28.928618327056782,145.20000000000002,7232.154581764195,7086.954581764196
133,0.49275591500460486,133.0,0.5859255507375557,57.988,29.59309235092703,23.77142341128335,15.389791843386096,28.934035883289962,146.3,7233.5089708224905,7087.20897082249
134,0.49275591500460486,134.0,0.5859255507375557,58.424,29.593068924367806,23.77142341128335,15.420745018764862,28.939634965302336,147.4,7234.908741325584,7087.508741325584
135,0.49275591500460486,135.0,0.5859255507375557,58.86,29.593046883224826,23.528111757663787,15.45160141092152,28.94541744540193,148.5,7236.354361350483,7087.854361350483
136,0.49275591500460486,136.0,0.5859255507375557,59.296,29.593026233912546,23.528111757663787,15.482347525733726,28.95138515904231,149.60000000000002,7237.846289760578,7088.246289760577
137,0.49275591500460486,137.0,0.5859255507375557,59.732,29.59300698245348,23.528111757663787,15.51297007752611,28.95753990332784,150.70000000000002,7239.38497583196,7088.68497583196
138,0.49275591500460486,138.0,0.5859255507375557,60.168,29.59298913447388,23.528111757663787,15.543456006350908,28.96388343553919,151.8,7240.970858884798,7089.170858884798
139,0.49275591500460486,139.0,0.5859255507375557,60.604,29.592972695199688,23.528111757663787,15.573792494652768,28.970417471683497,152.9,7242.604367920874,7089.704367920875
140,0.49275591500460486,140.0,0.5859255507375557,61.04,29.592957669452783,23.528111757663787,15.603966983277385,28.977143685067617,154.0,7244.285921266905,7090.285921266905
141,0.49275591500460486,141.0,0.5859255507375557,61.476,29.592944061647476,23.528111757663787,15.63396718678769,28.98406370489753,155.10000000000002,7246.015926224382,7090.915926224382
142,0.49275591500460486,142.0,0.5859255507375557,61.912,29.59293187578734,23.528111757663787,15.66378110805406,28.991179114902867,156.20000000000002,7247.794778725716,7091.594778725716
143,0.49275591500460486,143.0,0.5859255507375557,62.348,29.59292111546228,23.528111757663787,15.693397052088411,28.99849145198943,157.3,7249.6228629973575,7092.322862997357
144,0.49275591500460486,144.0,0.5859255507375557,62.784,29.592911783845935,23.528111757663787,15.722803639095641,29.006002204918875,158.4,7251.500551229718,7093.100551229719
145,0.49275591500460486,145.0,0.5859255507375557,63.22,29.592903883693367,23.528111757663787,15.75198981671939,29.013712813017925,159.5,7253.428203254482,7093.928203254482
146,0.49275591500460486,146.0,0.5859255507375557,63.656,29.592897417339046,23.528111757663787,15.780944871462207,29.0216246649169,160.60000000000002,7255.406166229225,7094.806166229225
147,0.49275591500460486,147.0,0.5859255507375557,64.092,29.592892386695155,23.528111757663787,15.809658439264407,29.029739097319077,161.70000000000002,7257.434774329769,7095.73477432977
148,0.49275591500460486,148.0,0.5859255507375557,64.528,29.592888793250175,23.528111757663787,15.838120515228947,29.03805739380143,162.8,7259.514348450358,7096.714348450358
149,0.49275591500460486,149.0,0.5859255507375557,64.964,29.592886638067817,23.528111757663787,15.86632146248325,29.046580783647325,163.9,7261.645195911831,7097.745195911832
150,0.49275591500460486,150.0,0.5859255507375557,65.4,29.592885921786227,23.528111757663787,15.894252020172548,29.05531044071241,165.0,7263.827610178103,7098.827610178103
151,0.49275591500460486,151.0,0.5859255507375557,65.836,29.592886644617526,23.528111757663787,15.921903310582493,29.06424748232461,166.10000000000002,7266.061870581153,7099.961870581153
152,0.49275591500460486,152.0,0.5859255507375557,66.272,29.592888806347652,23.528111757663787,15.94926684539227,29.073392968217192,167.20000000000002,7268.348242054298,7101.148242054298
153,0.49275591500460486,153.0,0.5859255507375557,66.708,29.592892406336524,23.528111757663787,15.976334531062456,29.08274789949862,168.3,7270.686974874655,7102.386974874655
154,0.49275591500460486,154.0,0.5859255507375557,67.144,29.592897443518495,23.528111757663787,16.00309867336511,29.092313217657114,169.4,7273.078304414279,7103.678304414279
155,0.49275591500460486,155.0,0.5859255507375557,67.58,29.59290391640315,23.528111757663787,16.029551981066504,29.102089803601466,170.5,7275.5224509003665,7105.0224509003665
156,0.49275591500460486,156.0,0.5859255507375557,68.016,29.59291182307638,23.528111757663787,16.055687568775625,29.112078476739562,171.60000000000002,7278.019619184891,7106.4196191848905
157,0.49275591500460486,157.0,0.5859255507375557,68.452,29.592921161201804,23.528111757663787,16.081498958974258,29.12227999409384,172.70000000000002,7280.5699985234605,7107.869998523461
158,0.49275591500460486,158.0,0.5859255507375557,68.888,29.592931928022445,23.528111757663787,16.106980083247095,29.13269504945493,173.8,7283.173762363733,7109.373762363733
159,0.49275591500460486,159.0,0.5859255507375557,69.324,29.592944120362763,23.528111757663787,16.132125282732346,29.14332427257383,174.9,7285.831068143458,7110.931068143458
160,0.49275591500460486,160.0,0.5859255507375557,69.76,29.592957734630964,23.528111757663787,16.15692930781566,29.15416822839332,176.0,7288.542057098331,7112.542057098331
161,0.49275591500460486,161.0,0.5859255507375557,70.196,29.592972766821603,23.528111757663787,16.18138731709204,29.16522741631853,177.10000000000002,7291.306854079632,7114.206854079632
162,0.49275591500460486,162.0,0.5859255507375557,70.632,29.5929892125185,23.528111757663787,16.205494875622275,29.176502269527695,178.20000000000002,7294.125567381924,7115.925567381924
163,0.49275591500460486,163.0,0.5859255507375557,71.068,29.593007066897936,23.528111757663787,16.22924795251168,29.18799315432272,179.3,7296.998288580679,7117.698288580679
164,0.49275591500460486,164.0,0.5859255507375557,71.504,29.593026324732133,23.528111757663787,16.25264291784074,29.199700369520855,180.4,7299.925092380214,7119.525092380214
165,0.49275591500460486,165.0,0.5859255507375557,71.94,29.593046980393027,23.528111757663787,16.275676538978015,29.211624145886972,181.50000000000003,7302.906036471743,7121.406036471743
166,0.49275591500460486,166.0,0.5859255507375557,72.376,29.593069027856313,23.528111757663787,16.29834597630701,29.22376464560694,182.60000000000002,7305.941161401735,7123.341161401735
167,0.49275591500460486,167.0,0.5859255507375557,72.812,29.59309246070576,23.528111757663787,16.320648778399185,29.236121961802912,183.70000000000002,7309.030490450728,7125.330490450729
168,0.49275591500460486,168.0,0.5859255507375557,73.248,29.593117272137796,23.528111757663787,16.34258287666612,29.24869611808979,184.8,7312.174029522447,7127.374029522447
169,0.49275591500460486,169.0,0.5859255507375557,73.684,29.593143454966352,23.528111757663787,16.36414657952427,29.261487068173622,185.9,7315.371767043405,7129.471767043406
170,0.49275591500460486,170.0,0.5859255507375557,74.12,29.593171001627965,23.528111757663787,16.38533856610586,29.27449469549246,187.00000000000003,7318.623673873115,7131.623673873115
171,0.49275591500460486,171.0,0.5859255507375557,74.556,29.59319990418711,23.528111757663787,16.406157879549866,29.287718812898607,188.10000000000002,7321.929703224651,7133.829703224651
172,0.49275591500460486,172.0,0.5859255507375557,74.992,29.593230154341796,23.528111757663787,16.426603919906633,29.301159162383783,189.20000000000002,7325.289790595945,7136.0897905959455
173,0.49275591500460486,173.0,0.5859255507375557,75.428,29.593261743429398,23.528111757663787,16.44667643668976,29.314815414846088,190.3,7328.703853711522,7138.403853711522
174,0.49275591500460486,174.0,0.5859255507375557,75.864,29.593294662432676,23.528111757663787,16.466375521108468,29.32868716989965,191.4,7332.171792474912,7140.771792474912
175,0.49275591500460486,175.0,0.5859255507375557,76.3,29.593328901986055,23.781418584783353,16.48570159801318,29.34277395572616,192.50000000000003,7335.69348893154,7143.19348893154
176,0.49275591500460486,176.0,0.5859255507375557,76.736,29.593364452382104,23.781418584783353,16.504655417586385,29.357075228969112,193.60000000000002,7339.268807242278,7145.668807242278
177,0.49275591500460486,177.0,0.5859255507375557,77.172,29.593401303578194,23.781418584783353,16.523238046810402,29.37159037467024,194.70000000000002,7342.897593667561,7148.197593667561
178,0.49275591500460486,178.0,0.5859255507375557,77.608,29.59343944520338,23.781418584783353,16.541450860742625,29.386318706247536,195.8,7346.579676561884,7150.779676561884
179,0.49275591500460486,179.0,0.5859255507375557,78.044,29.593478866565462,23.781418584783353,16.559295533628077,29.401259465515988,196.9,7350.314866378997,7153.414866378997
180,0.49275591500460486,180.0,0.5859255507375557,78.48,29.5935195566582,23.781418584783353,16.57677402987808,29.416411822749716,198.00000000000003,7354.102955687429,7156.102955687429
181,0.49275591500460486,181.0,0.5859255507375557,78.916,29.593561504168733,23.781418584783353,16.59388859494283,29.431774876785873,199.10000000000002,7357.943719196468,7158.843719196468
182,0.49275591500460486,182.0,0.5859255507375557,79.352,29.59360469748512,23.781418584783353,16.610641746104637,29.44734765517011,200.20000000000002,7361.836913792527,7161.636913792528
183,0.49275591500460486,183.0,0.5859255507375557,79.788,29.59364912470406,23.781418584783353,16.62703626321725,29.463129114343047,201.3,7365.782278585762,7164.482278585761
184,0.49275591500460486,184.0,0.5859255507375557,80.224,29.593694773638745,23.781418584783353,16.643075179415817,29.479118139867836,202.4,7369.779534966959,7167.379534966959
185,0.49275591500460486,185.0,0.5859255507375557,80.66,29.59374163182682,23.781418584783353,16.658761771820327,29.49531354669846,203.50000000000003,7373.828386674614,7170.328386674614
186,0.49275591500460486,186.0,0.5859255507375557,81.096,29.593789686538507,23.781418584783353,16.674099552254706,29.511714079487867,204.60000000000002,7377.928519871966,7173.328519871966
187,0.49275591500460486,187.0,0.5859255507375557,81.532,29.59383892478481,23.781418584783353,16.689092258001907,29.5283184129368,205.70000000000002,7382.0796032342005,7176.379603234201
188,0.49275591500460486,188.0,0.5859255507375557,81.968,29.59388933332584,23.781418584783353,16.70374384261448,29.545125152181587,206.8,7386.281288045397,7179.4812880453965
189,0.49275591500460486,189.0,0.5859255507375557,82.404,29.59394089867923,23.781418584783353,16.718058466798503,29.562132833221476,207.9,7390.533208305369,7182.633208305369
190,0.49275591500460486,190.0,0.5859255507375557,82.84,29.59399360712861,23.781418584783353,16.732040489387753,29.579339923384182,209.00000000000003,7394.834980846045,7185.834980846045
191,0.49275591500460486,191.0,0.5859255507375557,83.276,29.59404744473221,23.781418584783353,16.745694458423454,29.596744821830697,210.10000000000002,7399.186205457674,7189.086205457674
192,0.49275591500460486,192.0,0.5859255507375557,83.712,29.59410239733149,23.781418584783353,16.759025102353803,29.614345860096883,211.20000000000002,7403.586465024221,7192.386465024221
193,0.49275591500460486,193.0,0.5859255507375557,84.148,29.594158450559817,23.781418584783353,16.77203732136632,29.63214130267295,212.3,7408.035325668237,7195.735325668237
194,0.49275591500460486,194.0,0.5859255507375557,84.584,29.59421558985123,23.781418584783353,16.784736178864637,29.650129347619483,213.4,7412.532336904871,7199.132336904871
195,0.49275591500460486,195.0,0.5859255507375557,85.02,29.594273800449212,23.781418584783353,16.79712689310034,29.66830812721974,214.50000000000003,7417.077031804934,7202.577031804934
196,0.49275591500460486,196.0,0.5859255507375557,85.456,29.594333067415505,23.781418584783353,16.809214828969157,29.686675708667575,215.60000000000002,7421.668927166894,7206.068927166893
197,0.49275591500460486,197.0,0.5859255507375557,85.892,29.594393375638926,23.781418584783353,16.821005489979864,29.705230094790455,216.70000000000002,7426.307523697614,7209.607523697614
198,0.49275591500460486,198.0,0.5859255507375557,86.328,29.594454709844225,23.781418584783353,16.83250451040296,29.723969224806794,217.8,7430.992306201699,7213.192306201699
199,0.49275591500460486,199.0,0.5859255507375557,86.764,29.59451705460092,23.781418584783353,16.84371764760528,29.742890975117188,218.9,7435.722743779297,7216.8227437792975
200,0.49275591500460486,200.0,0.5859255507375557,87.2,29.59458039433214,23.781418584783353,16.854650774575713,29.76199316012861,220.00000000000003,7440.498290032153,7220.498290032153
201,0.49275591500460486,201.0,0.5859255507375557,87.636,29.594644713323447,23.781418584783353,16.865309872646122,29.781273533111317,221.10000000000002,7445.3183832778295,7224.218383277829
202,0.49275591500460486,202.0,0.5859255507375557,88.072,29.59470999573163,23.781418584783353,16.875701024410798,29.800729787087118,222.20000000000002,7450.18244677178,7227.98244677178
203,0.49275591500460486,203.0,0.5859255507375557,88.508,29.594776225593495,23.781418584783353,16.8858304068467,29.82035955574914,223.3,7455.089888937285,7231.789888937285
204,0.49275591500460486,204.0,0.5859255507375557,88.944,29.59484338683457,23.781418584783353,16.895704284636306,29.84016041441164,224.4,7460.04010360291,7235.64010360291
205,0.49275591500460486,205.0,0.5859255507375557,89.38,29.594911463277814,23.781418584783353,16.90532900369357,29.860129880989223,225.50000000000003,7465.032470247306,7239.532470247306
206,0.49275591500460486,206.0,0.5859255507375557,89.816,29.594980438652236,23.781418584783353,16.914710984893457,29.88026541700503,226.60000000000002,7470.0663542512575,7243.466354251257
207,0.49275591500460486,207.0,0.5859255507375557,90.252,29.595050296601478,23.781418584783353,16.923856718004135,29.90056442862734,227.70000000000002,7475.1411071568355,7247.441107156836
208,0.49275591500460486,208.0,0.5859255507375557,90.688,29.595121020692293,23.885391694457265,16.93277275582085,29.921024267732488,228.8,7480.256066933122,7251.456066933122
209,0.49275591500460486,209.0,0.5859255507375557,91.124,29.595192594423,23.885391694457265,16.941465708499607,29.94164223299514,229.9,7485.410558248785,7255.510558248785
210,0.49275591500460486,210.0,0.5859255507375557,91.56,29.595265001231816,23.885391694457265,16.949942238088457,29.96241557100345,231.00000000000003,7490.6038927508625,7259.6038927508625
211,0.49275591500460486,211.0,0.5859255507375557,91.996,29.595338224505113,23.885391694457265,16.95820905325356,29.9833414773994,232.10000000000002,7495.83536934985,7263.73536934985
212,0.49275591500460486,212.0,0.5859255507375557,92.432,29.595412247585585,23.885391694457265,16.966272904196813,30.004417098043163,233.20000000000002,7501.104274510791,7267.904274510791
213,0.49275591500460486,213.0,0.5859255507375557,92.868,29.595487053780317,23.885391694457265,16.974140577761414,30.02563953019998,234.3,7506.409882549995,7272.109882549995
214,0.49275591500460486,214.0,0.5859255507375557,93.304,29.59556262636872,23.885391694457265,16.981818892721538,30.047005823749906,235.4,7511.751455937477,7276.351455937477
215,0.49275591500460486,215.0,0.5859255507375557,93.74,29.595638948610407,23.885391694457265,16.989314695251714,30.06851298241851,236.50000000000003,7517.128245604627,7280.628245604627
216,0.49275591500460486,216.0,0.5859255507375557,94.176,29.595716003752905,23.885391694457265,16.996634854571457,30.090157965028013,237.60000000000002,7522.539491257003,7284.939491257002
217,0.49275591500460486,217.0,0.5859255507375557,94.612,29.595793775039265,23.885391694457265,17.00378625876033,30.11193768676839,238.70000000000002,7527.984421692097,7289.284421692098
218,0.49275591500460486,218.0,0.5859255507375557,95.048,29.595872245715547,23.885391694457265,17.010775810738632,30.1338490204869,239.8,7533.462255121724,7293.662255121724
219,0.49275591500460486,219.0,0.5859255507375557,95.484,29.59595139903818,23.885391694457265,17.01761042440833,30.155888797995164,240.9,7538.972199498791,7298.072199498792
220,0.49275591500460486,220.0,0.5859255507375557,95.92,29.596031218281162,23.885391694457265,17.024297020949252,30.178053811393646,242.00000000000003,7544.513452848411,7302.513452848411
221,0.49275591500460486,221.0,0.5859255507375557,96.356,29.847002784325298,23.885391694457265,17.030842525265072,30.20034081441159,243.10000000000002,7550.085203602897,7306.985203602897
222,0.49275591500460486,222.0,0.5859255507375557,96.792,29.91631551419086,23.885391694457265,17.0372538625736,30.222746523762652,244.20000000000002,7555.686630940663,7311.486630940663
223,0.49275591500460486,223.0,0.5859255507375557,97.228,29.77422828615971,23.885391694457265,17.043537955136124,30.245267620514085,245.3,7561.316905128521,7316.016905128521
224,0.49275591500460486,224.0,0.5859255507375557,97.664,29.773956043969587,23.885391694457265,17.04970171912016,30.26790075146913,246.40000000000003,7566.975187867283,7320.575187867284
225,0.49275591500460486,225.0,0.5859255507375557,98.1,29.773685516945203,23.885391694457265,17.055752061590212,30.290642530562593,247.50000000000003,7572.660632640648,7325.160632640648
226,0.49275591500460486,226.0,0.5859255507375557,98.536,29.773416719687283,23.885391694457265,17.061695877621137,30.313489540266605,248.60000000000002,7578.372385066651,7329.772385066651
227,0.49275591500460486,227.0,0.5859255507375557,98.972,29.773149666488997,23.885391694457265,17.06754004752874,30.336438333007756,249.70000000000002,7584.109583251939,7334.409583251939
228,0.49275591500460486,228.0,0.5859255507375557,99.408,29.772884371333824,23.885391694457265,17.07329143421223,30.35948543259344,250.8,7589.871358148361,7339.071358148361
229,0.49275591500460486,229.0,0.5859255507375557,99.844,29.77262084789346,23.885391694457265,17.078956880603446,30.382627335646692,251.90000000000003,7595.656833911673,7343.756833911673
230,0.49275591500460486,230.0,0.5859255507375557,100.28,29.772359109525855,23.885391694457265,17.084543207217653,30.40586051304915,253.00000000000003,7601.465128262287,7348.465128262287
231,0.49275591500460486,231.0,0.5859255507375557,100.716,29.772099169273304,23.885391694457265,17.090057209800953,30.429181411390367,254.10000000000002,7607.295352847592,7353.1953528475915
232,0.49275591500460486,232.0,0.5859255507375557,101.152,29.77184103986064,23.885391694457265,17.09550565706949,30.45258645442324,255.20000000000002,7613.14661360581,7357.94661360581
233,0.49275591500460486,233.0,0.5859255507375557,101.588,29.771584733693498,23.885391694457265,17.100895288535668,30.476072044524788,256.3,7619.0180111311965,7362.718011131196
234,0.49275591500460486,234.0,0.5859255507375557,102.024,29.771330262856704,23.885391694457265,17.10623281241691,30.499634564160214,257.40000000000003,7624.908641040053,7367.508641040054
235,0.49275591500460486,235.0,0.5859255507375557,102.46,29.77107763911271,23.885391694457265,17.111524903622573,30.523270377350613,258.5,7630.817594337654,7372.317594337654
236,0.49275591500460486,236.0,0.5859255507375557,102.896,29.770826873900184,23.885391694457265,17.116778201814736,30.546975831143197,259.6,7636.7439577857995,7377.143957785799
237,0.49275591500460486,237.0,0.5859255507375557,103.332,29.770577978332614,23.885391694457265,17.12199930953885,30.57074725708246,260.70000000000005,7642.686814270614,7381.986814270615
238,0.49275591500460486,238.0,0.5859255507375557,103.768,29.770330963197118,23.885391694457265,17.127194790420464,30.594580972682294,261.8,7648.645243170574,7386.845243170574
239,0.49275591500460486,239.0,0.5859255507375557,104.204,29.770085838953253,23.885391694457265,17.132371167424246,30.618473282897366,262.90000000000003,7654.618320724341,7391.7183207243415
240,0.49275591500460486,240.0,0.5859255507375557,104.64,29.769842615731996,23.885391694457265,17.13753492117192,30.642420481593657,264.0,7660.605120398414,7396.605120398414
241,0.49275591500460486,241.0,0.5859255507375557,105.076,29.769601303334802,23.885391694457265,17.14269248831581,30.666418853016662,265.1,7666.604713254165,7401.504713254165
242,0.49275591500460486,242.0,0.5859255507375557,105.512,29.769361911232764,23.885391694457265,17.14785025996485,30.690464673257104,266.20000000000005,7672.616168314276,7406.416168314277
243,0.49275591500460486,243.0,0.5859255507375557,105.948,29.769124448565893,23.885391694457265,17.153014580160278,30.7145542117122,267.3,7678.638552928051,7411.33855292805
244,0.49275591500460486,244.0,0.5859255507375557,106.384,29.768888924142505,23.885391694457265,17.158191744398074,30.738683732543294,268.40000000000003,7684.670933135823,7416.270933135824
245,0.49275591500460486,245.0,0.5859255507375557,106.82,29.768655346438702,23.885391694457265,17.16338799819603,30.762849496127288,269.5,7690.712374031822,7421.212374031822
246,0.49275591500460486,246.0,0.5859255507375557,107.256,29.768423723597998,23.885391694457265,17.16860953570265,30.787047760502524,270.6,7696.761940125631,7426.16194012563
247,0.49275591500460486,247.0,0.5859255507375557,107.692,29.768194063431018,23.885391694457265,17.173862498346182,30.81127478280735,271.70000000000005,7702.818695701837,7431.118695701837
248,0.49275591500460486,248.0,0.5859255507375557,108.128,29.767966373415327,23.885391694457265,17.179152973521465,30.83552682071102,272.8,7708.881705177755,7436.081705177755
249,0.49275591500460486,249.0,0.5859255507375557,108.564,29.767740660695395,23.885391694457265,17.184486993313097,30.859800133836206,273.90000000000003,7714.950033459051,7441.0500334590515
250,0.49275591500460486,250.0,0.5859255507375557,109.0,29.76751693208263,23.885391694457265,17.1898705332531,30.884090985172264,275.0,7721.022746293066,7446.022746293066
